PlayerID,Team,OriginClub,ClubID,Age,fname,lname,homeState,condition,age_day,age_month,age_year,height,weight,manMarking,verticalLeap,tenacity,skill,agility,courage,aggression,xFactor,strengthGroundLevel,strengthOverhead,strengthManOnMan,acceleration,speed,endurance,confidence,readPlay,consistancy,positioning,copeWithPressure,potentialTall,potentialMid,kickMaxDistance,diciplineMatch,disciplineTraining,disiciplineOffFirned,umpireLikes,umpireNotice,goHomeTend,injuryTend,loyaltyTend,clangerTend,leadership,imp_markLead,imp_markContested,imp_spoilContested,imp_spoilLead,imp_evasion,imp_catchPlayer,imp_tackle,imp_ruck,imp_goalSet,imp_goalRun,imp_hardBallGets,imp_handsInClose,imp_clearance,imp_getToContest,imp_footSkills,deg_markLead,deg_markContested,deg_spoilContested,deg_spoilLead,deg_evasion,deg_catchPlayer,deg_tackle,deg_ruck,deg_goalSet,deg_goalRun,deg_hardBallGets,deg_handsInClose,deg_clearance,deg_getToContest,deg_footSkills,totalValue,jumperNumber,signed_day,signed_month,signed_year,expired_day,expired_month,expired_year,draft_pick,draft_year,draft_draftType,archetype,archetype_reason,OVR,POT,stat_GM,stat_DI,stat_KI,stat_HB,stat_MK,stat_TK,stat_CL,stat_GL,stat_HO,stat_CM,stat_CP,stat_UP,stat_1pct,sc_trend_z,sc_trend_years,ovrOverride,potOverride,realStatus,realStatusYear,realStatusReason,realStatusSource
1001,Adelaide,Adelaide,1,29,Jordan,Dawson,VIC,80,9,4,1997,188,86,77,71,94,76,86,89,90,91,84,77,82,81,81,78,85,94,79,98,78,73,93,95,72,71,91,63,71,72,29,57,77,62,25,33,20,24,47,26,44,27,38,55,31,41,57,45,33,10,12,10,3,4,7,14,2,10,6,3,10,4,10,7,1697000,12,10,8,2025,11,1,2030,56,2015,National Draft,Hybrid Mid Forward,Strong in both midfield (mid_c=6.29) and forward (fwd_c=2.54) signals,102,103,20,526,346,180,104,113,87,22,0,13,188,312,24,-0.09,"2021,2022,2023,2024,2025,2026",0,0,,,,
1002,Adelaide,Adelaide,1,32,Rory,Laird,VIC,79,29,12,1993,182,83,74,64,77,81,76,74,72,72,83,74,72,72,72,77,66,79,75,73,75,82,96,76,78,90,76,62,46,51,11,60,50,61,22,19,30,19,61,44,25,18,23,24,18,37,30,43,60,7,2,1,12,15,9,8,13,3,7,13,8,11,13,11,768000,29,24,5,2025,7,6,2031,5,2011,Rookie Draft,Outside Mid,"midfield profile: Outside Mid:6.91, Inside Mid:4.85",74,75,18,423,233,190,120,42,18,1,0,3,101,295,26,-1.01,"2021,2022,2023,2024,2025,2026",0,0,,,,
1003,Adelaide,Adelaide,1,25,Josh,Worrell,VIC,72,11,4,2001,192,90,79,66,65,77,69,67,66,62,69,79,75,75,75,74,61,66,78,91,68,77,96,71,65,52,74,53,44,71,1,58,46,55,26,62,77,24,38,55,25,29,27,35,36,25,33,25,43,3,10,5,11,1,7,9,8,10,11,5,5,5,6,10,653000,24,17,10,2026,3,12,2031,28,2019,National Draft,Intercept Defender,"defensive profile: Intercept Defender:11.82, Half Back Flanker:10.88, Key Defender:5.77, Back Pocket:0.67",72,73,22,466,301,165,120,38,12,0,0,6,135,258,85,2.321,"2021,2022,2023,2024,2025,2026",0,0,,,,
1004,Adelaide,Adelaide,1,23,Jake,Soligo,WA,77,25,1,2003,189,91,62,65,87,71,75,85,83,78,85,62,75,71,71,75,72,81,75,71,77,80,100,78,65,69,79,59,65,71,25,43,60,56,29,26,29,30,34,44,60,29,28,35,74,71,71,69,54,5,11,8,5,8,3,8,6,10,4,7,10,9,4,2,1032000,14,28,5,2023,21,10,2025,36,2021,National Draft,Inside Mid,"midfield profile: Inside Mid:12.33, Outside Mid:2.71",77,84,20,329,180,149,55,82,40,9,0,2,139,177,9,0.86,"2022,2023,2024,2025,2026",0,0,,,,
1005,Adelaide,Adelaide,1,26,Izak,Rankine,SA,94,23,4,2000,195,91,68,67,88,74,83,84,82,82,86,68,74,80,80,77,82,88,79,91,77,66,85,88,75,86,78,63,60,38,15,53,70,69,35,26,24,26,32,23,47,20,41,53,23,38,43,51,32,2,11,12,7,4,5,2,2,10,6,4,10,12,12,11,1220000,23,2,3,2026,9,10,2032,3,2018,National Draft,Hybrid Mid Forward,Strong in both midfield (mid_c=5.05) and forward (fwd_c=3.00) signals,87,90,20,479,291,188,82,83,102,23,0,3,220,264,31,1.61,"2021,2022,2023,2024,2025,2026",0,0,,,,
1006,Adelaide,Adelaide,1,25,James,Peatling,SA,93,21,8,2000,181,81,62,65,89,74,74,82,78,77,85,62,76,71,71,75,70,81,77,71,80,75,86,78,75,68,36,74,53,32,27,52,49,63,29,27,24,18,35,29,46,29,24,27,46,42,45,49,32,4,2,8,3,10,12,11,10,3,13,3,3,3,12,10,830000,25,1,12,2023,1,1,2029,8,2020,Mid-Season Draft,Inside Mid,"midfield profile: Inside Mid:11.37, Outside Mid:0.42",78,80,21,412,240,172,57,94,86,4,0,3,188,221,14,1.094,"2021,2022,2023,2024,2025,2026",0,0,,,,
1007,Adelaide,Adelaide,1,28,Wayne,Milera,SA,79,14,9,1997,183,83,74,65,68,81,76,68,69,69,70,74,69,79,79,75,66,75,74,82,70,76,93,80,68,70,89,51,45,44,47,57,52,51,32,25,33,31,48,48,32,28,27,22,32,32,34,36,53,8,3,12,4,4,4,14,14,12,4,1,3,6,13,7,599000,30,9,6,2023,16,4,2026,11,2015,National Draft,Half Back Flanker,"defensive profile: Half Back Flanker:6.86, Intercept Defender:4.91, Key Defender:1.57, Back Pocket:-0.44",75,77,18,455,297,158,106,46,22,2,0,8,110,277,29,0.451,"2022,2023,2024,2025,2026",0,0,,,,
1008,Adelaide,Adelaide,1,29,Ben,Keays,TAS,91,23,2,1997,187,88,65,69,79,70,72,77,76,82,75,65,70,69,69,74,83,77,82,79,73,74,97,77,81,67,72,60,48,63,25,59,51,51,20,17,25,23,31,17,31,26,32,34,27,34,42,35,27,5,5,15,8,16,8,5,16,17,16,2,14,8,12,16,681000,2,4,4,2025,26,6,2030,24,2015,National Draft,Hybrid Mid Forward,Strong in both forward (fwd_c=3.08) and midfield (mid_c=1.66) signals,76,77,23,339,191,148,66,68,18,30,0,5,127,194,19,-1.261,"2021,2022,2023,2024,2025,2026",0,0,,,,
1009,Adelaide,Adelaide,1,30,Alex,Neal-Bullen,QLD,88,9,1,1996,191,86,65,66,81,72,75,77,76,79,79,65,75,71,71,74,76,80,81,81,77,80,106,78,78,81,55,56,56,83,4,52,50,50,26,34,34,22,47,31,60,27,41,64,28,47,65,58,25,4,15,7,3,3,9,14,9,6,15,2,10,9,4,10,599000,28,24,9,2023,9,11,2029,40,2014,National Draft,Hybrid Mid Forward,Strong in both midfield (mid_c=1.78) and forward (fwd_c=0.66) signals,75,77,21,354,199,155,81,74,21,12,0,3,134,219,21,0.013,"2021,2022,2023,2024,2025,2026",0,0,,,,
1010,Adelaide,Adelaide,1,28,Mitch,Hinge,NT,88,26,6,1998,192,93,64,66,62,73,63,61,58,62,63,64,66,67,67,63,62,61,58,73,71,79,102,64,47,75,77,58,48,62,36,59,15,52,21,44,45,48,32,51,35,34,22,28,28,30,28,35,26,4,12,4,12,14,8,3,10,9,6,5,9,11,8,10,524000,20,13,10,2026,2,4,2028,44,2025,Rookie Draft,Medium Defender,"defensive profile: Intercept Defender:4.96, Half Back Flanker:4.95, Key Defender:2.54, Back Pocket:1.16 -> fallback Medium Defender (no standout)",55,57,1,10,6,4,1,1,1,0,0,0,4,4,1,0.181,"2022,2023,2024,2025,2026",0,0,,,,
1011,Adelaide,Adelaide,1,26,Mark,Keane,SA,79,17,3,2000,196,93,81,68,63,73,65,67,69,62,64,81,77,71,71,70,61,63,70,91,66,79,93,68,42,79,76,51,57,66,15,54,57,58,27,51,59,24,27,40,23,20,31,31,25,27,34,32,47,11,10,7,2,8,11,8,2,9,9,3,1,9,11,11,548000,48,18,1,2026,25,2,2031,52,2023,National Draft,Intercept Defender,"defensive profile: Intercept Defender:12.75, Key Defender:10.18, Half Back Flanker:7.23, Back Pocket:4.48",69,70,9,141,107,34,41,9,0,0,0,10,42,69,52,0.759,"2021,2023,2024,2025,2026",0,0,,,,
1012,Adelaide,Adelaide,1,27,Isaac,Cumming,NT,90,11,8,1998,185,84,72,66,68,70,69,68,69,68,66,72,73,70,70,69,66,67,70,76,70,70,91,69,68,64,82,51,43,60,31,44,48,60,27,30,39,31,16,31,20,25,21,25,18,20,17,25,25,10,5,8,3,7,5,9,14,15,7,16,14,10,6,10,477000,44,25,11,2023,12,6,2026,20,2016,National Draft,Medium Defender,"defensive profile: Half Back Flanker:1.54, Intercept Defender:1.05, Key Defender:0.02, Back Pocket:-0.08 -> fallback Medium Defender (no standout)",65,67,16,224,141,83,63,44,14,8,0,4,69,158,38,-1.272,"2021,2022,2023,2024,2025,2026",0,0,,,,
1013,Adelaide,Adelaide,1,24,Riley,Thilthorpe,TAS,95,7,7,2002,200,96,91,91,70,65,64,71,70,70,69,91,67,64,64,72,76,67,73,70,70,92,60,72,63,66,72,65,46,76,34,47,48,55,25,67,40,25,36,35,25,72,55,24,27,27,31,35,28,13,7,11,5,8,3,2,4,3,7,7,11,7,2,2,1259000,7,4,12,2024,5,8,2030,2,2020,National Draft,Hybrid Key Forward Ruck,"Ruck minutes (6.6 HO/g) plus forward output (CM/g=1.92, GL/g=2.40)",83,89,20,260,171,89,111,34,23,34,59,44,131,131,30,1.289,"2021,2022,2023,2024,2025,2026",0,0,,,,
1014,Adelaide,Adelaide,1,21,Daniel,Curtin,VIC,99,8,3,2005,192,91,79,78,65,66,64,66,66,69,62,79,66,63,63,67,78,63,73,66,67,94,60,69,73,56,76,59,46,68,26,53,57,52,51,62,36,38,30,42,22,37,56,31,27,31,36,21,35,6,7,8,10,6,6,2,10,7,8,8,8,9,6,5,709000,6,8,11,2023,17,5,2026,30,2022,National Draft,Key Forward,"forward profile: Key Forward:2.83, Pressure Forward:0.46, Small Forward:-2.11",65,68,16,248,161,87,64,59,31,3,1,9,108,141,33,2.433,"2024,2025,2026",0,0,,,,
1015,Adelaide,Adelaide,1,30,Reilly,O'Brien,SA,73,20,8,1995,200,97,73,104,77,59,61,81,83,70,71,73,79,64,64,84,66,62,57,66,71,103,65,66,99,59,82,59,69,42,1,49,60,66,26,38,36,28,26,26,20,63,19,28,21,25,27,30,25,4,6,13,13,15,9,14,6,14,7,5,4,2,7,13,681000,43,18,9,2024,8,9,2028,9,2014,Rookie Draft,Ruck,Dominant hitouts (38.9/game),81,82,2,14,7,7,6,6,3,0,50,2,8,5,6,-0.453,"2021,2022,2023,2024,2025,2026",0,0,,,,
1016,Adelaide,Adelaide,1,36,Taylor,Walker,WA,95,25,4,1990,193,90,79,79,64,66,64,66,66,69,61,79,65,63,63,66,78,63,73,66,67,94,61,69,71,97,85,47,49,55,2,65,48,53,38,48,25,16,25,31,16,20,37,16,15,22,23,17,15,7,14,14,13,3,15,3,14,8,9,15,11,1,11,1,768000,13,15,10,2024,22,8,2026,75,2007,National Draft,Key Forward,"forward profile: Key Forward:12.66, Small Forward:2.32, Pressure Forward:-5.97",65,65,16,173,126,47,76,19,1,32,0,17,72,110,30,-1.245,"2021,2022,2023,2024,2025,2026",0,0,,,,
1017,Adelaide,Adelaide,1,22,Max,Michalanney,NSW,75,26,2,2004,188,85,74,66,66,71,66,67,67,66,64,74,73,69,69,70,63,64,75,78,69,79,94,66,73,59,65,55,43,65,17,48,42,51,34,43,45,48,23,45,28,30,34,26,30,31,23,30,26,5,11,10,9,13,7,3,12,12,4,10,11,13,8,2,411000,16,3,4,2026,16,2,2031,17,2022,National Draft,Medium Defender,"defensive profile: Intercept Defender:1.93, Key Defender:1.70, Half Back Flanker:1.66, Back Pocket:0.10 -> fallback Medium Defender (no standout)",66,72,23,322,190,132,112,61,11,0,0,7,82,243,52,0.277,"2023,2024,2025,2026",0,0,,,,
1018,Adelaide,Adelaide,1,24,Sam,Berry,TAS,88,12,2,2002,187,88,62,64,97,74,76,91,87,81,91,62,83,72,72,76,69,84,77,72,86,71,93,79,76,92,78,54,54,66,38,61,61,54,31,28,24,20,25,29,44,20,28,27,43,44,42,56,42,2,13,9,10,14,4,3,7,3,10,4,6,7,6,6,653000,3,18,8,2024,11,9,2030,28,2020,National Draft,Inside Mid,"midfield profile: Inside Mid:8.07, Outside Mid:-1.34",85,89,22,491,245,246,58,160,123,2,1,4,257,254,21,0.582,"2021,2022,2023,2024,2025,2026",0,0,,,,
1019,Adelaide,Adelaide,1,26,Darcy,Fogarty,VIC,85,25,9,1999,198,94,84,81,65,65,65,68,68,71,63,84,64,63,63,65,81,65,70,68,66,84,58,71,81,86,68,53,43,45,4,54,58,57,44,42,25,21,29,34,27,23,41,23,27,29,25,28,24,15,9,10,13,6,2,5,11,9,12,1,12,10,14,2,574000,32,12,12,2026,23,1,2028,12,2017,National Draft,Key Forward,"forward profile: Key Forward:10.71, Small Forward:3.63, Pressure Forward:-5.63",70,72,14,166,114,52,70,31,3,30,0,17,75,92,11,-0.028,"2021,2022,2023,2024,2025,2026",0,0,,,,
1020,Adelaide,Adelaide,1,23,Zac,Taylor,SA,77,31,1,2003,178,77,64,66,83,72,74,79,77,77,81,64,74,71,71,73,72,79,75,71,77,69,90,75,73,79,92,59,41,33,37,58,34,64,21,21,20,17,28,22,39,21,19,14,39,36,43,45,31,7,16,15,9,10,2,5,10,11,15,11,19,14,7,1,296000,19,13,5,2025,22,5,2027,44,2021,National Draft,Inside Mid,"midfield profile: Inside Mid:-1.63, Outside Mid:-5.10",74,78,21,253,131,122,64,55,13,13,0,4,87,172,20,-2.413,"2024,2025,2026",0,0,,,,
1021,Adelaide,Adelaide,1,23,Josh,Rachele,NSW,87,11,4,2003,176,74,63,68,70,67,70,71,73,73,67,63,66,68,68,69,79,71,75,75,68,49,91,72,68,78,77,53,43,51,34,52,70,53,29,24,34,22,54,33,49,33,39,51,26,47,29,30,27,6,4,7,13,11,10,7,12,10,8,7,5,4,13,11,390000,8,19,1,2025,13,5,2027,6,2021,National Draft,Small Forward,"forward profile: Small Forward:7.07, Key Forward:5.40, Pressure Forward:-3.01",64,69,23,370,249,121,72,56,37,38,0,2,150,198,17,0.697,"2022,2023,2024,2025,2026",0,0,,,,
1022,Adelaide,Adelaide,1,31,Matt,Crouch,TAS,88,21,4,1995,185,86,66,68,87,75,78,85,83,75,88,66,78,74,74,77,74,84,73,75,81,71,94,80,66,57,94,48,65,49,35,50,70,54,18,25,25,32,38,26,45,34,30,31,53,44,53,52,47,10,3,2,11,13,9,9,3,3,6,11,2,2,6,13,1032000,5,10,6,2023,11,4,2028,23,2013,National Draft,Inside Mid,"midfield profile: Inside Mid:17.96, Outside Mid:0.67",83,84,6,154,48,106,18,24,37,1,0,0,65,90,4,0.684,"2022,2023,2024,2025",0,0,Delisted,2026,delisted,draftguru.com.au 2024-2026 retirements/delistings (year/type sub-classification not preserved in this round's flat source list)
1023,Adelaide,Adelaide,1,34,Brodie,Smith,SA,79,14,1,1992,187,84,74,71,69,74,72,70,70,69,69,73,72,75,75,71,68,70,70,81,73,71,89,72,93,71,73,53,46,41,45,62,42,53,24,32,36,43,26,30,19,20,27,19,27,21,16,27,25,6,4,17,13,3,11,17,2,10,4,16,1,1,6,2,390000,33,14,1,2025,19,9,2027,14,2010,National Draft,Medium Defender,"defensive profile: Half Back Flanker:2.29, Intercept Defender:1.79, Key Defender:1.45, Back Pocket:0.50 -> fallback Medium Defender (no standout)",70,71,11,141,94,47,34,23,4,3,0,4,47,81,17,-0.972,"2021,2022,2023,2024,2025",0,0,Delisted,2026,delisted,draftguru.com.au 2024-2026 retirements/delistings (year/type sub-classification not preserved in this round's flat source list)
1024,Adelaide,Adelaide,1,25,Nick,Murray,SA,88,18,12,2000,184,83,75,68,63,71,66,67,67,64,63,75,80,72,72,67,63,64,66,89,68,69,94,66,67,62,73,51,41,42,1,58,42,63,20,28,40,44,24,39,18,22,27,18,22,17,19,23,20,16,11,3,12,9,16,7,12,9,5,10,14,14,9,6,332000,9,8,4,2025,18,12,2030,64,2023,National Draft,Medium Defender,"defensive profile: Intercept Defender:9.97, Key Defender:9.76, Back Pocket:6.55, Half Back Flanker:-0.23 -> fallback Medium Defender (no standout)",76,80,11,136,97,39,48,21,2,2,0,7,41,87,88,-0.322,"2021,2022,2023,2024,2025,2026",0,0,,,,
1025,Adelaide,Adelaide,1,23,Luke,Nankervis,QLD,88,25,5,2003,183,80,66,66,69,70,67,68,66,66,68,66,70,67,67,66,63,66,65,69,72,66,86,66,74,64,74,48,47,88,11,56,37,62,22,28,45,49,23,17,37,24,29,20,28,20,19,29,30,2,13,8,6,7,1,5,4,12,7,4,8,7,9,6,296000,27,22,9,2023,2,4,2029,2,2021,Pre-Season Draft,Back Pocket,"defensive profile: Back Pocket:0.16, Key Defender:-0.81, Intercept Defender:-2.17, Half Back Flanker:-2.61",58,61,16,240,132,108,50,43,9,4,0,7,81,157,24,-0.122,"2023,2024,2025,2026",0,0,,,,
1026,Adelaide,Adelaide,1,20,Sid,Draper,VIC,90,5,7,2006,175,76,62,67,66,66,64,68,68,68,66,62,67,65,65,64,67,62,61,63,69,49,97,62,90,67,75,44,50,59,57,49,45,50,27,21,29,24,50,26,64,31,26,40,49,42,24,52,33,14,5,11,14,8,4,4,13,9,11,13,8,6,8,2,202000,34,8,1,2023,25,12,2025,4,2024,National Draft,Pressure Forward,"forward profile: Pressure Forward:1.72, Small Forward:0.98, Key Forward:-2.31",54,60,10,72,35,37,8,24,8,3,0,1,28,44,4,,,0,0,Injured,2026,groin (season-ending),"footywire.com player biography, Thu 15 Jan 2026: Crows coaching director Murray Davis — 'Sid Draper remains on light training duties as he continues to rehab a groin issue'"
1027,Adelaide,Adelaide,1,26,Lachlan,Sholl,ACT,75,7,3,2000,183,85,72,66,67,79,79,67,68,68,69,72,68,81,81,75,68,74,72,78,69,75,92,79,69,89,99,49,36,46,11,57,38,60,22,22,17,27,36,26,21,24,21,21,23,19,17,27,39,7,9,13,13,9,11,9,10,5,6,3,15,8,6,14,332000,38,15,7,2023,17,2,2025,64,2018,National Draft,Half Back Flanker,"defensive profile: Half Back Flanker:0.13, Key Defender:-1.15, Intercept Defender:-1.44, Back Pocket:-1.48",72,75,5,70,42,28,22,4,6,1,0,0,16,52,4,-0.237,"2021,2022,2023,2024,2025,2026",0,0,Delisted,2026,delisted,"footywire.com player biography, Thu 17 Sep 2026: 'Adelaide delists Chayce Jones, Lachie Sholl and Tyler Welsh'"
1028,Adelaide,Adelaide,1,26,Jordon,Butts,VIC,84,31,12,1999,201,101,80,71,61,66,60,65,65,60,64,80,77,65,65,64,60,58,64,87,66,99,61,62,61,74,88,59,37,58,1,48,45,61,30,37,55,46,30,35,30,29,27,21,25,22,18,25,21,15,14,2,3,1,11,2,12,9,15,5,13,9,2,5,350000,41,1,2,2024,8,8,2027,56,2023,Academy,Key Defender,"defensive profile: Key Defender:9.82, Intercept Defender:6.10, Back Pocket:5.26, Half Back Flanker:-4.48",62,67,9,101,57,44,40,5,4,1,0,9,40,62,52,-0.551,"2021,2022,2023,2024,2025,2026",0,0,,,,
1029,Adelaide,Adelaide,1,24,Luke,Pedlar,SA,92,17,5,2002,177,78,64,68,66,66,68,65,66,70,64,64,65,66,66,65,73,66,66,70,69,54,103,66,57,76,80,62,53,56,41,42,45,54,23,24,35,33,70,39,59,23,52,66,29,54,34,35,36,4,14,12,2,11,7,5,12,6,7,11,9,14,3,11,262000,10,13,10,2023,8,6,2025,11,2020,National Draft,Small Forward,"forward profile: Small Forward:6.00, Key Forward:2.11, Pressure Forward:0.77",57,62,10,95,59,36,29,21,4,8,0,2,36,58,5,0.504,"2021,2022,2023,2024,2025,2026",0,0,,,,
1030,Adelaide,Adelaide,1,21,Hugh,Bond,VIC,92,25,9,2004,179,79,65,65,69,69,68,68,67,66,67,65,69,67,67,65,64,67,62,68,71,79,94,66,82,65,89,39,70,86,13,47,38,47,32,19,39,51,19,23,41,20,27,27,27,21,27,23,28,15,13,10,12,14,15,11,13,11,11,2,2,3,3,5,313000,40,23,11,2025,28,7,2030,50,2022,National Draft,Back Pocket,"defensive profile: Back Pocket:2.57, Key Defender:1.16, Intercept Defender:-1.14, Half Back Flanker:-3.42",56,59,7,77,53,24,22,17,4,0,0,0,24,55,12,-0.515,"2024,2025,2026",0,0,,,,
1031,Adelaide,Adelaide,1,27,Lachlan,Murphy,SA,88,4,12,1998,188,90,66,67,85,74,76,81,81,75,84,66,76,74,74,76,73,81,72,74,79,71,96,78,51,74,70,53,51,8,42,46,48,53,17,21,24,22,28,24,42,27,27,27,46,45,49,49,41,14,10,11,13,3,1,2,3,9,11,8,10,12,2,3,246000,4,16,9,2023,18,11,2029,56,2022,National Draft,Inside Mid,"midfield profile: Inside Mid:-0.84, Outside Mid:-6.27",78,81,5,40,18,22,6,12,7,0,0,0,21,22,3,-0.012,"2021,2022,2023,2024,2025",0,0,Delisted,2026,delisted,draftguru.com.au 2024-2026 retirements/delistings (year/type sub-classification not preserved in this round's flat source list)
1032,Adelaide,Adelaide,1,26,Chayce,Jones,WA,92,14,1,2000,180,76,62,63,66,68,63,66,64,65,65,62,66,66,66,61,63,62,56,66,70,69,84,62,91,70,73,50,48,73,44,48,30,58,17,23,35,38,17,22,29,15,15,16,21,22,16,23,17,5,5,12,10,4,2,2,9,5,2,12,7,7,11,5,140000,1,19,7,2026,5,7,2030,9,2018,National Draft,Back Pocket,"defensive profile: Back Pocket:0.57, Key Defender:-1.64, Half Back Flanker:-5.94, Intercept Defender:-6.12",51,53,3,35,19,16,7,5,0,0,0,0,14,14,2,-0.708,"2021,2022,2023,2024,2025,2026",0,0,Delisted,2026,delisted,"footywire.com player biography, Thu 17 Sep 2026: 'Adelaide delists Chayce Jones, Lachie Sholl and Tyler Welsh' (he also has a real 2026 real2026SeasonStats.ts row — 3 games — played part of the season before being delisted at its end, not a contradiction)"
1033,Adelaide,Adelaide,1,24,Brayden,Cook,VIC,76,18,7,2002,186,82,67,66,68,71,70,67,66,67,68,67,68,70,70,67,66,70,67,69,70,69,86,69,51,87,38,55,34,75,58,57,46,53,28,26,35,52,32,24,42,25,25,31,31,18,26,27,32,12,9,13,10,2,2,11,14,12,13,9,13,10,10,10,175000,15,12,9,2023,19,6,2025,25,2020,National Draft,Back Pocket,"defensive profile: Back Pocket:1.66, Key Defender:-1.46, Intercept Defender:-4.38, Half Back Flanker:-4.56",58,61,22,369,242,127,100,40,27,10,0,4,114,250,27,0.3,"2021,2022,2023,2024,2025,2026",0,0,,,,
1034,Adelaide,Adelaide,1,24,James,Borlase,VIC,75,18,7,2002,184,80,74,68,64,71,66,65,64,64,64,74,75,69,69,67,63,64,69,82,69,79,96,66,70,95,56,34,57,70,22,62,35,49,24,25,33,36,16,27,19,23,20,23,20,15,18,18,27,10,17,3,10,2,3,14,3,12,16,7,17,2,9,3,246000,35,3,4,2024,23,1,2029,52,2023,National Draft,Medium Defender,"defensive profile: Key Defender:6.31, Intercept Defender:6.15, Back Pocket:5.58, Half Back Flanker:-1.20 -> fallback Medium Defender (no standout)",69,72,17,181,108,73,67,24,1,0,0,13,69,111,141,-1.257,"2023,2024,2025,2026",0,0,,,,
1035,Adelaide,Adelaide,1,22,Billy,Dowling,SA,97,1,7,2004,190,90,68,69,83,73,80,80,79,80,82,68,72,76,76,75,79,85,78,87,75,71,91,83,76,63,66,67,26,59,45,54,40,54,17,14,17,19,25,21,27,23,30,34,23,31,30,29,16,12,1,11,6,17,9,4,17,18,9,4,15,14,15,4,278000,31,10,4,2025,24,5,2030,43,2022,National Draft,Hybrid Mid Forward,Strong in both forward (fwd_c=3.84) and midfield (mid_c=1.73) signals,79,81,3,44,23,21,15,11,7,3,0,1,19,26,0,-1.491,"2024,2025,2026",0,0,,,,
1036,Adelaide,Adelaide,1,30,Chris,Burgess,VIC,78,26,11,1995,201,97,79,79,65,66,64,66,67,70,62,79,66,64,64,67,77,64,72,66,68,98,58,69,59,65,67,39,50,66,34,48,45,51,50,42,26,28,26,39,21,26,44,18,23,23,24,28,25,12,4,2,8,13,2,6,6,2,6,5,12,3,11,4,313000,21,19,4,2025,18,2,2028,56,2022,National Draft,Key Forward,"forward profile: Key Forward:2.76, Pressure Forward:1.15, Small Forward:-0.55",66,67,1,10,8,2,5,2,0,0,0,0,2,6,2,-0.448,"2021,2022,2023,2024,2025",0,0,Delisted,2026,delisted,draftguru.com.au 2024-2026 retirements/delistings (year/type sub-classification not preserved in this round's flat source list)
1037,Adelaide,Adelaide,1,25,Harry,Schoenberg,SA,76,21,2,2001,188,85,63,64,67,68,67,66,66,66,66,63,66,66,66,63,64,66,59,65,70,74,93,65,73,80,85,67,33,51,54,54,45,59,28,20,46,60,20,23,40,23,28,21,22,22,22,24,26,14,17,6,6,3,2,11,3,8,16,3,6,11,9,13,140000,26,7,3,2026,19,7,2032,24,2019,National Draft,Back Pocket,"defensive profile: Back Pocket:1.89, Key Defender:-0.69, Intercept Defender:-6.12, Half Back Flanker:-7.77",52,55,5,60,33,27,12,9,5,1,0,0,19,42,2,-1.161,"2021,2022,2023,2024,2025",0,0,,,,
1038,Brisbane Lions,Brisbane Lions,2,22,Will,Ashcroft,QLD,74,6,5,2004,190,87,70,66,85,80,88,81,78,78,88,70,70,82,82,80,77,93,81,93,77,69,89,92,78,64,68,67,45,23,23,60,63,61,30,27,26,35,39,31,46,36,40,56,24,48,48,45,22,4,9,10,11,11,5,11,4,4,1,6,4,8,10,11,1181000,8,12,5,2026,14,8,2030,2,2022,National Draft,Hybrid Mid Forward,Strong in both midfield (mid_c=7.09) and forward (fwd_c=0.62) signals,92,110,23,661,390,271,118,78,122,16,0,1,219,410,8,0.995,"2023,2024,2025,2026",0,0,,,,
1039,Brisbane Lions,Brisbane Lions,2,28,Hugh,McCluggage,TAS,75,3,3,1998,185,85,67,66,86,74,79,83,81,80,86,67,74,75,75,73,76,89,69,90,76,75,96,86,58,72,91,56,63,56,45,48,65,57,24,32,26,33,44,27,50,24,46,52,25,51,57,48,35,13,6,12,10,11,8,4,7,6,12,15,10,14,2,14,1469000,6,2,6,2026,20,3,2032,3,2016,National Draft,Hybrid Mid Forward,Strong in both midfield (mid_c=8.06) and forward (fwd_c=0.93) signals,87,89,13,231,122,109,49,42,46,8,0,1,100,137,11,0.193,"2021,2022,2023,2024,2025,2026",0,0,,,,
1040,Brisbane Lions,Brisbane Lions,2,37,Dayne,Zorko,VIC,89,9,2,1989,177,77,77,64,67,85,81,67,71,72,65,77,67,85,85,75,71,80,68,83,64,72,85,92,83,65,72,57,53,78,22,62,56,71,17,28,21,27,33,33,28,18,26,18,28,22,26,34,36,9,10,5,1,2,15,15,5,11,5,8,4,7,14,2,1105000,15,22,8,2024,20,3,2029,27,2021,Rookie Draft,Half Back Flanker,"defensive profile: Half Back Flanker:17.19, Intercept Defender:10.73, Key Defender:0.91, Back Pocket:-2.11",79,80,13,323,253,70,85,24,16,3,0,2,50,210,15,0.053,"2021,2022,2023,2024,2025,2026",0,0,,,,
1041,Brisbane Lions,Brisbane Lions,2,29,Josh,Dunkley,QLD,95,9,1,1997,187,85,72,68,100,76,76,91,87,85,90,72,89,71,71,78,69,85,81,72,87,76,91,80,68,47,69,71,66,45,24,53,57,52,28,32,22,32,27,30,61,30,20,31,54,60,60,59,44,12,13,11,10,13,11,10,14,5,14,15,1,12,8,9,1558000,5,25,4,2026,13,11,2032,25,2015,National Draft,Inside Mid,"midfield profile: Inside Mid:18.60, Outside Mid:2.67",95,96,23,488,240,248,110,154,68,3,0,8,192,286,42,0.165,"2021,2022,2023,2024,2025,2026",0,0,,,,
1042,Brisbane Lions,Brisbane Lions,2,33,Lachie,Neale,QLD,85,24,5,1993,185,85,69,65,92,82,83,84,75,82,104,69,71,78,78,81,76,95,81,75,83,74,86,87,71,76,93,53,52,37,35,45,48,65,24,25,27,23,27,33,48,30,24,26,43,43,43,52,38,2,5,2,4,5,4,11,11,9,8,8,5,7,7,13,1383000,9,16,6,2025,18,7,2027,58,2011,National Draft,Inside Mid,"midfield profile: Inside Mid:17.87, Outside Mid:4.66",99,100,23,690,314,376,124,59,165,5,0,4,310,369,16,-0.281,"2021,2022,2023,2024,2025,2026",0,0,,,,
1043,Brisbane Lions,Brisbane Lions,2,22,Jaspa,Fletcher,QLD,87,24,2,2004,185,87,74,64,64,79,76,66,66,65,69,74,64,79,79,76,64,73,79,76,67,78,94,77,60,91,68,53,41,47,8,42,47,57,37,33,37,29,61,45,33,35,39,34,33,26,39,52,61,2,10,10,5,9,6,3,8,3,2,2,8,12,11,8,738000,3,13,6,2026,1,8,2031,12,2022,National Draft,Half Back Flanker,"defensive profile: Half Back Flanker:7.75, Intercept Defender:5.21, Key Defender:1.33, Back Pocket:-2.05",72,86,23,444,286,158,128,36,23,3,0,4,110,290,20,1.807,"2023,2024,2025,2026",0,0,,,,
1044,Brisbane Lions,Brisbane Lions,2,22,Darcy,Wilmot,QLD,97,31,12,2003,177,74,77,66,67,81,77,68,67,64,69,77,68,79,79,76,63,75,80,80,69,75,95,81,73,70,76,53,44,38,37,62,46,68,26,27,31,35,43,38,35,24,22,25,34,34,32,40,47,11,3,2,3,12,9,11,11,12,1,7,4,10,7,3,768000,44,20,3,2023,19,4,2026,16,2021,National Draft,Half Back Flanker,"defensive profile: Half Back Flanker:7.54, Intercept Defender:4.81, Key Defender:1.32, Back Pocket:-0.81",75,90,23,495,372,123,152,40,26,1,0,12,113,291,46,1.0,"2022,2023,2024,2025,2026",0,0,,,,
1045,Brisbane Lions,Brisbane Lions,2,26,Zac,Bailey,NSW,95,23,9,1999,193,91,71,69,78,76,80,78,76,80,80,71,69,76,76,77,83,86,82,87,72,81,102,85,67,72,80,62,53,36,28,48,62,56,25,22,20,31,47,24,52,25,48,51,32,52,54,53,29,5,11,4,4,3,3,12,11,14,6,9,5,8,10,11,799000,33,22,12,2026,2,4,2029,15,2017,National Draft,Hybrid Mid Forward,Strong in both forward (fwd_c=3.34) and midfield (mid_c=2.56) signals,86,91,22,478,304,174,121,61,67,31,0,6,166,307,16,-0.255,"2021,2022,2023,2024,2025,2026",0,0,,,,
1046,Brisbane Lions,Brisbane Lions,2,19,Levi,Ashcroft,WA,79,18,12,2006,182,84,71,65,69,78,78,67,66,70,75,71,65,75,75,75,70,79,76,72,70,71,100,78,96,86,68,66,33,68,35,41,42,64,29,33,33,26,70,58,35,24,23,30,31,46,34,46,61,6,14,14,8,13,7,4,2,12,9,2,7,2,11,7,548000,10,12,3,2025,11,5,2027,5,2024,National Draft,Outside Mid,"midfield profile: Outside Mid:4.64, Inside Mid:0.80",72,110,23,459,274,185,129,30,39,11,0,3,129,321,19,,,0,0,,,,
1047,Brisbane Lions,Brisbane Lions,2,28,Jarrod,Berry,SA,80,5,2,1998,184,81,73,66,75,75,77,72,72,73,75,73,70,74,74,74,69,79,74,74,73,72,83,79,73,70,78,69,52,61,35,60,52,59,28,21,30,18,50,48,37,30,26,31,23,37,27,41,51,11,11,8,4,11,11,3,7,9,11,2,10,11,10,5,738000,7,4,4,2024,12,2,2027,17,2016,National Draft,Outside Mid,"midfield profile: Outside Mid:6.13, Inside Mid:2.10",72,73,18,331,205,126,93,47,37,3,0,3,115,212,19,0.99,"2021,2022,2023,2024,2025,2026",0,0,,,,
1048,Brisbane Lions,Brisbane Lions,2,26,Cam,Rayner,SA,97,21,10,1999,195,96,72,72,80,70,77,78,78,78,78,72,70,73,73,74,81,82,82,87,72,74,96,81,57,53,88,55,57,52,15,45,61,62,21,22,29,29,44,20,38,29,42,51,30,38,43,37,21,2,13,1,6,11,2,3,14,4,8,12,1,13,8,13,709000,16,23,5,2023,20,5,2027,1,2017,National Draft,Hybrid Mid Forward,Strong in both forward (fwd_c=3.70) and midfield (mid_c=1.86) signals,82,87,23,364,212,152,97,60,53,25,1,13,159,206,28,0.026,"2022,2023,2024,2025,2026",0,0,,,,
1049,Brisbane Lions,Brisbane Lions,2,29,Harris,Andrews,QLD,93,11,12,1996,184,81,100,74,65,74,63,67,63,65,66,100,84,66,66,71,65,61,76,93,70,79,88,64,64,71,73,48,48,26,8,50,34,63,24,34,38,41,21,41,21,19,24,25,19,24,17,21,24,2,10,3,15,11,6,4,13,15,7,13,10,3,10,14,653000,31,11,7,2025,11,5,2030,61,2014,National Draft,Medium Defender,"defensive profile: Key Defender:14.22, Intercept Defender:14.22, Back Pocket:6.08, Half Back Flanker:1.21 -> fallback Medium Defender (no standout)",94,95,20,289,184,105,149,28,1,0,0,40,113,162,146,-0.559,"2021,2022,2023,2024,2025,2026",0,0,,,,
1050,Brisbane Lions,Brisbane Lions,2,28,Callum,Ah Chee,VIC,92,9,10,1997,194,94,71,72,64,66,67,68,69,72,64,71,65,66,66,64,79,66,61,68,66,104,69,71,98,94,85,50,47,56,22,45,53,58,72,73,28,28,37,49,27,26,66,27,26,23,33,34,29,12,8,14,1,5,13,5,8,12,11,6,11,2,5,8,548000,4,1,11,2025,25,12,2030,8,2015,National Draft,Key Forward,"forward profile: Key Forward:4.19, Small Forward:1.71, Pressure Forward:-2.21",62,64,7,76,42,34,20,13,5,8,0,0,29,51,11,0.411,"2021,2022,2023,2024,2025,2026",0,0,,,,
1051,Brisbane Lions,Brisbane Lions,2,33,Ryan,Lester,QLD,91,26,8,1992,187,84,83,67,63,75,66,62,62,62,62,83,75,69,69,71,61,66,77,84,69,69,89,69,77,67,61,54,41,25,31,59,41,58,29,49,56,25,19,36,19,19,23,31,26,31,20,23,37,6,9,7,14,4,10,10,13,6,5,3,2,11,13,13,411000,35,1,9,2024,25,2,2027,28,2010,National Draft,Intercept Defender,"defensive profile: Intercept Defender:6.03, Key Defender:5.32, Back Pocket:3.02, Half Back Flanker:1.65",69,69,19,289,201,88,130,29,11,1,0,11,76,198,74,0.023,"2021,2022,2023,2024,2025,2026",0,0,,,,
1052,Brisbane Lions,Brisbane Lions,2,21,Logan,Morris,VIC,92,10,5,2005,197,94,82,83,65,68,64,63,64,72,60,82,63,62,62,69,86,65,78,67,68,86,59,71,79,71,89,60,42,46,12,54,46,66,37,50,20,20,16,27,25,21,39,29,20,18,25,28,29,12,1,4,13,11,15,2,11,5,15,11,11,13,7,1,599000,13,6,1,2024,3,12,2028,31,2023,National Draft,Key Forward,"forward profile: Key Forward:13.25, Small Forward:5.45, Pressure Forward:-4.69",73,85,22,259,202,57,111,38,4,63,1,23,100,150,17,0.136,"2024,2025,2026",0,0,,,,
1053,Brisbane Lions,Brisbane Lions,2,32,Charlie,Cameron,SA,77,5,7,1994,192,87,73,74,65,68,68,66,67,73,57,73,66,67,67,71,82,67,81,71,68,96,64,73,51,57,72,55,44,49,11,61,47,66,53,52,21,27,19,42,18,20,55,23,25,26,19,26,26,9,16,9,14,11,3,7,13,6,4,3,3,6,6,3,432000,23,12,2,2026,4,3,2030,7,2013,Rookie Draft,Key Forward,"forward profile: Key Forward:5.19, Small Forward:4.07, Pressure Forward:-1.30",66,67,23,272,216,56,87,51,14,50,0,7,86,170,27,-0.961,"2021,2022,2023,2024,2025,2026",0,0,,,,
1054,Brisbane Lions,Brisbane Lions,2,28,Eric,Hipwood,VIC,97,13,9,1997,201,102,82,78,63,62,65,68,71,68,60,82,65,64,64,63,76,65,64,69,64,98,64,71,76,88,86,57,50,57,27,52,67,62,61,68,21,32,20,44,30,31,60,22,28,32,27,25,22,6,9,14,1,15,14,14,6,9,3,7,3,12,6,12,548000,30,27,7,2025,5,2,2027,14,2015,National Draft,Key Forward,"forward profile: Key Forward:7.28, Small Forward:2.36, Pressure Forward:-2.83",67,69,10,105,72,33,42,17,2,13,0,12,44,62,16,-0.346,"2021,2022,2023,2024,2025,2026",0,0,,,,
1055,Brisbane Lions,Brisbane Lions,2,26,Noah,Answerth,QLD,81,6,8,1999,194,92,75,65,64,71,66,66,68,65,62,75,74,70,70,70,63,64,73,83,66,77,99,67,83,22,64,48,51,11,1,53,51,66,22,47,60,27,30,37,19,26,28,20,20,22,31,18,37,6,6,8,10,14,9,2,14,6,3,15,13,6,5,12,411000,43,16,10,2024,27,6,2027,55,2018,National Draft,Intercept Defender,"defensive profile: Intercept Defender:4.63, Key Defender:3.74, Back Pocket:2.49, Half Back Flanker:1.84",64,65,15,181,133,48,71,27,5,0,0,0,45,139,39,-0.033,"2022,2023,2024,2025,2026",0,0,,,,
1056,Brisbane Lions,Brisbane Lions,2,32,Darcy,Fort,VIC,83,6,8,1993,201,100,73,96,76,64,62,80,78,70,75,73,74,65,65,85,68,67,76,68,73,82,56,69,90,83,76,55,55,44,7,65,50,70,21,28,22,25,17,16,18,43,19,14,14,22,20,29,17,14,9,10,5,13,3,6,14,4,4,13,10,12,10,7,500000,32,13,1,2025,18,5,2028,65,2018,National Draft,Ruck,Dominant hitouts (29.6/game),80,80,22,242,147,95,72,34,65,8,333,23,147,102,56,-0.535,"2022,2023,2024,2025,2026",0,0,,,,
1057,Brisbane Lions,Brisbane Lions,2,30,Darcy,Gardiner,VIC,76,22,9,1995,187,86,77,67,60,68,64,65,67,62,62,77,77,68,68,66,64,61,67,85,64,80,103,63,66,77,96,48,43,99,1,59,52,55,21,54,61,28,20,52,28,32,24,28,20,31,20,22,44,8,3,6,7,2,9,14,12,15,8,9,10,15,4,3,313000,27,9,3,2026,19,7,2030,22,2013,National Draft,Intercept Defender,"defensive profile: Intercept Defender:5.20, Key Defender:4.50, Back Pocket:3.32, Half Back Flanker:0.14",64,64,12,126,83,43,61,9,3,0,0,7,44,84,76,-0.385,"2021,2022,2023,2024,2025,2026",0,0,,,,
1058,Brisbane Lions,Brisbane Lions,2,23,Kai,Lohmann,QLD,77,6,5,2003,173,72,69,73,71,65,71,72,73,74,66,69,68,69,69,69,80,70,77,74,70,53,91,70,74,63,69,50,51,50,34,50,56,60,28,20,23,22,43,25,37,31,37,49,32,41,20,20,32,13,4,6,5,2,7,13,4,11,6,2,4,5,3,3,411000,1,8,11,2025,9,8,2027,20,2021,National Draft,Small Forward,"forward profile: Small Forward:4.06, Key Forward:2.27, Pressure Forward:0.60",67,76,23,292,179,113,87,69,24,46,0,13,124,176,10,0.855,"2022,2023,2024,2025,2026",0,0,,,,
1059,Brisbane Lions,Brisbane Lions,2,26,Jack,Payne,QLD,91,15,10,1999,192,93,74,69,66,73,69,67,67,66,66,74,73,72,72,69,66,67,69,80,69,71,92,69,78,75,83,55,37,14,33,47,37,65,19,41,41,47,24,38,27,22,21,28,27,24,29,19,32,12,8,14,6,1,2,9,9,13,7,12,3,4,12,14,432000,40,2,7,2023,25,6,2029,54,2017,National Draft,Medium Defender,"defensive profile: Intercept Defender:9.72, Key Defender:9.45, Back Pocket:4.95, Half Back Flanker:0.93 -> fallback Medium Defender (no standout)",68,71,13,151,109,42,78,17,2,0,0,10,43,106,83,-0.087,"2021,2022,2023,2024,2025,2026",0,0,Injured,2026,knee (season-ending),"SEN Injury Hub 04/08/2026 (cross-checked AFL.com.au Medical Room, Sep 23 2026)"
1060,Brisbane Lions,Brisbane Lions,2,27,Brandon,Starcevich,QLD,78,24,7,1999,192,89,72,66,63,69,64,67,68,63,62,72,70,69,69,66,62,62,66,78,66,72,89,65,68,74,73,46,50,35,43,63,56,59,26,29,35,38,27,30,22,25,21,20,20,25,17,29,28,13,7,7,12,6,14,12,12,7,3,14,5,4,12,15,296000,37,18,3,2024,19,6,2030,18,2017,National Draft,Medium Defender,"defensive profile: Key Defender:1.97, Intercept Defender:1.75, Back Pocket:1.64, Half Back Flanker:0.60 -> fallback Medium Defender (no standout)",63,65,11,131,91,40,32,21,4,1,0,6,42,61,21,-0.543,"2021,2022,2023,2024,2025,2026",0,0,,,,
1061,Brisbane Lions,Brisbane Lions,2,32,Oscar,McInerney,QLD,95,10,7,1994,208,111,72,92,80,65,66,82,81,74,79,72,79,68,68,77,70,71,74,71,77,95,56,72,88,72,67,60,53,19,17,59,48,66,21,30,26,21,28,25,30,56,29,22,30,28,22,30,17,14,3,7,5,6,12,4,2,10,10,14,9,13,2,10,454000,46,13,11,2025,2,2,2027,47,2022,National Draft,Ruck,Dominant hitouts (24.8/game),77,78,14,132,76,56,22,39,47,4,347,7,90,43,45,0.015,"2021,2022,2023,2024,2025",0,0,Delisted,2026,delisted,draftguru.com.au 2024-2026 retirements/delistings (year/type sub-classification not preserved in this round's flat source list)
1062,Brisbane Lions,Brisbane Lions,2,20,Sam,Marshall,WA,76,19,1,2006,189,89,73,67,65,72,68,65,66,65,65,73,72,71,71,68,64,66,68,79,68,79,97,67,79,75,77,52,34,50,63,50,60,60,24,34,51,46,28,45,30,27,28,24,34,26,28,27,34,1,6,3,12,13,1,10,12,2,14,3,4,5,10,10,216000,20,14,11,2024,23,8,2026,25,2024,National Draft,Medium Defender,"defensive profile: Back Pocket:-0.71, Key Defender:-1.86, Half Back Flanker:-2.40, Intercept Defender:-3.49 -> fallback Medium Defender (no standout)",66,69,2,33,13,20,6,4,1,0,0,0,11,21,3,,,0,0,,,,
1063,Brisbane Lions,Brisbane Lions,2,25,Bruce,Reville,VIC,75,22,2,2001,193,92,73,67,64,73,69,65,65,64,64,73,69,71,71,69,65,68,69,76,68,74,91,70,79,71,71,49,36,67,58,52,37,54,25,30,40,46,18,35,22,25,23,19,21,22,25,19,22,7,16,5,9,3,3,3,17,9,9,16,1,1,2,15,246000,38,12,11,2024,6,5,2029,50,2024,National Draft,Medium Defender,"defensive profile: Back Pocket:-0.12, Half Back Flanker:-1.43, Key Defender:-1.56, Intercept Defender:-3.08 -> fallback Medium Defender (no standout)",63,66,18,276,184,92,87,23,18,5,0,4,74,198,11,-1.173,"2024,2025,2026",0,0,,,,
1064,Brisbane Lions,Brisbane Lions,2,33,Sam,Day,VIC,84,6,9,1992,198,96,79,84,72,65,64,75,75,73,71,79,71,66,66,69,72,66,69,69,71,90,61,69,67,52,96,47,56,38,31,52,42,57,21,46,33,24,18,19,28,45,33,23,28,24,30,28,21,13,4,14,8,12,12,12,6,5,9,9,8,14,9,2,332000,14,24,9,2024,20,3,2026,3,2010,National Draft,Hybrid Key Forward Ruck,"Ruck minutes (7.2 HO/g) plus forward output (CM/g=0.54, GL/g=0.23)",71,72,13,104,61,43,41,23,12,3,93,7,50,56,16,-0.233,"2021,2022,2023,2024,2025",0,0,Delisted,2026,delisted,draftguru.com.au 2024-2026 retirements/delistings (year/type sub-classification not preserved in this round's flat source list)
1065,Brisbane Lions,Brisbane Lions,2,20,Ty,Gallop,VIC,73,9,2,2006,199,96,79,78,64,66,63,66,67,69,61,79,67,63,63,66,76,63,73,66,67,94,65,68,80,63,76,47,50,50,41,43,47,46,53,54,29,32,26,36,29,25,49,27,24,21,32,22,31,9,3,14,14,5,8,15,12,2,6,3,4,6,7,9,370000,22,24,5,2025,18,1,2028,42,2024,National Draft,Key Forward,"forward profile: Key Forward:3.30, Pressure Forward:0.56, Small Forward:0.53",65,69,18,169,142,27,86,37,1,1,2,17,64,111,98,,,0,0,,,,
1066,Brisbane Lions,Brisbane Lions,2,21,Will,McLachlan,VIC,74,13,4,2005,183,82,67,70,67,66,67,67,67,70,65,67,66,66,66,66,72,66,70,70,69,74,91,66,67,88,70,55,28,98,44,60,45,60,48,20,21,24,30,43,39,30,46,43,21,19,30,31,23,9,12,2,15,9,6,13,12,3,1,3,13,5,9,2,140000,28,9,7,2026,12,8,2032,6,2023,Mid-Season Draft,Medium Forward,"forward profile: Small Forward:0.66, Key Forward:0.43, Pressure Forward:-2.98 -> fallback Medium Forward (no standout)",57,58,1,4,2,2,1,2,0,1,0,0,2,3,1,,,0,0,,,,
1067,Brisbane Lions,Brisbane Lions,2,30,Conor,McKenna,QLD,84,28,3,1996,169,71,61,66,61,68,70,62,64,68,58,61,63,69,69,66,74,66,71,74,67,51,95,70,76,82,69,54,34,21,62,55,48,62,21,22,16,22,37,26,31,24,26,36,24,33,17,16,23,12,7,11,18,9,15,14,6,8,8,4,6,14,14,15,140000,26,9,10,2025,3,1,2029,53,2022,National Draft,Small Forward,"forward profile: Small Forward:1.08, Pressure Forward:-0.92, Key Forward:-2.27",59,60,17,199,157,42,34,26,5,21,0,1,52,128,20,-1.431,"2023,2024,2025,2026",0,0,,,,
1068,Brisbane Lions,Brisbane Lions,2,23,James,Tunstill,NT,92,18,7,2003,187,83,65,65,68,70,67,67,66,66,67,65,69,67,67,65,65,67,62,68,71,78,98,66,72,82,82,58,35,31,63,57,34,60,41,25,60,82,32,32,56,41,32,29,41,27,26,32,25,11,2,8,6,8,4,3,8,8,11,9,4,4,5,10,140000,29,22,12,2023,22,11,2025,41,2021,National Draft,Back Pocket,"defensive profile: Back Pocket:0.18, Key Defender:-1.15, Half Back Flanker:-2.40, Intercept Defender:-3.30",56,60,11,142,85,57,46,13,6,2,0,1,45,98,18,2.134,"2022,2023,2024,2025,2026",0,0,,,,
1069,Brisbane Lions,Brisbane Lions,2,26,Keidean,Coleman,VIC,86,31,3,2000,178,77,73,65,63,79,75,63,63,66,65,73,66,78,78,71,65,73,69,77,69,83,93,78,82,81,88,50,29,70,33,50,34,55,32,21,25,31,52,44,28,29,30,31,27,26,23,34,53,11,2,9,11,7,10,4,10,9,8,10,8,7,4,10,524000,18,18,1,2023,22,1,2025,37,2019,National Draft,Half Back Flanker,"defensive profile: Half Back Flanker:14.67, Intercept Defender:8.79, Key Defender:0.31, Back Pocket:-1.93",68,71,13,211,155,56,70,16,4,2,0,3,52,140,24,-0.009,"2021,2022,2023,2024,2026",0,0,,,,
1070,Brisbane Lions,Brisbane Lions,2,25,Deven,Robertson,TAS,84,30,6,2001,188,84,63,64,77,69,69,73,71,69,72,63,73,69,69,65,63,72,59,67,75,75,89,70,75,61,97,54,29,72,74,59,64,54,15,24,34,37,14,14,29,21,18,20,17,14,16,17,18,2,12,14,17,12,5,2,16,4,16,15,15,10,1,16,140000,2,5,2,2023,2,11,2027,22,2019,National Draft,Back Pocket,"defensive profile: Back Pocket:0.80, Key Defender:-1.56, Intercept Defender:-6.65, Half Back Flanker:-6.85",62,65,4,74,37,37,9,22,15,0,0,0,39,39,4,-1.985,"2021,2022,2023,2024,2025",0,0,,,,
1071,Brisbane Lions,Brisbane Lions,2,29,Tom,Doedee,QLD,88,1,3,1997,201,100,78,72,64,68,62,67,67,65,64,78,79,67,67,67,64,60,69,84,68,93,64,64,99,84,89,67,26,23,20,54,11,61,14,26,44,40,22,26,17,24,22,20,22,21,19,16,18,13,2,14,10,4,6,14,16,16,6,10,2,2,11,13,296000,12,6,9,2023,22,8,2027,17,2015,National Draft,Key Defender,"defensive profile: Key Defender:4.34, Intercept Defender:3.44, Back Pocket:2.87, Half Back Flanker:-2.73",64,65,1,10,8,2,6,0,0,0,0,0,1,9,5,-1.654,"2021,2022,2023,2024,2026",0,0,Injured,2024,"knee/ACL — third ACL reconstruction, suffered March 2024; a March 2025 bio update said he was 'on the verge of returning' but he still shows 0 games played in 2026, so he remains out as of this round",footywire.com player biography (March 2024 and March 2025 entries)
1072,Brisbane Lions,Brisbane Lions,2,23,Henry,Smith,QLD,92,24,9,2002,204,103,79,86,69,63,62,72,72,69,69,79,69,63,63,71,73,63,69,65,68,103,61,67,69,79,67,51,60,58,11,47,70,46,29,61,39,31,31,34,31,61,49,21,21,25,34,29,34,14,4,6,2,9,3,9,15,4,8,3,11,6,11,7,216000,25,1,9,2026,8,11,2030,48,2020,National Draft,Hybrid Key Forward Ruck,"Ruck minutes (6.5 HO/g) plus forward output (CM/g=0.00, GL/g=2.00)",70,72,2,7,5,2,5,5,0,4,13,0,4,8,4,-0.331,"2024,2025,2026",0,0,Injured,2026,foot (season-ending),"SEN Injury Hub 04/08/2026 (cross-checked AFL.com.au Medical Room, Sep 23 2026)"
1073,Brisbane Lions,Brisbane Lions,2,25,Luke,Beecken,QLD,84,18,4,2001,180,80,65,65,69,69,68,68,67,67,68,65,69,68,68,65,64,67,62,68,71,71,94,67,56,64,81,50,26,61,93,45,11,52,32,19,45,52,27,31,39,23,21,31,22,28,29,30,31,12,10,12,1,5,4,9,1,12,9,11,5,4,8,14,140000,17,19,5,2024,14,4,2027,71,2023,Rookie Draft,Back Pocket,"defensive profile: Back Pocket:1.05, Key Defender:-0.69, Intercept Defender:-6.12, Half Back Flanker:-7.77",57,57,1,3,1,2,1,0,0,0,0,0,0,3,1,,,0,0,,,,
1074,Carlton,Carlton,3,30,George,Hewett,VIC,72,29,12,1995,185,85,67,65,93,76,78,87,83,80,96,67,77,70,70,78,73,86,77,72,82,71,88,80,59,82,72,64,68,1,1,67,53,57,19,19,22,19,32,22,42,19,26,22,50,41,43,55,34,7,5,7,12,7,9,10,13,7,7,10,7,10,12,3,1650000,29,22,1,2023,23,3,2026,32,2013,National Draft,Inside Mid,"midfield profile: Inside Mid:22.46, Outside Mid:2.86",87,88,20,469,212,257,85,78,82,13,0,4,179,297,15,0.579,"2021,2022,2023,2024,2025,2026",0,0,,,,
1075,Carlton,Carlton,3,31,Patrick,Cripps,WA,73,18,3,1995,188,87,67,70,102,69,77,100,97,85,102,67,80,72,72,80,78,90,83,86,81,71,96,81,61,82,68,64,76,47,18,52,89,56,21,19,29,21,39,22,38,23,30,44,25,36,39,39,31,5,6,9,7,3,6,14,7,7,2,2,1,2,3,3,1259000,9,6,1,2025,15,1,2030,13,2013,National Draft,Hybrid Mid Forward,Strong in both midfield (mid_c=7.34) and forward (fwd_c=1.21) signals,105,106,24,632,244,388,65,120,177,15,3,12,346,285,26,0.093,"2021,2022,2023,2024,2025,2026",0,0,,,,
1076,Carlton,Carlton,3,26,Adam,Cerra,SA,82,7,10,1999,189,90,67,64,84,75,78,81,79,75,84,67,74,74,74,77,68,84,78,74,76,79,100,81,46,91,69,65,56,58,25,48,56,52,20,27,33,31,36,29,56,29,20,26,68,53,67,59,50,4,3,2,7,15,12,3,2,15,10,12,11,12,7,10,1259000,5,9,10,2026,19,1,2029,5,2017,National Draft,Inside Mid,"midfield profile: Inside Mid:14.48, Outside Mid:4.98",81,85,21,429,244,185,110,72,40,4,0,3,126,282,18,-0.32,"2021,2022,2023,2024,2025,2026",0,0,,,,
1077,Carlton,Carlton,3,22,Oliver,Hollands,VIC,77,16,1,2004,181,79,72,64,68,76,77,68,71,70,67,72,69,78,78,72,67,73,69,76,68,71,91,78,56,65,76,54,56,52,27,51,60,68,23,23,30,17,50,31,19,27,28,27,19,28,21,26,42,7,7,4,7,10,9,5,2,3,5,10,12,6,4,11,709000,4,2,6,2025,10,10,2028,11,2022,National Draft,Half Back Flanker,"defensive profile: Half Back Flanker:6.29, Intercept Defender:4.21, Key Defender:0.40, Back Pocket:-0.08",69,74,13,217,145,72,71,43,9,3,0,1,53,155,17,0.778,"2023,2024,2025,2026",0,0,,,,
1078,Carlton,Carlton,3,34,Nick,Haynes,QLD,78,18,5,1992,192,92,85,67,61,77,71,62,64,62,64,85,74,72,72,73,61,69,77,87,64,84,96,72,76,71,78,63,36,57,9,49,49,57,27,57,75,26,22,60,28,25,27,29,36,29,29,24,43,4,6,8,9,6,10,5,7,4,3,7,14,3,9,3,574000,26,11,9,2026,24,4,2029,7,2011,National Draft,Intercept Defender,"defensive profile: Intercept Defender:8.61, Key Defender:6.04, Half Back Flanker:4.97, Back Pocket:1.74",73,74,19,344,239,105,149,25,5,0,0,7,71,266,83,0.06,"2021,2022,2023,2024,2025,2026",0,0,,,,
1079,Carlton,Carlton,3,27,Tom,De Koning,WA,89,16,7,1999,211,114,73,97,79,62,65,83,84,70,80,73,73,68,68,86,69,72,75,70,70,92,61,73,39,73,99,61,61,87,18,56,73,56,23,31,27,33,19,22,21,51,23,21,24,22,19,38,23,3,2,12,3,3,10,2,8,7,6,9,1,4,7,12,830000,12,17,1,2024,17,12,2028,30,2017,National Draft,Ruck,Dominant hitouts (23.3/game),82,84,20,256,128,128,63,29,58,11,364,17,139,127,34,1.175,"2021,2022,2023,2024,2025,2026",0,0,,,,
1080,Carlton,Carlton,3,32,Adam,Saad,WA,73,23,7,1994,179,75,64,63,64,77,93,62,63,64,66,64,70,99,99,65,62,67,56,82,70,67,94,73,72,67,71,59,43,71,23,55,35,66,19,29,22,24,43,34,21,29,17,24,21,21,20,36,50,12,2,8,16,2,5,6,13,6,6,12,7,4,11,10,928000,42,25,12,2023,19,12,2026,25,2014,Rookie Draft,Half Back Flanker,"defensive profile: Half Back Flanker:11.07, Intercept Defender:4.49, Key Defender:1.69, Back Pocket:0.09",74,75,3,43,27,16,7,4,1,0,0,0,11,21,11,-0.483,"2021,2022,2023,2024,2025,2026",0,0,,,,
1081,Carlton,Carlton,3,26,Sam,Walsh,WA,88,2,7,2000,181,81,65,64,91,75,83,87,85,80,96,65,77,76,76,80,73,90,81,75,80,76,96,84,51,70,73,60,58,59,1,46,74,52,16,15,24,26,31,26,42,23,25,23,41,43,47,39,34,4,12,5,5,15,1,14,10,8,4,3,7,9,8,2,1259000,18,17,8,2026,12,9,2032,1,2018,National Draft,Inside Mid,"midfield profile: Inside Mid:12.84, Outside Mid:6.79",95,100,24,698,308,390,100,97,105,8,0,0,240,458,16,-0.82,"2021,2022,2023,2024,2025,2026",0,0,,,,
1082,Carlton,Carlton,3,30,Blake,Acres,VIC,81,7,10,1995,180,80,75,68,71,76,78,70,73,73,73,75,69,74,74,70,71,81,66,73,68,71,85,81,60,82,66,52,50,52,1,62,53,63,18,19,27,29,55,50,29,26,17,17,17,32,23,37,45,5,8,10,9,6,11,2,5,10,8,13,6,14,5,8,653000,13,3,8,2026,14,6,2032,19,2013,National Draft,Outside Mid,"midfield profile: Outside Mid:5.67, Inside Mid:0.30",70,71,11,229,143,86,74,27,8,3,0,1,48,175,13,0.058,"2021,2022,2023,2024,2025,2026",0,0,,,,
1083,Carlton,Carlton,3,28,Jacob,Weitering,VIC,97,23,11,1997,190,88,90,71,61,75,64,63,62,61,64,90,80,67,67,67,61,62,66,92,69,76,91,64,93,75,87,59,46,35,1,62,31,63,18,38,38,38,24,38,22,24,20,22,18,30,23,17,27,10,14,8,14,4,3,3,4,2,10,10,12,10,2,2,574000,23,21,9,2026,24,9,2029,1,2015,National Draft,Medium Defender,"defensive profile: Intercept Defender:11.90, Key Defender:11.74, Back Pocket:4.30, Half Back Flanker:2.61 -> fallback Medium Defender (no standout)",86,88,13,187,131,56,99,10,0,0,2,13,59,125,97,-0.64,"2021,2022,2023,2024,2025,2026",0,0,,,,
1084,Carlton,Carlton,3,32,Sam,Docherty,VIC,92,17,10,1993,180,77,72,68,74,79,82,73,72,71,76,72,71,78,78,76,74,81,74,76,73,72,86,81,57,64,86,59,39,38,23,48,40,68,22,17,18,20,36,29,21,17,14,17,20,21,27,25,43,17,6,5,15,14,7,15,16,19,5,15,4,15,9,7,599000,15,5,3,2025,5,8,2028,12,2011,National Draft,Outside Mid,"midfield profile: Outside Mid:7.53, Inside Mid:-1.35",76,77,15,304,198,106,87,41,19,5,0,0,72,221,22,-2.152,"2021,2022,2023,2024,2025",0,0,Delisted,2026,delisted,draftguru.com.au 2024-2026 retirements/delistings (year/type sub-classification not preserved in this round's flat source list)
1085,Carlton,Carlton,3,22,Cooper,Lord,VIC,86,1,7,2004,182,81,65,65,84,73,77,80,78,76,84,65,74,72,72,74,71,82,71,72,77,66,89,78,74,83,78,57,46,17,36,60,42,55,20,18,24,14,21,24,42,20,23,20,46,33,37,40,30,12,2,6,11,3,9,12,12,17,6,6,4,13,6,6,477000,36,19,3,2025,23,2,2027,9,2023,Mid-Season Draft,Inside Mid,"midfield profile: Inside Mid:1.67, Outside Mid:-0.59",76,79,10,202,117,85,49,19,12,2,0,3,46,157,7,-0.912,"2024,2025,2026",0,0,,,,
1086,Carlton,Carlton,3,31,Zac,Williams,WA,90,20,9,1994,192,88,65,66,77,75,75,75,71,73,75,65,69,74,74,69,73,77,66,79,74,80,96,78,89,85,66,50,41,61,37,52,43,53,28,26,21,24,32,23,46,29,42,43,19,47,41,41,25,14,12,2,6,2,8,6,14,12,16,9,2,12,2,16,477000,6,7,9,2026,3,4,2029,31,2024,Mid-Season Draft,Hybrid Mid Forward,Strong in both forward (fwd_c=2.17) and midfield (mid_c=1.27) signals,70,71,9,157,100,57,26,26,22,2,0,1,63,85,10,-0.901,"2021,2022,2024,2025,2026",0,0,,,,
1087,Carlton,Carlton,3,23,Jesse,Motlop,SA,99,1,7,2003,188,87,67,71,68,68,68,68,68,71,66,67,67,67,67,67,72,67,70,71,70,79,94,68,72,90,50,51,64,64,45,52,55,55,48,28,23,30,23,37,32,22,41,48,30,30,31,24,30,5,12,9,4,11,7,6,14,3,4,11,13,6,7,11,411000,3,21,6,2024,20,4,2029,27,2021,National Draft,Medium Forward,"forward profile: Pressure Forward:3.65, Small Forward:3.36, Key Forward:-1.14 -> fallback Medium Forward (no standout)",59,64,23,245,155,90,49,84,32,17,0,3,100,143,17,-0.2,"2022,2023,2024,2025,2026",0,0,Injured,2026,knee (season-ending),"SEN Injury Hub 04/08/2026 (cross-checked AFL.com.au Medical Room, Sep 23 2026)"
1088,Carlton,Carlton,3,31,Mitch,McGovern,VIC,86,11,10,1994,190,89,78,71,63,71,65,63,64,66,62,78,72,69,69,72,70,64,82,80,67,81,101,69,72,57,81,60,42,56,28,59,43,60,29,51,68,30,31,48,27,30,25,29,25,33,25,33,39,1,13,5,7,14,11,12,9,8,5,4,15,10,5,13,432000,11,13,12,2025,4,12,2027,43,2014,National Draft,Intercept Defender,"defensive profile: Intercept Defender:4.76, Half Back Flanker:3.57, Key Defender:2.44, Back Pocket:0.50",66,66,24,256,178,78,102,46,3,34,0,19,99,154,46,0.256,"2021,2022,2023,2024,2025,2026",0,0,,,,
1089,Carlton,Carlton,3,19,Lachie,Fogarty,VIC,98,18,11,2007,176,78,62,67,66,66,64,68,68,68,66,62,67,65,65,64,67,62,61,63,69,49,101,62,77,99,71,57,46,40,25,49,30,60,20,21,20,29,42,33,68,25,20,43,53,45,20,56,27,3,1,13,13,7,8,11,6,14,15,11,5,3,12,2,454000,8,20,5,2025,24,8,2028,38,2025,National Draft,Pressure Forward,"forward profile: Pressure Forward:2.99, Small Forward:1.51, Key Forward:-0.29",53,54,2,20,6,14,1,3,1,0,0,0,11,11,3,-0.254,"2021,2022,2023,2024,2025,2026",0,0,,,,
1090,Carlton,Carlton,3,29,Charlie,Curnow,NT,85,3,2,1997,196,97,93,86,64,67,64,68,69,68,62,93,62,64,64,69,84,66,79,69,65,101,64,73,81,87,81,59,50,40,7,47,58,63,60,61,34,34,30,42,25,35,61,26,29,26,32,35,29,9,12,12,6,11,12,7,5,5,13,6,5,5,9,8,862000,30,18,10,2025,21,3,2029,12,2015,National Draft,Key Forward,"forward profile: Key Forward:15.77, Small Forward:1.91, Pressure Forward:-6.82",87,88,22,251,204,47,103,22,1,69,0,44,134,114,34,0.317,"2021,2022,2023,2024,2025,2026",0,0,,,,
1091,Carlton,Carlton,3,20,Matt,Carroll,VIC,72,1,7,2006,188,85,74,68,64,72,68,65,65,64,65,74,71,71,71,68,65,67,67,78,68,79,92,69,58,76,99,49,42,39,1,42,42,59,27,38,54,54,25,46,26,33,23,21,23,33,21,21,24,14,2,5,2,1,14,5,12,3,13,7,15,2,7,5,350000,32,18,10,2026,1,1,2029,15,2023,Rookie Draft,Medium Defender,"defensive profile: Half Back Flanker:1.52, Intercept Defender:1.30, Key Defender:1.06, Back Pocket:0.58 -> fallback Medium Defender (no standout)",65,69,10,140,92,48,43,8,3,9,0,8,50,87,19,,,0,0,,,,
1092,Carlton,Carlton,3,20,Lachlan,Cowan,NT,96,9,6,2006,194,92,74,67,64,72,68,65,66,65,64,74,72,71,71,68,64,66,69,80,68,70,101,68,89,64,57,60,45,45,38,51,49,59,29,42,55,62,31,57,35,40,41,26,27,27,38,32,29,2,11,7,8,5,2,4,9,2,5,8,7,4,4,1,454000,2,21,8,2023,12,7,2026,46,2024,National Draft,Medium Defender,"defensive profile: Intercept Defender:4.61, Half Back Flanker:4.51, Key Defender:2.20, Back Pocket:1.32 -> fallback Medium Defender (no standout)",66,72,23,357,248,109,128,44,13,0,0,11,87,267,70,2.356,"2023,2024,2025,2026",0,0,,,,
1093,Carlton,Carlton,3,28,Jack,Silvagni,NT,72,17,12,1997,186,84,82,70,67,69,65,71,71,65,66,82,78,69,69,71,64,64,77,84,68,69,86,66,81,61,76,61,48,55,1,60,54,54,18,23,39,40,28,32,25,30,23,23,24,29,28,24,25,1,3,11,5,10,10,6,3,14,8,10,14,7,5,14,599000,1,7,4,2025,21,9,2027,53,2015,National Draft,Medium Defender,"defensive profile: Key Defender:10.13, Intercept Defender:10.07, Back Pocket:4.55, Half Back Flanker:1.38 -> fallback Medium Defender (no standout)",75,76,23,327,215,112,140,46,2,5,0,21,122,202,126,0.165,"2021,2022,2023,2024,2026",0,0,,,,
1094,Carlton,Carlton,3,28,Harry,McKay,VIC,90,24,12,1997,191,90,93,86,70,66,65,72,72,71,68,93,64,64,64,70,80,66,79,68,69,109,60,72,62,86,89,55,59,75,1,55,54,57,67,70,27,26,35,43,23,32,64,28,26,28,31,30,30,14,7,5,4,1,3,9,11,11,5,8,5,14,11,4,1300000,10,16,10,2024,11,5,2030,10,2015,National Draft,Key Forward,"forward profile: Key Forward:17.91, Small Forward:0.45, Pressure Forward:-5.00",82,85,22,290,199,91,120,30,27,34,33,35,161,133,21,0.176,"2021,2022,2023,2024,2025,2026",0,0,,,,
1095,Carlton,Carlton,3,27,Lewis,Young,VIC,96,1,7,1999,199,97,77,72,63,65,59,67,67,62,64,77,80,64,64,66,63,58,67,86,67,98,59,61,99,76,69,50,49,31,18,60,46,63,27,37,46,50,28,32,24,26,23,29,26,25,20,21,20,5,5,15,11,13,4,5,13,14,1,16,4,13,6,7,432000,33,20,3,2025,6,3,2028,49,2016,National Draft,Key Defender,"defensive profile: Key Defender:5.83, Intercept Defender:5.32, Back Pocket:4.29, Half Back Flanker:-2.64",62,65,13,138,66,72,46,19,12,2,31,10,58,78,74,-0.587,"2021,2022,2023,2024,2025,2026",0,0,,,,
1096,Carlton,Carlton,3,24,Corey,Durdin,QLD,96,14,4,2002,180,79,65,70,66,66,67,65,66,71,62,65,64,66,66,67,76,65,75,70,69,49,86,66,86,99,84,53,40,56,54,56,42,59,29,27,22,24,46,30,38,29,39,44,26,36,21,23,22,13,13,13,5,12,4,13,10,14,8,3,9,5,2,12,246000,19,14,5,2025,25,3,2027,37,2020,National Draft,Small Forward,"forward profile: Small Forward:2.75, Key Forward:1.90, Pressure Forward:-1.13",59,62,23,213,151,62,77,47,7,32,0,4,88,130,15,0.251,"2021,2022,2023,2024,2025,2026",0,0,,,,
1097,Carlton,Carlton,3,21,Will,White,VIC,79,27,7,2005,174,73,64,68,67,67,68,66,67,70,64,64,66,67,67,66,74,67,68,71,69,51,90,67,63,76,86,53,44,73,24,47,42,60,31,19,21,25,49,41,38,28,38,50,32,40,30,25,31,3,2,11,12,2,4,7,13,9,13,2,15,14,4,4,246000,38,18,11,2025,8,1,2031,48,2023,National Draft,Small Forward,"forward profile: Small Forward:2.77, Key Forward:1.11, Pressure Forward:-0.04",58,60,14,120,81,39,31,27,3,10,0,0,43,82,7,,,0,0,Delisted,2026,delisted,draftguru.com.au 2024-2026 retirements/delistings (year/type sub-classification not preserved in this round's flat source list)
1098,Carlton,Carlton,3,24,Francis,Evans,VIC,75,23,8,2001,174,78,65,69,70,68,70,70,69,73,66,65,68,68,68,68,75,70,73,74,71,48,96,70,74,76,81,59,50,41,19,52,46,56,30,29,26,29,66,37,51,31,39,54,32,52,24,30,25,12,9,13,13,2,9,11,2,6,7,12,13,13,7,12,432000,44,13,7,2024,27,7,2029,41,2019,National Draft,Small Forward,"forward profile: Small Forward:4.31, Key Forward:3.41, Pressure Forward:0.16",62,66,22,301,181,120,64,81,12,22,0,7,123,177,12,0.682,"2021,2022,2023,2024,2026",0,0,,,,
1099,Carlton,Carlton,3,26,Matthew,Cottrell,NSW,96,29,2,2000,184,85,69,66,72,76,80,70,70,72,76,69,68,77,77,73,71,80,71,73,71,75,92,79,81,55,59,54,35,68,1,43,36,55,31,26,29,27,58,49,38,29,22,23,27,38,30,43,64,11,12,3,2,5,4,10,14,13,3,14,12,10,9,14,626000,46,24,11,2024,21,11,2030,48,2024,Father-Son,Outside Mid,"midfield profile: Outside Mid:2.55, Inside Mid:-0.20",71,75,13,196,123,73,47,33,5,5,0,2,57,137,13,0.284,"2021,2022,2023,2024,2025,2026",0,0,,,,
1100,Carlton,Carlton,3,24,Elijah,Hollands,SA,81,1,7,2002,182,83,69,66,71,74,78,69,71,70,75,69,66,75,75,71,70,79,67,73,69,74,90,78,79,69,72,61,46,72,30,48,57,61,17,30,21,29,54,38,28,18,29,23,17,38,31,35,48,15,6,5,2,7,15,11,2,12,2,2,10,12,14,7,454000,20,25,3,2024,13,7,2027,7,2020,National Draft,Outside Mid,"midfield profile: Outside Mid:2.41, Inside Mid:0.55",68,72,6,93,53,40,17,8,4,5,0,2,35,59,4,0.082,"2022,2023,2024,2025",0,0,,,,
1101,Carlton,Carlton,3,22,Jaxon,Binns,VIC,79,1,7,2004,177,75,71,65,66,79,79,65,66,67,68,71,67,81,81,74,66,74,73,78,67,81,104,79,91,66,80,52,44,33,15,56,68,52,26,24,30,23,57,44,34,24,22,32,32,27,34,44,70,7,8,14,9,10,12,5,8,7,3,13,12,2,5,10,411000,25,27,10,2025,2,3,2028,32,2022,National Draft,Half Back Flanker,"defensive profile: Half Back Flanker:4.26, Intercept Defender:1.79, Key Defender:-1.45, Back Pocket:-1.73",72,74,5,84,64,20,18,6,7,1,0,0,18,63,4,,,0,0,Delisted,2026,delisted,draftguru.com.au 2024-2026 retirements/delistings (year/type sub-classification not preserved in this round's flat source list)
1102,Carlton,Carlton,3,30,Marc,Pittonet,VIC,74,3,6,1996,200,96,69,98,82,61,61,86,84,70,80,69,75,64,64,88,67,65,76,67,73,97,64,67,59,78,80,59,62,57,28,46,67,55,22,39,35,27,21,33,21,63,31,21,20,30,29,33,33,11,13,3,9,12,9,12,7,2,12,14,7,3,2,6,524000,27,21,5,2023,28,10,2028,50,2014,National Draft,Ruck,Dominant hitouts (24.0/game),81,82,21,267,123,144,30,63,100,10,492,14,182,71,48,0.012,"2021,2022,2023,2024,2025,2026",0,0,,,,
1103,Carlton,Carlton,3,25,Flynn,Young,VIC,96,1,7,2001,177,76,64,68,67,67,68,66,67,70,64,64,65,67,67,66,74,67,68,71,69,47,91,68,67,67,91,53,40,27,30,46,25,64,27,27,19,24,47,38,36,19,37,52,28,40,30,21,19,7,6,14,5,14,3,13,11,14,8,1,2,4,11,11,262000,45,4,11,2024,13,5,2026,4,2024,Mid-Season Draft,Small Forward,"forward profile: Small Forward:2.26, Pressure Forward:-0.32, Key Forward:-0.50",58,59,3,28,16,12,9,4,1,2,0,0,7,23,6,,,0,0,,,,
1104,Carlton,Carlton,3,21,Ashton,Moir,NSW,94,1,7,2005,195,95,78,79,64,66,63,65,66,69,61,78,65,63,63,66,77,63,72,65,67,105,68,68,71,57,71,51,34,74,8,48,30,61,65,61,32,33,26,39,34,32,53,34,27,29,32,24,28,8,4,8,12,4,13,3,9,4,3,2,5,2,15,6,350000,43,27,8,2025,8,5,2031,29,2023,National Draft,Key Forward,"forward profile: Key Forward:7.84, Small Forward:1.39, Pressure Forward:-4.53",64,68,2,17,10,7,5,4,2,3,0,0,4,10,1,,,0,0,,,,
1105,Carlton,Carlton,3,30,Orazio,Fantasia,VIC,94,14,9,1995,178,76,66,70,68,69,70,68,69,71,66,66,67,69,69,68,74,69,69,73,71,52,97,70,74,45,76,46,45,22,40,44,45,51,23,19,16,23,49,28,33,27,37,48,24,38,25,20,15,16,15,8,14,1,5,3,16,9,11,16,9,5,9,8,370000,14,18,5,2024,24,5,2029,55,2013,National Draft,Small Forward,"forward profile: Small Forward:4.71, Key Forward:1.38, Pressure Forward:-0.51",61,62,6,68,41,27,18,13,3,7,0,0,27,43,2,-1.205,"2021,2023,2024,2025",0,0,Delisted,2026,delisted,draftguru.com.au 2024-2026 retirements/delistings (year/type sub-classification not preserved in this round's flat source list)
1106,Carlton,Carlton,3,20,Harry,O'Farrell,VIC,90,1,7,2006,192,87,80,67,64,74,67,66,67,63,65,80,76,72,72,71,62,64,76,88,67,76,97,68,85,68,70,54,48,35,30,47,42,48,24,53,67,32,22,51,27,23,34,28,27,25,32,25,49,9,8,9,8,3,2,5,5,5,11,9,3,6,14,9,296000,22,19,10,2023,10,5,2025,40,2024,National Draft,Intercept Defender,"defensive profile: Intercept Defender:5.99, Key Defender:5.22, Back Pocket:3.66, Half Back Flanker:1.29",69,69,6,61,43,18,29,9,0,1,0,2,19,42,28,,,0,0,Injured,2026,knee (season-ending),"SEN Injury Hub 04/08/2026 (cross-checked AFL.com.au Medical Room, Sep 23 2026)"
1107,Carlton,Carlton,3,21,Billy,Wilson,VIC,82,1,7,2005,185,83,65,65,69,70,68,68,67,66,67,65,69,69,69,65,64,67,63,68,71,66,90,67,69,69,99,60,37,35,21,67,49,50,28,21,42,48,19,21,34,20,21,21,27,21,17,26,29,8,10,4,3,4,14,1,7,3,3,2,7,3,5,7,246000,35,19,5,2024,28,8,2028,34,2023,National Draft,Back Pocket,"defensive profile: Back Pocket:0.36, Key Defender:-0.34, Half Back Flanker:-0.82, Intercept Defender:-1.10",57,60,16,313,203,110,81,30,10,0,0,0,60,212,16,,,0,0,,,,
1108,Carlton,Carlton,3,25,Brodie,Kemp,NT,93,1,7,2001,180,80,70,72,66,67,67,65,66,72,63,70,65,65,65,67,76,66,74,69,68,49,100,66,51,89,54,61,54,67,7,53,45,50,23,24,28,30,69,45,54,24,39,68,35,51,24,22,35,10,3,11,10,13,8,11,5,5,4,3,7,9,4,2,332000,17,21,1,2026,24,5,2029,17,2019,National Draft,Small Forward,"forward profile: Small Forward:5.74, Key Forward:4.42, Pressure Forward:-0.21",59,63,24,271,177,94,127,50,1,37,0,16,84,189,22,0.17,"2021,2022,2023,2024,2025,2026",0,0,,,,
1109,Carlton,Carlton,3,29,Alex,Cincotta,TAS,88,17,12,1996,187,82,66,66,69,70,68,68,68,67,68,66,70,68,68,65,65,67,62,69,71,75,92,67,82,61,68,45,53,77,3,45,41,50,22,22,49,57,30,26,34,19,21,28,28,31,23,19,18,9,11,6,13,9,13,4,11,14,9,15,13,11,2,2,332000,39,9,3,2026,25,8,2031,53,2024,National Draft,Back Pocket,"defensive profile: Back Pocket:2.62, Key Defender:-0.83, Intercept Defender:-4.29, Half Back Flanker:-5.50",58,59,5,39,16,23,7,20,4,1,0,0,16,20,7,-0.603,"2023,2024,2025",0,0,Delisted,2026,delisted,draftguru.com.au 2024-2026 retirements/delistings (year/type sub-classification not preserved in this round's flat source list)
1110,Carlton,Carlton,3,22,Hudson,O'Keeffe,QLD,73,22,5,2004,197,92,79,86,69,63,62,72,72,69,69,79,69,63,63,71,72,63,68,65,68,89,61,67,86,82,66,49,54,86,41,62,55,61,24,42,38,29,30,22,18,51,39,31,21,19,25,19,23,11,5,13,11,7,1,7,12,15,12,6,9,13,15,8,477000,40,26,1,2024,21,8,2027,47,2022,Rookie Draft,Hybrid Key Forward Ruck,"Ruck minutes (8.0 HO/g) plus forward output (CM/g=1.80, GL/g=0.60)",69,70,3,17,8,9,3,4,3,0,24,1,11,8,6,,,0,0,,,,
1111,Carlton,Carlton,3,20,Lucas,Camporeale,VIC,98,1,7,2006,179,75,65,65,69,69,68,68,67,67,67,65,69,68,68,65,64,67,62,68,71,72,101,67,57,83,71,69,38,45,58,43,33,51,25,33,47,66,22,25,44,32,32,29,25,26,23,26,33,13,4,10,14,5,8,8,3,11,13,5,12,6,13,14,262000,21,14,3,2026,26,3,2030,54,2024,National Draft,Back Pocket,"defensive profile: Back Pocket:0.78, Key Defender:0.01, Intercept Defender:-1.93, Half Back Flanker:-2.58",57,58,3,34,18,16,7,6,5,0,0,0,14,21,4,,,0,0,Delisted,2026,delisted,draftguru.com.au 2024-2026 retirements/delistings (year/type sub-classification not preserved in this round's flat source list)
1112,Carlton,Carlton,3,23,Jordan,Boyd,VIC,82,19,8,2003,178,78,71,64,65,78,77,64,65,66,64,71,69,81,81,71,65,72,68,79,68,67,87,78,68,61,60,55,28,35,66,59,37,61,20,25,21,16,39,33,16,21,24,19,26,16,18,32,34,8,13,1,15,9,8,12,13,15,6,2,8,15,3,3,313000,37,3,12,2023,18,12,2027,67,2021,Academy,Half Back Flanker,"defensive profile: Half Back Flanker:3.55, Back Pocket:0.29, Key Defender:-0.17, Intercept Defender:-0.86",69,74,2,29,26,3,10,6,0,0,0,0,4,17,5,-0.201,"2022,2023,2024,2025,2026",0,0,,,,
1113,Collingwood,Collingwood,4,23,Nick,Daicos,VIC,87,3,1,2003,185,81,66,66,87,79,97,84,85,88,96,66,69,90,90,83,88,100,82,101,72,75,84,99,73,76,92,64,63,20,9,56,90,61,31,30,18,31,35,18,42,29,34,50,20,35,48,39,21,4,13,9,6,6,4,4,4,6,13,10,10,12,4,4,1894000,35,2,9,2025,24,6,2029,4,2021,National Draft,Hybrid Mid Forward,Strong in both midfield (mid_c=8.21) and forward (fwd_c=1.32) signals,110,110,23,797,432,365,92,58,130,26,0,2,248,494,11,0.834,"2022,2023,2024,2025,2026",0,0,,,,
1114,Collingwood,Collingwood,4,27,Josh,Daicos,WA,92,26,11,1998,181,78,72,64,74,82,83,71,72,74,79,72,68,80,80,79,69,86,80,77,71,73,86,86,71,80,84,51,45,76,29,59,52,67,29,20,18,31,54,36,34,25,24,25,27,25,24,41,45,6,11,10,13,8,9,7,8,5,3,2,4,5,5,14,1032000,7,11,1,2025,6,6,2030,57,2016,National Draft,Outside Mid,"midfield profile: Outside Mid:13.78, Inside Mid:1.04",84,86,24,651,391,260,140,75,36,1,0,0,135,461,13,0.818,"2021,2022,2023,2024,2025,2026",0,0,,,,
1115,Collingwood,Collingwood,4,32,Jack,Crisp,NSW,80,2,10,1993,184,82,69,66,90,72,77,84,83,77,85,69,80,75,75,78,68,84,83,74,79,80,97,81,71,99,90,47,64,60,31,41,56,48,21,27,25,24,29,34,53,26,30,27,64,48,52,60,38,1,1,3,7,4,15,17,4,2,12,13,11,9,15,7,1032000,25,25,10,2026,22,12,2028,27,2025,National Draft,Inside Mid,"midfield profile: Inside Mid:10.00, Outside Mid:2.58",82,83,24,490,250,240,118,102,49,6,0,6,179,314,39,-0.854,"2021,2022,2023,2024,2025,2026",0,0,,,,
1116,Collingwood,Collingwood,4,35,Steele,Sidebottom,NSW,72,2,1,1991,186,88,69,65,77,72,76,75,75,71,78,69,70,75,75,75,68,76,79,72,72,73,91,75,51,57,43,55,59,81,27,52,46,63,23,25,17,19,30,24,44,22,23,29,49,52,50,51,36,13,3,10,14,10,2,5,1,9,7,8,9,8,2,2,928000,22,27,8,2025,5,10,2029,11,2008,National Draft,Inside Mid,"midfield profile: Inside Mid:8.15, Outside Mid:5.39",70,71,21,337,180,157,91,42,30,4,0,4,104,232,26,-0.03,"2021,2022,2023,2024,2025,2026",0,0,,,,
1117,Collingwood,Collingwood,4,38,Scott,Pendlebury,NT,72,7,1,1988,180,79,64,65,86,73,76,82,81,77,86,64,76,73,73,75,71,82,73,72,78,76,91,78,70,76,99,57,50,67,23,50,48,53,21,31,32,24,38,28,54,30,30,31,63,60,61,59,35,7,14,13,7,15,13,12,11,2,2,11,10,9,5,8,830000,10,19,3,2025,20,7,2027,5,2005,National Draft,Inside Mid,"midfield profile: Inside Mid:8.74, Outside Mid:4.06",78,79,17,382,161,221,74,44,57,5,0,1,123,248,16,-0.216,"2021,2022,2023,2024,2025,2026",0,0,,,,
1118,Collingwood,Collingwood,4,23,Ned,Long,VIC,92,1,7,2003,183,81,63,66,89,70,74,84,84,80,84,63,81,71,71,74,70,80,76,72,79,82,97,75,55,54,63,51,73,18,18,41,63,65,29,36,37,38,42,37,75,34,34,25,81,63,79,82,54,1,2,3,12,4,12,3,5,11,9,3,3,9,3,3,996000,44,25,3,2023,25,4,2026,5,2021,Rookie Draft,Inside Mid,"midfield profile: Inside Mid:12.16, Outside Mid:-1.31",77,82,22,357,137,220,56,143,53,7,1,2,144,211,33,1.321,"2022,2023,2024,2025,2026",0,0,,,,
1119,Collingwood,Collingwood,4,31,Darcy,Cameron,VIC,99,18,7,1995,208,109,80,102,85,65,63,86,84,70,83,80,74,66,66,92,66,70,79,68,76,96,63,72,38,65,99,77,57,28,10,54,66,45,32,47,46,25,28,35,34,66,37,26,36,36,37,53,25,8,8,10,11,4,10,9,9,6,9,11,4,3,7,4,962000,14,3,4,2026,23,4,2032,48,2016,National Draft,Ruck,Dominant hitouts (28.3/game),92,93,23,408,209,199,87,80,107,3,561,24,255,142,35,0.995,"2021,2022,2023,2024,2025,2026",0,0,,,,
1120,Collingwood,Collingwood,4,28,Patrick,Lipinski,VIC,81,17,7,1998,179,77,67,66,72,74,77,69,68,72,78,67,67,72,72,75,71,78,76,71,72,70,92,76,88,58,89,54,44,35,19,51,45,61,28,32,31,21,63,46,30,19,28,23,25,30,25,34,51,7,14,9,11,10,15,9,9,14,11,9,13,10,13,13,548000,1,13,3,2023,18,5,2025,28,2016,National Draft,Outside Mid,"midfield profile: Outside Mid:2.85, Inside Mid:0.65",69,71,20,408,174,234,89,47,32,10,0,2,106,300,19,-0.26,"2021,2022,2023,2024,2025,2026",0,0,,,,
1121,Collingwood,Collingwood,4,27,Harry,Perryman,TAS,73,19,12,1998,191,92,72,65,67,74,71,67,68,66,66,72,72,73,73,70,62,68,71,77,70,73,90,70,85,82,79,54,48,71,20,51,46,60,23,24,33,38,22,29,19,15,16,24,20,25,21,24,19,6,2,8,7,12,15,15,7,10,14,9,16,2,14,16,524000,12,10,7,2025,18,1,2029,14,2016,National Draft,Medium Defender,"defensive profile: Half Back Flanker:2.52, Intercept Defender:2.43, Key Defender:1.15, Back Pocket:0.54 -> fallback Medium Defender (no standout)",67,69,16,261,168,93,72,44,7,0,0,5,59,193,31,-1.327,"2021,2022,2023,2024,2025,2026",0,0,,,,
1122,Collingwood,Collingwood,4,29,Dan,Houston,NSW,74,12,5,1997,190,87,76,66,68,76,71,69,69,68,68,76,72,74,74,75,67,72,80,82,70,74,89,76,84,75,78,53,45,44,15,52,54,57,20,34,28,37,25,26,27,28,25,16,24,26,25,28,28,2,8,7,8,15,4,2,13,5,15,5,12,8,2,6,524000,9,27,10,2023,21,4,2029,47,2021,Academy,Medium Defender,"defensive profile: Intercept Defender:3.98, Half Back Flanker:3.57, Key Defender:1.44, Back Pocket:0.37 -> fallback Medium Defender (no standout)",75,76,24,508,322,186,152,60,21,6,0,8,114,316,44,-0.392,"2021,2022,2023,2024,2025,2026",0,0,,,,
1123,Collingwood,Collingwood,4,26,Isaac,Quaynor,VIC,72,15,1,2000,197,95,77,65,66,73,70,67,68,66,67,77,76,74,74,73,61,66,78,85,69,69,89,67,65,64,84,55,45,50,25,49,46,69,28,42,42,19,18,38,20,24,26,17,22,22,24,21,36,4,14,8,10,12,12,3,15,12,13,4,14,15,15,5,477000,3,6,8,2024,14,10,2028,13,2018,National Draft,Intercept Defender,"defensive profile: Intercept Defender:5.07, Half Back Flanker:3.99, Key Defender:3.87, Back Pocket:1.73",70,70,21,358,210,148,122,58,9,0,0,5,88,256,76,-0.632,"2021,2022,2023,2024,2025,2026",0,0,,,,
1124,Collingwood,Collingwood,4,29,Brayden,Maynard,VIC,88,20,9,1996,190,85,76,65,70,74,71,72,76,67,65,76,81,76,76,72,63,69,73,90,69,64,91,74,81,81,69,52,52,52,22,67,63,59,17,28,33,13,19,24,19,15,26,14,19,19,23,18,24,10,15,6,8,4,5,3,3,3,9,5,15,3,17,12,574000,4,26,7,2024,26,2,2028,30,2014,National Draft,Intercept Defender,"defensive profile: Intercept Defender:7.86, Half Back Flanker:6.80, Key Defender:4.35, Back Pocket:2.06",75,75,17,306,224,82,88,68,8,1,0,5,78,211,67,-0.628,"2021,2022,2023,2024,2025,2026",0,0,,,,
1125,Collingwood,Collingwood,4,33,Jamie,Elliott,VIC,98,21,8,1992,191,87,75,76,64,65,65,65,68,73,63,75,63,62,62,64,82,64,66,66,65,88,56,69,83,78,70,53,50,27,3,62,49,58,44,36,22,20,20,26,18,27,36,22,24,22,24,19,19,14,9,14,3,3,7,14,6,10,12,6,4,4,10,13,709000,5,3,11,2024,10,8,2026,20,2021,Mid-Season Draft,Key Forward,"forward profile: Key Forward:13.25, Small Forward:8.10, Pressure Forward:-3.50",63,64,11,130,73,57,39,16,7,17,0,3,42,83,7,-0.575,"2021,2022,2023,2024,2025,2026",0,0,,,,
1126,Collingwood,Collingwood,4,36,Jeremy,Howe,VIC,86,29,6,1990,189,85,84,70,59,77,63,61,62,61,60,84,79,73,73,71,62,60,75,96,65,70,81,69,80,58,73,54,39,40,1,63,43,58,18,32,38,14,19,37,23,16,15,21,19,24,13,23,28,11,6,16,11,16,5,17,10,2,3,5,6,6,13,13,350000,38,9,7,2025,16,4,2028,33,2010,National Draft,Intercept Defender,"defensive profile: Intercept Defender:9.31, Key Defender:7.14, Half Back Flanker:5.15, Back Pocket:3.38",71,71,18,297,240,57,111,20,2,1,0,19,73,153,106,-0.513,"2021,2022,2023,2024,2025,2026",0,0,,,,
1127,Collingwood,Collingwood,4,30,Darcy,Moore,VIC,95,25,1,1996,200,97,77,70,59,63,57,63,64,60,60,77,80,66,66,60,61,54,56,89,64,100,60,59,79,70,71,50,48,28,16,57,45,57,23,29,51,39,18,32,21,19,22,27,16,19,23,19,25,7,8,8,5,7,6,6,2,7,7,10,3,7,10,11,681000,30,4,10,2025,11,1,2031,9,2014,National Draft,Key Defender,"defensive profile: Key Defender:12.79, Intercept Defender:11.21, Back Pocket:7.07, Half Back Flanker:-1.25",62,63,4,25,15,10,12,3,0,0,0,3,10,14,14,-1.086,"2021,2022,2023,2024,2025,2026",0,0,,,,
1128,Collingwood,Collingwood,4,28,Lachie,Schultz,NT,78,30,11,1997,192,92,70,71,81,70,74,78,79,81,76,70,75,70,70,73,78,76,81,78,77,82,92,75,67,86,92,65,60,65,38,51,48,61,24,24,34,28,40,31,45,30,45,58,25,46,56,53,32,9,3,10,13,12,7,9,12,3,9,9,5,8,12,6,574000,8,13,2,2026,28,2,2028,57,2018,National Draft,Hybrid Mid Forward,Strong in both forward (fwd_c=2.40) and midfield (mid_c=1.37) signals,74,76,22,311,168,143,91,101,18,24,0,9,116,193,18,0.068,"2021,2022,2023,2024,2025,2026",0,0,,,,
1129,Collingwood,Collingwood,4,32,Tim,Membrey,VIC,78,26,5,1994,195,92,80,80,60,68,64,62,61,65,62,80,62,61,61,69,77,63,76,65,67,98,61,68,70,72,86,56,33,47,23,48,37,66,42,42,21,23,26,33,22,23,36,25,19,23,18,23,27,16,10,17,11,5,11,1,10,8,14,9,15,17,3,11,454000,28,3,8,2023,18,3,2026,46,2012,National Draft,Key Forward,"forward profile: Key Forward:9.17, Small Forward:3.18, Pressure Forward:-4.27",65,66,20,226,133,93,104,20,2,33,0,14,72,157,27,-1.12,"2021,2022,2023,2024,2025,2026",0,0,,,,
1130,Collingwood,Collingwood,4,25,Beau,McCreery,VIC,75,19,4,2001,186,85,62,65,85,68,77,81,82,79,76,62,78,75,75,73,73,77,79,71,76,67,84,76,61,92,67,56,53,33,32,51,62,56,27,17,23,29,31,22,42,30,17,29,52,46,50,46,36,9,15,2,7,10,11,10,3,8,8,12,2,15,13,3,524000,31,11,2,2025,1,6,2031,44,2020,National Draft,Inside Mid,"midfield profile: Inside Mid:1.76, Outside Mid:0.53",74,76,23,332,169,163,50,112,38,13,0,4,131,192,23,0.206,"2021,2022,2023,2024,2025,2026",0,0,,,,
1131,Collingwood,Collingwood,4,33,Brody,Mihocek,VIC,97,4,2,1993,191,86,81,81,63,63,61,66,68,67,59,81,62,62,62,64,77,60,65,66,66,101,59,67,50,69,85,59,54,30,10,51,45,50,61,62,20,32,31,48,30,27,57,27,26,31,22,32,33,12,8,10,13,12,2,4,15,14,7,3,2,14,5,10,548000,41,4,7,2023,20,11,2025,42,2024,National Draft,Key Forward,"forward profile: Key Forward:9.64, Small Forward:4.12, Pressure Forward:-2.21",64,65,10,71,57,14,39,11,2,16,6,12,31,43,6,-0.083,"2021,2022,2023,2024,2025,2026",0,0,,,,
1132,Collingwood,Collingwood,4,31,Daniel,McStay,VIC,88,24,6,1995,199,99,86,86,71,65,62,69,68,69,65,86,69,63,63,73,76,64,80,69,72,99,67,68,99,67,83,61,41,42,41,56,44,59,24,52,32,27,22,21,20,44,40,21,30,29,19,21,25,1,4,14,14,15,3,1,9,2,12,3,8,5,2,10,599000,11,8,5,2026,23,7,2029,25,2013,National Draft,Hybrid Key Forward Ruck,"Ruck minutes (4.1 HO/g) plus forward output (CM/g=1.33, GL/g=1.06)",75,76,24,242,141,101,99,73,24,47,72,37,131,112,32,-0.797,"2021,2022,2023,2024,2025,2026",0,0,,,,
1133,Collingwood,Collingwood,4,22,Edward,Allan,VIC,79,26,5,2004,180,79,63,65,87,72,76,83,82,77,86,63,76,73,73,74,71,82,73,72,78,77,96,77,72,64,92,52,39,41,37,56,61,53,31,29,28,26,33,29,57,31,28,19,51,56,61,52,38,4,4,2,3,3,2,13,2,12,8,5,11,3,12,14,313000,16,16,5,2026,6,1,2028,52,2023,National Draft,Inside Mid,"midfield profile: Inside Mid:-1.49, Outside Mid:-2.55",78,81,19,315,124,191,27,99,48,6,0,0,123,195,19,0.167,"2024,2025,2026",0,0,,,,
1134,Collingwood,Collingwood,4,29,Billy,Frampton,WA,78,20,11,1996,201,103,80,69,61,67,60,66,67,61,62,80,83,67,67,68,60,58,77,94,66,92,64,63,70,95,87,52,43,62,1,61,46,57,20,34,56,57,31,37,27,24,21,29,30,30,23,27,25,6,3,15,14,8,6,9,6,4,10,8,12,10,5,6,524000,17,22,7,2023,10,4,2028,84,2014,National Draft,Key Defender,"defensive profile: Key Defender:11.36, Intercept Defender:10.60, Back Pocket:5.93, Half Back Flanker:-0.44",65,66,24,280,175,105,131,27,2,0,0,16,95,187,195,-0.321,"2021,2022,2023,2024,2025,2026",0,0,,,,
1135,Collingwood,Collingwood,4,30,Jordan,de Goey,VIC,87,15,3,1996,186,86,68,69,82,73,80,80,79,80,83,68,72,76,76,76,79,85,79,88,74,74,95,83,82,83,62,49,52,51,46,50,57,63,22,25,18,26,39,27,42,22,38,49,19,43,39,35,25,16,12,12,10,10,9,2,9,14,1,10,8,14,6,6,477000,2,15,11,2023,20,9,2026,5,2014,National Draft,Hybrid Mid Forward,Strong in both forward (fwd_c=1.77) and midfield (mid_c=1.64) signals,80,81,22,471,261,210,106,52,55,21,0,9,143,319,14,-1.099,"2021,2022,2023,2024,2025,2026",0,0,,,,
1136,Collingwood,Collingwood,4,32,Will,Hoskin-Elliott,TAS,75,2,9,1993,178,78,68,72,69,69,71,69,69,71,68,68,69,70,70,70,73,69,71,74,71,54,94,70,53,58,52,49,38,58,28,61,37,59,28,25,20,24,42,23,30,27,37,46,16,36,24,28,15,7,9,15,9,15,9,8,5,16,9,4,8,16,14,4,231000,32,27,1,2023,20,12,2028,4,2011,National Draft,Small Forward,"forward profile: Small Forward:1.78, Key Forward:1.19, Pressure Forward:-1.63",63,64,18,158,110,48,60,25,4,12,0,2,44,117,15,-0.333,"2021,2022,2023,2024,2025",0,0,Delisted,2026,delisted,draftguru.com.au 2024-2026 retirements/delistings (year/type sub-classification not preserved in this round's flat source list)
1137,Collingwood,Collingwood,4,19,Lachlan,Sullivan,NT,90,15,10,2007,187,86,64,65,87,72,76,83,81,78,86,64,76,73,73,74,71,83,74,73,78,80,103,78,56,84,93,53,47,43,42,45,37,50,25,25,20,21,31,31,61,22,25,22,64,58,61,56,38,2,12,15,15,14,1,15,3,4,12,12,9,10,11,9,332000,33,27,3,2023,26,7,2025,47,2025,National Draft,Inside Mid,"midfield profile: Inside Mid:-0.79, Outside Mid:-3.58",78,79,2,24,9,15,2,4,0,2,0,0,5,19,1,-0.571,"2024,2025,2026",0,0,,,,
1138,Collingwood,Collingwood,4,26,Bobby,Hill,ACT,84,9,2,2000,170,73,65,70,68,68,70,68,69,72,66,65,67,69,69,67,74,68,70,73,71,46,97,69,76,40,70,46,55,57,18,61,47,55,23,21,19,20,49,35,46,23,40,43,27,45,25,23,22,14,2,8,4,13,5,5,11,4,11,2,6,5,7,10,370000,23,17,9,2024,2,2,2030,24,2018,National Draft,Small Forward,"forward profile: Small Forward:5.44, Key Forward:2.91, Pressure Forward:-1.18",63,66,14,124,85,39,36,29,8,20,0,3,48,72,9,0.358,"2021,2022,2023,2024,2025,2026",0,0,Delisted,2026,delisted,draftguru.com.au 2024-2026 retirements/delistings (year/type sub-classification not preserved in this round's flat source list)
1139,Collingwood,Collingwood,4,33,Tom,Mitchell,SA,90,31,5,1993,180,79,67,68,89,76,79,85,83,72,88,67,79,75,75,77,74,84,73,76,82,74,93,80,74,94,77,68,59,52,21,50,53,55,15,20,26,22,26,22,39,22,23,25,43,44,49,41,35,9,11,13,5,6,2,15,15,5,11,6,7,6,8,5,1032000,6,18,4,2026,27,9,2032,21,2011,National Draft,Inside Mid,"midfield profile: Inside Mid:11.43, Outside Mid:3.00",83,84,4,93,32,61,17,24,12,0,0,0,35,56,1,-1.504,"2021,2022,2023,2024,2025",0,0,Delisted,2026,delisted,draftguru.com.au 2024-2026 retirements/delistings (year/type sub-classification not preserved in this round's flat source list)
1140,Collingwood,Collingwood,4,35,Mason,Cox,VIC,74,14,3,1991,206,106,76,88,66,60,59,69,70,66,63,76,67,60,60,73,68,57,71,59,66,94,57,62,88,86,69,60,48,58,42,53,45,66,21,44,31,26,24,17,26,50,33,27,28,27,21,22,29,9,14,3,3,12,6,16,4,9,13,9,10,9,3,2,332000,46,7,7,2024,22,11,2029,51,2023,Rookie Draft,Hybrid Key Forward Ruck,"Ruck minutes (10.4 HO/g) plus forward output (CM/g=0.90, GL/g=0.40)",64,65,16,114,70,44,38,23,25,5,239,17,63,44,28,-0.565,"2021,2022,2023,2024,2025,2026",0,0,,,,
1141,Collingwood,Collingwood,4,30,Oleg,Markov,VIC,76,1,7,1996,190,88,66,67,70,71,69,69,68,67,69,66,70,69,69,66,66,68,63,69,72,66,82,68,63,49,80,49,39,1,35,55,30,65,18,20,27,39,18,15,28,17,19,16,20,20,22,20,20,8,4,2,18,12,12,7,17,16,13,7,16,16,16,16,188000,37,9,6,2023,13,1,2028,50,2015,National Draft,Back Pocket,"defensive profile: Back Pocket:0.13, Key Defender:-1.49, Half Back Flanker:-2.42, Intercept Defender:-4.31",59,59,8,69,32,37,10,11,3,1,0,0,18,52,5,-1.765,"2021,2022,2023,2024,2025",0,0,Delisted,2026,delisted,draftguru.com.au 2024-2026 retirements/delistings (year/type sub-classification not preserved in this round's flat source list)
1142,Collingwood,Collingwood,4,21,Roan,Steele,VIC,78,14,3,2005,190,91,73,67,65,72,68,65,66,65,65,73,72,70,70,68,64,66,69,78,68,76,93,68,82,77,99,60,28,27,42,55,43,64,22,33,41,50,18,45,23,25,27,21,30,23,31,19,18,4,10,2,13,9,9,6,8,15,4,12,5,12,8,9,202000,45,22,4,2025,8,1,2031,53,2023,National Draft,Medium Defender,"defensive profile: Back Pocket:-0.28, Key Defender:-0.83, Half Back Flanker:-2.66, Intercept Defender:-3.16 -> fallback Medium Defender (no standout)",65,69,19,275,159,116,57,37,26,15,0,2,88,176,21,,,0,0,,,,
1143,Collingwood,Collingwood,4,25,Charlie,Dean,VIC,76,1,7,2001,200,97,79,71,63,67,61,66,66,62,63,79,78,65,65,66,62,58,68,85,67,87,64,63,99,79,77,46,41,51,15,58,45,54,30,36,46,43,22,27,23,24,21,27,17,29,18,20,26,9,12,9,8,3,13,5,12,10,11,10,4,13,9,2,231000,43,5,5,2024,16,4,2027,2,2021,Rookie Draft,Key Defender,"defensive profile: Key Defender:3.61, Back Pocket:2.69, Intercept Defender:1.46, Half Back Flanker:-4.09",63,64,4,42,16,26,11,3,0,0,0,0,15,25,17,,,0,0,Delisted,2026,delisted,draftguru.com.au 2024-2026 retirements/delistings (year/type sub-classification not preserved in this round's flat source list)
1144,Collingwood,Collingwood,4,21,Wil,Parker,VIC,78,28,12,2005,181,79,65,65,69,69,68,68,67,67,67,65,69,68,68,65,64,67,62,68,71,72,90,66,98,71,81,44,41,40,32,44,51,48,25,22,32,40,16,18,30,20,15,22,25,24,20,22,19,12,17,18,17,7,2,6,11,7,17,14,10,6,18,11,188000,15,22,5,2025,23,12,2029,58,2023,Academy,Back Pocket,"defensive profile: Back Pocket:1.30, Key Defender:-0.35, Intercept Defender:-1.66, Half Back Flanker:-2.02",57,65,5,55,27,28,16,6,1,0,0,0,20,34,12,-1.897,"2024,2025,2026",0,0,,,,
1145,Collingwood,Collingwood,4,24,Reef,McInnes,NSW,77,1,7,2002,185,82,74,67,65,72,68,66,66,65,65,74,72,71,71,68,64,66,68,79,68,69,88,68,74,86,66,58,35,54,45,59,33,53,31,33,53,42,30,40,33,36,36,30,29,28,33,26,27,2,4,13,5,9,11,4,6,4,3,8,8,12,6,4,188000,26,15,12,2026,16,2,2031,23,2020,National Draft,Medium Defender,"defensive profile: Key Defender:2.91, Back Pocket:2.88, Intercept Defender:2.39, Half Back Flanker:-0.84 -> fallback Medium Defender (no standout)",66,68,3,24,17,7,9,3,0,0,0,0,4,18,10,1.038,"2022,2023,2024,2025,2026",0,0,Injured,2026,knee (season-ending),"SEN Injury Hub 04/08/2026 (cross-checked AFL.com.au Medical Room, Sep 23 2026)"
1146,Collingwood,Collingwood,4,32,Will,Hayes,VIC,96,1,7,1994,183,85,62,67,66,66,63,67,68,67,66,62,67,65,65,64,67,62,61,63,69,46,94,62,99,81,63,65,53,19,10,47,27,64,25,28,25,21,36,19,50,27,18,32,33,27,20,34,22,8,3,13,2,8,15,9,12,14,10,3,13,7,4,2,278000,39,15,8,2026,25,8,2028,22,2021,Mid-Season Draft,Pressure Forward,"forward profile: Pressure Forward:3.18, Small Forward:2.62, Key Forward:-3.26",52,52,10,67,39,28,21,12,1,8,0,1,21,49,1,,,0,0,,,,
1147,Collingwood,Collingwood,4,20,Charlie,West,VIC,89,1,7,2006,180,82,64,68,67,67,68,66,67,70,64,64,65,67,67,66,74,67,68,71,69,50,94,68,77,82,65,50,29,34,51,55,40,66,29,23,18,21,43,39,36,26,35,42,26,37,19,26,20,10,11,14,5,15,4,8,6,6,12,2,1,4,10,8,140000,29,19,5,2025,16,3,2031,50,2024,National Draft,Small Forward,"forward profile: Small Forward:3.78, Key Forward:-0.83, Pressure Forward:-2.47",58,60,9,67,35,32,24,10,1,9,1,12,38,27,16,,,0,0,,,,
1148,Essendon,Essendon,5,30,Zach,Merrett,VIC,85,3,10,1995,186,82,70,66,86,81,87,79,76,83,88,70,78,81,81,80,75,93,81,77,77,69,91,90,90,71,62,72,47,26,1,47,57,60,24,22,19,26,51,43,34,17,29,18,23,34,25,35,53,2,16,2,7,14,6,4,8,13,10,15,7,14,15,14,1341000,7,7,5,2025,15,3,2030,26,2013,National Draft,Outside Mid,"midfield profile: Outside Mid:11.71, Inside Mid:10.92",94,95,23,629,330,299,106,108,79,10,0,5,183,423,31,-0.409,"2021,2022,2023,2024,2025,2026",0,0,,,,
1149,Essendon,Essendon,5,21,Archie,Roberts,WA,78,1,7,2005,181,78,73,66,66,81,80,66,68,66,70,73,65,82,82,75,65,77,74,79,67,78,99,82,66,66,51,57,50,31,19,42,62,62,25,25,31,22,59,40,20,25,24,28,27,21,22,36,59,2,9,14,2,9,3,6,14,3,9,13,14,7,11,7,830000,21,27,12,2023,1,2,2026,54,2023,National Draft,Half Back Flanker,"defensive profile: Half Back Flanker:10.61, Intercept Defender:7.36, Key Defender:1.32, Back Pocket:-1.82",74,81,21,590,407,183,115,25,23,2,0,7,126,374,16,0.277,"2024,2025,2026",0,0,,,,
1150,Essendon,Essendon,5,28,Andrew,McGrath,VIC,84,2,6,1998,181,83,67,64,73,79,82,69,67,71,79,67,69,80,80,76,67,77,76,75,74,64,86,76,66,99,51,53,43,24,10,52,33,58,15,22,16,20,43,36,17,17,25,25,18,31,29,30,33,4,16,9,14,8,9,9,7,17,10,7,11,9,16,10,928000,1,13,2,2023,25,6,2028,1,2016,National Draft,Outside Mid,"midfield profile: Outside Mid:9.14, Inside Mid:3.28",80,82,20,384,194,190,77,55,23,2,0,1,109,257,20,-0.297,"2021,2022,2023,2024,2025,2026",0,0,,,,
1151,Essendon,Essendon,5,25,Sam,Durham,VIC,84,9,7,2001,182,82,66,67,89,70,78,87,86,79,88,66,77,74,74,76,73,85,76,74,76,79,99,80,56,86,93,56,66,26,38,55,73,50,25,38,33,31,45,40,73,31,37,25,76,60,72,71,49,8,8,6,5,4,5,4,11,11,10,6,6,12,3,5,1181000,22,7,12,2024,19,11,2028,9,2020,Mid-Season Draft,Inside Mid,"midfield profile: Inside Mid:17.05, Outside Mid:0.06",81,86,20,402,189,213,72,79,82,9,0,8,179,233,21,1.037,"2021,2022,2023,2024,2025,2026",0,0,,,,
1152,Essendon,Essendon,5,28,Mason,Redman,TAS,75,26,8,1997,178,75,74,66,63,82,76,63,64,66,65,74,68,81,81,73,66,72,72,83,68,77,95,80,81,85,49,56,48,68,22,61,39,56,29,25,28,32,48,41,27,22,28,30,32,18,32,40,46,8,13,1,13,12,9,5,12,7,4,8,3,5,12,10,709000,27,17,8,2024,19,2,2028,30,2015,National Draft,Half Back Flanker,"defensive profile: Half Back Flanker:11.88, Intercept Defender:9.18, Key Defender:2.67, Back Pocket:-1.45",73,75,16,286,212,74,80,25,9,3,0,6,63,186,42,0.174,"2021,2022,2023,2024,2025,2026",0,0,,,,
1153,Essendon,Essendon,5,26,Xavier,Duursma,VIC,87,7,7,2000,180,82,73,68,70,74,76,68,68,69,75,73,67,73,73,72,69,75,73,72,72,74,92,73,60,84,67,64,48,65,15,55,42,60,29,35,33,26,64,56,39,25,31,35,27,42,39,48,67,1,9,10,4,11,10,7,13,8,5,3,10,3,3,3,738000,28,25,10,2026,12,8,2029,18,2018,National Draft,Outside Mid,"midfield profile: Outside Mid:6.61, Inside Mid:2.07",67,70,18,287,138,149,89,36,17,8,0,8,94,196,20,0.354,"2021,2022,2023,2024,2025,2026",0,0,,,,
1154,Essendon,Essendon,5,25,Nic,Martin,QLD,90,3,4,2001,186,86,71,67,73,77,81,71,71,73,76,71,69,78,78,75,73,80,72,75,72,71,96,79,92,75,85,56,44,49,13,54,50,53,29,23,32,36,66,65,42,37,24,32,36,44,42,41,74,5,11,10,10,9,2,2,11,12,11,10,4,3,5,13,1181000,37,9,1,2026,6,8,2032,28,2024,National Draft,Outside Mid,"midfield profile: Outside Mid:15.51, Inside Mid:-0.21",74,78,16,389,224,165,111,42,21,11,0,5,87,287,29,1.097,"2022,2023,2024,2025,2026",0,0,Injured,2026,knee (season-ending),"SEN Injury Hub 04/08/2026 (cross-checked AFL.com.au Medical Room, Sep 23 2026) — also confirmed directly by Tyler"
1155,Essendon,Essendon,5,25,Jaxon,Prior,TAS,95,4,6,2001,194,93,76,66,65,76,69,64,65,64,63,76,74,74,74,73,64,66,79,86,68,71,97,70,45,62,73,55,40,38,13,55,41,58,22,51,68,21,22,43,24,26,32,26,26,27,26,24,41,12,7,7,14,13,10,2,5,5,12,10,3,14,9,7,454000,25,6,4,2026,10,3,2032,59,2019,National Draft,Intercept Defender,"defensive profile: Intercept Defender:6.65, Half Back Flanker:6.00, Key Defender:3.69, Back Pocket:1.04",69,69,22,365,264,101,106,47,8,1,0,4,85,242,58,0.227,"2021,2022,2023,2024,2025,2026",0,0,,,,
1156,Essendon,Essendon,5,33,Dylan,Shiel,VIC,75,9,3,1993,177,79,72,69,75,79,83,73,74,73,79,71,72,81,81,77,75,83,73,77,74,71,96,82,69,72,80,50,47,25,61,54,72,49,31,28,20,26,62,49,30,25,18,21,29,35,27,44,54,9,15,8,6,3,6,14,5,14,4,14,9,5,9,8,799000,9,1,11,2026,3,11,2029,37,2023,National Draft,Outside Mid,"midfield profile: Outside Mid:7.97, Inside Mid:5.18",78,79,14,296,141,155,53,40,42,2,0,0,87,200,9,-0.016,"2021,2022,2023,2024,2025",0,0,Delisted,2026,delisted,draftguru.com.au 2024-2026 retirements/delistings (year/type sub-classification not preserved in this round's flat source list)
1157,Essendon,Essendon,5,24,Archie,Perkins,VIC,75,26,3,2002,193,89,69,68,65,68,70,65,66,69,66,69,64,68,68,68,70,70,71,74,68,79,99,69,51,62,71,53,44,29,5,53,42,54,55,24,27,29,24,43,32,23,58,42,29,30,24,28,25,6,12,8,4,11,10,6,12,6,2,1,8,10,1,13,432000,16,4,11,2026,26,2,2031,9,2020,National Draft,Medium Forward,"forward profile: Key Forward:1.62, Small Forward:1.48, Pressure Forward:-0.68 -> fallback Medium Forward (no standout)",59,65,16,227,131,96,86,23,1,7,0,4,56,172,8,0.273,"2021,2022,2023,2024,2025,2026",0,0,,,,
1158,Essendon,Essendon,5,25,Jye,Caldwell,VIC,99,28,9,2000,184,87,65,65,92,71,75,87,85,79,88,65,79,71,71,75,70,83,73,72,81,76,95,78,57,87,77,51,67,22,1,57,55,64,19,19,27,27,38,39,45,33,23,23,51,48,57,55,45,9,12,10,12,2,7,11,11,2,4,10,12,10,12,10,1513000,6,28,4,2023,21,1,2029,11,2018,National Draft,Inside Mid,"midfield profile: Inside Mid:19.61, Outside Mid:3.89",81,85,17,306,145,161,49,84,56,6,0,1,129,184,9,0.972,"2021,2022,2023,2024,2025,2026",0,0,,,,
1159,Essendon,Essendon,5,28,Will,Setterfield,VIC,87,1,7,1998,188,87,65,65,90,74,77,87,85,79,87,65,78,73,73,73,70,84,69,74,80,67,92,81,81,74,93,64,68,34,23,65,63,52,18,30,18,27,29,32,48,25,27,22,47,50,54,50,30,6,9,11,2,3,10,3,13,5,13,8,9,3,8,12,1032000,12,20,8,2025,8,7,2029,5,2016,National Draft,Inside Mid,"midfield profile: Inside Mid:10.90, Outside Mid:4.64",82,84,11,256,140,116,42,57,40,3,0,1,98,156,6,1.271,"2021,2022,2023,2024,2025,2026",0,0,,,,
1160,Essendon,Essendon,5,23,Ben,Hobbs,VIC,89,1,7,2003,182,83,65,66,86,73,77,82,80,75,85,65,77,73,73,76,72,82,73,74,79,70,96,78,75,87,67,58,57,22,40,59,59,53,26,24,28,27,24,27,44,17,28,22,54,45,52,57,33,14,10,15,15,15,2,11,9,5,10,13,7,11,16,10,477000,8,16,1,2026,22,8,2032,13,2021,National Draft,Inside Mid,"midfield profile: Inside Mid:2.93, Outside Mid:-1.50",78,83,18,268,129,139,38,68,31,5,0,1,101,161,5,-0.523,"2022,2023,2024,2025",0,0,Delisted,2026,delisted,draftguru.com.au 2024-2026 retirements/delistings (year/type sub-classification not preserved in this round's flat source list)
1161,Essendon,Essendon,5,20,Isaac,Kako,SA,75,1,7,2006,176,76,62,67,67,67,68,67,67,70,65,62,65,66,66,66,73,67,68,71,69,52,103,67,82,47,78,51,43,62,2,44,48,61,26,24,27,33,56,41,49,20,48,51,27,38,21,30,27,13,8,10,9,15,11,12,14,14,3,12,4,4,9,3,370000,10,18,5,2025,7,7,2027,13,2024,National Draft,Small Forward,"forward profile: Small Forward:1.88, Pressure Forward:0.32, Key Forward:-1.01",57,65,15,164,76,88,25,30,12,9,0,1,72,90,13,,,0,0,,,,
1162,Essendon,Essendon,5,28,Jade,Gresham,SA,85,24,8,1997,180,78,61,65,74,69,70,74,73,75,72,61,69,67,67,66,73,70,61,69,75,74,88,69,72,84,71,53,49,60,19,60,36,57,15,22,17,21,21,22,37,21,16,13,36,32,40,32,24,7,13,10,10,8,17,16,17,17,6,2,10,13,4,7,432000,11,23,2,2024,21,2,2028,18,2015,National Draft,Inside Mid,"midfield profile: Inside Mid:1.18, Outside Mid:-1.37",62,63,7,76,42,34,13,19,6,6,0,0,22,53,1,-1.753,"2021,2022,2023,2024,2025,2026",0,0,,,,
1163,Essendon,Essendon,5,29,Peter,Wright,VIC,96,8,9,1996,203,100,82,90,67,66,62,70,69,68,67,82,71,62,62,74,75,64,72,63,69,94,58,68,79,69,78,67,48,39,19,60,48,68,20,43,35,24,21,29,24,41,36,19,17,24,19,20,26,3,3,13,2,13,2,14,6,16,6,15,9,15,9,7,830000,20,9,3,2023,3,6,2026,8,2014,National Draft,Hybrid Key Forward Ruck,"Ruck minutes (10.4 HO/g) plus forward output (CM/g=1.47, GL/g=1.47)",74,75,18,217,132,85,77,26,22,28,196,15,99,124,49,-0.413,"2021,2022,2023,2024,2025,2026",0,0,,,,
1164,Essendon,Essendon,5,30,Jayden,Laverde,WA,97,12,4,1996,190,86,83,68,65,71,65,68,69,62,67,83,78,69,69,71,60,62,77,90,65,79,94,65,64,66,75,47,53,51,5,60,50,56,20,46,57,30,19,47,22,18,26,22,18,23,28,26,32,9,9,1,15,15,10,6,14,3,10,11,2,2,15,13,454000,15,5,4,2024,26,2,2027,20,2014,National Draft,Intercept Defender,"defensive profile: Intercept Defender:9.22, Key Defender:5.98, Half Back Flanker:5.26, Back Pocket:2.83",70,70,19,270,151,119,106,40,2,0,0,18,88,173,107,-0.255,"2021,2022,2023,2024,2025,2026",0,0,,,,
1165,Essendon,Essendon,5,20,Angus,Clarke,VIC,72,1,7,2006,179,77,71,65,65,78,78,65,66,67,67,71,67,80,80,73,66,73,71,77,68,72,99,78,61,59,76,56,41,28,20,51,42,56,31,33,20,21,45,46,21,23,28,29,25,25,28,34,62,15,7,13,11,12,12,12,11,5,7,12,3,13,11,13,454000,36,7,4,2026,6,3,2029,39,2024,National Draft,Half Back Flanker,"defensive profile: Half Back Flanker:2.66, Intercept Defender:1.35, Key Defender:-0.19, Back Pocket:-1.18",70,75,6,62,41,21,25,14,4,4,0,0,19,41,3,,,0,0,,,,
1166,Essendon,Essendon,5,38,Todd,Goldstein,ACT,98,1,7,1988,210,113,71,98,81,63,64,84,82,72,79,71,77,66,66,84,68,68,72,69,74,88,57,70,82,74,89,60,61,83,9,62,63,57,22,32,24,16,19,18,17,32,15,17,23,24,13,20,22,18,16,4,14,5,1,16,4,11,18,12,5,5,14,14,350000,17,1,3,2024,19,9,2027,37,2006,National Draft,Ruck,Dominant hitouts (26.7/game),81,81,16,192,60,132,42,19,59,1,427,1,99,96,50,-1.405,"2021,2022,2023,2024,2025",0,0,Delisted,2026,delisted,draftguru.com.au 2024-2026 retirements/delistings (year/type sub-classification not preserved in this round's flat source list)
1167,Essendon,Essendon,5,21,Nate,Caddy,VIC,87,1,7,2005,192,87,79,79,63,65,64,65,65,68,61,79,64,63,63,67,79,63,75,66,66,96,56,69,63,81,55,64,37,15,24,57,50,51,46,48,24,25,22,35,21,21,46,23,30,26,22,19,25,14,11,8,8,4,12,11,7,3,4,14,4,11,12,10,548000,30,2,12,2025,5,9,2030,10,2023,National Draft,Key Forward,"forward profile: Key Forward:8.80, Small Forward:0.75, Pressure Forward:-5.16",65,71,22,229,169,60,93,25,3,46,2,21,92,141,22,-0.158,"2024,2025,2026",0,0,,,,
1168,Essendon,Essendon,5,27,Jordan,Ridley,VIC,98,20,10,1998,195,91,82,68,59,77,69,62,62,61,62,82,70,71,71,68,62,63,66,83,65,77,92,70,86,61,82,48,42,23,32,47,36,67,30,41,50,21,22,38,28,28,30,29,20,17,20,24,38,9,14,5,5,6,13,12,3,5,7,10,10,10,14,7,411000,14,8,8,2023,22,3,2028,22,2016,National Draft,Intercept Defender,"defensive profile: Intercept Defender:6.47, Key Defender:5.83, Half Back Flanker:5.22, Back Pocket:-0.17",67,68,7,97,72,25,42,4,1,0,1,3,14,65,16,-0.109,"2021,2022,2023,2024,2025,2026",0,0,,,,
1169,Essendon,Essendon,5,24,Zach,Reid,VIC,95,1,7,2002,187,82,80,68,63,73,67,65,66,62,64,80,76,71,71,72,62,63,77,88,66,67,94,67,66,83,62,59,36,33,4,62,42,58,27,48,54,24,19,40,30,22,29,24,34,29,29,30,38,10,4,2,2,8,4,2,3,12,12,9,9,10,5,4,454000,31,22,6,2024,21,5,2027,10,2020,National Draft,Intercept Defender,"defensive profile: Intercept Defender:9.32, Key Defender:8.32, Back Pocket:3.71, Half Back Flanker:2.78",68,68,23,311,218,93,139,32,2,1,3,13,71,204,111,1.039,"2021,2022,2026",0,0,,,,
1170,Essendon,Essendon,5,19,Zak,Johnson,VIC,86,1,7,2007,183,83,71,65,65,79,78,65,66,67,68,71,67,80,80,73,66,74,72,78,67,67,94,78,93,50,70,62,32,32,16,50,34,61,22,26,18,22,37,31,21,20,25,30,28,22,30,29,53,7,6,5,7,10,4,9,9,13,9,4,2,3,3,7,390000,40,21,10,2025,28,8,2027,70,2024,National Draft,Half Back Flanker,"defensive profile: Half Back Flanker:2.79, Intercept Defender:0.96, Key Defender:0.75, Back Pocket:0.36",71,75,7,112,63,49,29,2,1,0,0,0,18,85,15,,,0,0,,,,
1171,Essendon,Essendon,5,28,Matt,Guelfi,SA,99,14,8,1997,180,78,59,66,65,65,63,65,65,68,62,59,67,63,63,60,70,61,58,65,71,46,99,61,56,74,54,53,54,72,48,59,25,46,25,29,22,26,66,39,50,21,47,48,27,47,28,21,22,9,4,12,6,10,10,3,4,14,3,11,4,11,14,10,313000,35,20,3,2024,25,3,2030,76,2017,National Draft,Small Forward,"forward profile: Small Forward:2.44, Pressure Forward:1.63, Key Forward:0.96",50,52,3,14,4,10,0,4,0,0,0,0,9,5,4,-0.148,"2021,2022,2023,2024,2025,2026",0,0,,,,
1172,Essendon,Essendon,5,20,Lachlan,Blakiston,VIC,93,23,1,2006,192,91,76,71,63,65,60,67,68,62,63,76,78,65,65,66,62,57,69,84,67,101,61,62,56,63,84,60,48,39,14,45,62,61,20,37,65,57,26,28,33,26,33,26,33,32,26,30,21,14,13,9,7,5,5,14,8,9,13,5,12,10,3,8,332000,46,6,5,2024,9,9,2030,55,2024,Rookie Draft,Key Defender,"defensive profile: Key Defender:4.27, Back Pocket:2.94, Intercept Defender:2.34, Half Back Flanker:-2.56",61,67,17,151,81,70,37,32,31,2,172,3,84,75,53,,,0,0,,,,
1173,Essendon,Essendon,5,21,Luamon,Lual,VIC,73,1,7,2005,181,78,65,65,69,69,68,68,67,67,67,65,69,68,68,65,64,67,62,68,71,71,91,66,70,81,61,43,52,46,12,48,47,61,29,17,41,48,29,20,29,18,27,19,27,21,21,18,19,3,3,12,2,12,13,5,7,14,7,10,9,5,5,9,246000,34,23,10,2025,25,11,2029,39,2023,National Draft,Back Pocket,"defensive profile: Back Pocket:0.58, Key Defender:-1.36, Half Back Flanker:-3.38, Intercept Defender:-3.92",57,59,12,103,50,53,35,26,2,4,0,1,24,75,11,,,0,0,Delisted,2026,delisted,draftguru.com.au 2024-2026 retirements/delistings (year/type sub-classification not preserved in this round's flat source list)
1174,Essendon,Essendon,5,26,Saad,El-Hawli,TAS,96,1,7,2000,191,90,73,67,65,72,68,65,66,65,65,73,71,71,71,68,64,66,67,78,68,76,90,67,86,58,63,55,39,66,26,59,52,61,16,33,39,38,24,35,17,25,24,21,25,29,18,27,26,2,9,6,12,15,6,6,15,10,7,12,7,11,11,4,313000,41,7,11,2026,11,2,2031,13,2023,Mid-Season Draft,Medium Defender,"defensive profile: Half Back Flanker:0.48, Back Pocket:0.27, Key Defender:0.11, Intercept Defender:-1.20 -> fallback Medium Defender (no standout)",64,65,8,117,70,47,29,13,5,2,0,0,38,76,6,,,0,0,,,,
1175,Essendon,Essendon,5,29,Kyle,Langford,VIC,86,1,12,1996,200,96,77,75,67,68,66,68,69,68,65,77,68,66,66,69,74,66,75,66,69,91,60,71,58,64,99,51,46,42,19,59,50,47,50,53,25,23,27,36,22,27,48,18,18,24,17,24,23,11,14,14,3,16,11,10,5,9,2,5,7,11,9,6,411000,4,12,11,2026,11,10,2028,17,2014,National Draft,Key Forward,"forward profile: Key Forward:3.65, Small Forward:1.63, Pressure Forward:-1.43",66,67,19,298,172,126,95,37,8,4,1,11,105,185,46,-1.065,"2021,2022,2023,2024,2025,2026",0,0,,,,
1176,Essendon,Essendon,5,28,Ben,McKay,SA,72,24,12,1997,192,89,83,73,61,65,59,65,65,61,62,83,74,63,63,65,62,56,69,80,66,91,64,61,90,70,69,52,50,62,15,53,45,55,21,36,50,46,18,28,26,29,22,20,25,19,25,23,21,6,8,10,1,4,16,11,14,11,13,15,15,12,13,12,477000,32,17,10,2023,1,11,2028,21,2015,National Draft,Key Defender,"defensive profile: Key Defender:7.99, Back Pocket:3.31, Intercept Defender:2.35, Half Back Flanker:-5.88",64,65,15,139,79,60,70,17,7,6,12,15,55,82,36,-0.474,"2021,2022,2023,2024,2025,2026",0,0,,,,
1177,Essendon,Essendon,5,29,Darcy,Parish,QLD,97,25,7,1997,181,84,63,63,86,75,80,81,78,75,95,63,69,75,75,76,69,90,71,74,75,73,89,83,82,61,61,58,40,70,37,63,71,61,15,22,25,21,25,19,35,21,25,19,39,36,40,40,32,18,15,4,6,8,8,6,13,17,6,4,13,12,18,14,1142000,3,23,6,2024,20,4,2028,5,2015,National Draft,Inside Mid,"midfield profile: Inside Mid:20.17, Outside Mid:3.53",84,85,14,343,171,172,52,34,74,2,0,1,130,215,4,-1.489,"2021,2022,2023,2024,2025,2026",0,0,,,,
1178,Essendon,Essendon,5,22,Elijah,Tsatas,NSW,90,1,7,2004,181,80,64,65,86,73,77,82,79,77,87,64,75,72,72,74,71,83,72,72,78,72,96,78,71,97,91,57,40,37,71,43,37,56,24,27,26,32,40,31,53,27,31,25,72,61,65,63,40,13,6,9,8,13,2,13,14,12,5,13,14,14,6,13,454000,5,8,8,2026,20,2,2030,5,2022,National Draft,Inside Mid,"midfield profile: Inside Mid:8.01, Outside Mid:-2.87",78,83,6,145,63,82,26,9,26,1,0,0,53,89,1,-0.003,"2023,2024,2025,2026",0,0,,,,
1179,Essendon,Essendon,5,24,Jye,Menzie,VIC,93,1,7,2002,197,93,79,80,65,66,64,66,67,70,62,79,66,64,64,67,77,64,72,66,68,107,69,69,96,72,86,51,40,49,34,52,35,43,54,61,24,23,22,40,21,23,60,20,26,23,26,29,25,4,12,5,16,11,14,7,8,2,4,14,4,8,5,9,262000,29,3,12,2025,4,5,2028,18,2021,Mid-Season Draft,Key Forward,"forward profile: Key Forward:4.45, Small Forward:2.68, Pressure Forward:-1.88",66,72,10,75,48,27,32,15,1,9,0,2,22,55,4,-0.797,"2022,2023,2024,2025",0,0,Delisted,2026,delisted,draftguru.com.au 2024-2026 retirements/delistings (year/type sub-classification not preserved in this round's flat source list)
1180,Essendon,Essendon,5,21,Harry,Jones,QLD,99,18,4,2005,176,75,62,67,66,66,64,68,68,67,66,62,67,65,65,64,67,62,61,62,69,51,99,62,83,80,87,55,47,36,27,63,45,47,18,22,25,25,36,29,53,31,28,31,47,38,21,42,20,12,11,7,11,8,2,9,5,3,1,10,7,12,12,14,332000,23,15,3,2025,17,6,2027,53,2023,National Draft,Pressure Forward,"forward profile: Pressure Forward:1.86, Small Forward:0.48, Key Forward:-1.42",53,55,7,61,41,20,23,16,1,2,0,1,18,43,17,,,0,0,,,,
1181,Essendon,Essendon,5,27,Sam,Draper,WA,90,28,9,1998,205,107,75,100,76,62,64,81,81,69,74,75,74,67,67,86,70,69,77,70,70,92,64,72,67,85,49,65,66,51,26,48,59,55,23,49,43,20,32,21,25,69,21,32,20,21,20,38,30,13,4,12,3,13,3,12,10,7,9,4,11,10,9,10,862000,2,21,6,2026,23,12,2031,1,2016,Rookie Draft,Ruck,Dominant hitouts (20.6/game),84,86,22,223,175,48,49,21,85,15,470,19,141,63,61,0.256,"2021,2022,2023,2024,2025,2026",0,0,,,,
1182,Essendon,Essendon,5,22,Archie,May,QLD,81,1,7,2004,201,99,79,79,64,65,63,66,66,69,61,79,65,63,63,66,78,63,72,66,67,93,63,69,45,87,88,72,47,78,29,62,52,49,50,57,29,24,30,47,23,24,54,25,25,27,24,24,33,8,9,9,4,4,12,14,10,3,9,7,12,8,4,4,411000,26,28,12,2026,23,3,2028,6,2024,Mid-Season Draft,Key Forward,"forward profile: Key Forward:3.71, Small Forward:2.43, Pressure Forward:-0.05",65,68,10,58,45,13,32,26,1,14,4,14,32,28,13,,,0,0,,,,
1183,Essendon,Essendon,5,24,Liam,McMahon,VIC,88,1,7,2002,190,90,67,70,67,66,67,67,67,70,65,67,66,66,66,66,72,66,70,70,69,79,92,66,82,67,87,57,34,32,48,43,45,43,46,25,25,23,26,44,34,28,55,43,22,34,23,22,31,15,15,7,3,11,6,8,1,4,15,6,8,4,12,6,202000,48,8,5,2025,4,3,2028,31,2020,National Draft,Medium Forward,"forward profile: Key Forward:5.71, Small Forward:5.70, Pressure Forward:-5.82 -> fallback Medium Forward (no standout)",57,58,7,46,32,14,16,1,1,12,0,2,26,19,7,,,0,0,Delisted,2026,delisted,draftguru.com.au 2024-2026 retirements/delistings (year/type sub-classification not preserved in this round's flat source list)
1184,Essendon,Essendon,5,20,Archer,Day-Wicks,WA,99,1,7,2006,185,83,66,70,67,66,67,67,69,70,64,66,67,66,66,67,71,66,71,70,69,70,91,66,83,99,85,47,36,65,60,58,55,55,45,32,27,29,30,48,36,26,45,47,31,30,31,25,25,5,12,1,8,2,4,4,1,12,13,11,7,2,15,5,188000,44,11,8,2026,19,8,2031,6,2024,Rookie Draft,Medium Forward,"forward profile: Pressure Forward:0.58, Small Forward:0.40, Key Forward:-3.26 -> fallback Medium Forward (no standout)",56,60,21,234,111,123,56,71,10,7,0,3,77,162,35,,,0,0,,,,
1185,Essendon,Essendon,5,25,Nick,Bryan,SA,78,1,7,2001,200,95,68,98,80,63,63,83,82,70,78,68,76,65,65,86,67,68,71,68,74,94,56,70,99,78,74,57,41,41,58,62,46,53,27,42,40,29,23,31,18,43,22,29,18,21,28,39,29,1,11,8,12,12,5,9,12,3,9,3,12,6,11,7,216000,24,6,12,2023,3,2,2029,38,2019,National Draft,Ruck,Dominant hitouts (19.0/game),79,82,13,144,70,74,19,28,43,2,314,1,81,67,33,0.91,"2021,2022,2023,2024,2025,2026",0,0,,,,
1186,Essendon,Essendon,5,20,Jayden,Nguyen,TAS,88,27,7,2006,189,86,65,65,69,69,68,68,67,67,68,65,69,68,68,65,64,67,62,68,71,75,85,66,63,89,86,61,45,62,28,62,30,60,22,25,45,46,19,27,37,22,19,23,26,19,26,26,24,11,10,1,10,4,10,9,13,13,11,4,7,11,3,6,262000,42,4,11,2023,9,2,2029,53,2022,Academy,Back Pocket,"defensive profile: Back Pocket:1.88, Key Defender:0.44, Intercept Defender:-2.85, Half Back Flanker:-3.72",57,63,5,58,18,40,12,7,1,0,0,1,21,37,4,,,0,0,,,,
1187,Essendon,Essendon,5,21,Vigo,Visentini,VIC,96,1,7,2005,195,93,79,71,63,67,60,66,66,62,63,79,78,65,65,66,62,58,68,86,67,101,59,63,84,54,82,63,65,23,8,51,65,50,31,46,67,52,33,39,21,30,24,31,19,27,27,28,23,9,1,11,13,3,4,14,6,14,8,3,9,15,6,10,313000,39,12,1,2025,24,4,2030,8,2023,Rookie Draft,Key Defender,"defensive profile: Key Defender:3.37, Back Pocket:2.51, Intercept Defender:1.64, Half Back Flanker:-3.38",63,65,3,46,29,17,18,11,5,1,57,1,19,27,2,,,0,0,,,,
1188,Essendon,Essendon,5,23,Oskar,Smartt,VIC,93,18,1,2003,197,98,79,79,64,66,63,66,66,69,62,79,65,63,63,67,78,63,73,66,67,84,57,69,45,86,83,51,37,25,48,52,32,51,36,51,22,24,25,37,19,18,46,20,21,27,27,23,23,7,10,1,2,14,11,14,7,10,5,4,9,6,12,2,262000,47,13,3,2023,11,3,2026,60,2021,National Draft,Key Forward,"forward profile: Key Forward:3.23, Pressure Forward:-0.41, Small Forward:-2.86",65,65,4,22,17,5,7,8,2,0,0,3,15,8,5,,,0,0,Delisted,2026,delisted,draftguru.com.au 2024-2026 retirements/delistings (year/type sub-classification not preserved in this round's flat source list)
1189,Essendon,Essendon,5,20,Rhys,Unwin,VIC,82,1,7,2006,177,79,64,68,67,67,68,67,67,70,64,64,66,67,67,66,74,67,68,71,69,54,92,68,60,86,88,62,46,23,43,53,41,61,29,26,18,17,41,25,43,20,30,35,20,36,28,22,26,14,9,15,1,13,10,2,14,2,14,13,10,11,2,9,162000,38,14,3,2026,5,7,2029,61,2024,National Draft,Small Forward,"forward profile: Small Forward:0.52, Key Forward:-0.05, Pressure Forward:-2.08",58,60,4,30,13,17,7,15,1,1,0,1,15,19,4,,,0,0,,,,
1190,Essendon,Essendon,5,21,Lewis,Hayes,ACT,74,1,7,2005,190,89,80,67,64,74,67,66,67,63,65,80,76,72,72,72,62,65,76,88,67,78,92,68,66,88,56,39,50,72,25,51,28,63,24,42,50,27,18,45,30,30,20,30,20,24,24,21,41,3,3,8,2,14,3,12,7,14,13,11,7,13,12,4,296000,18,11,12,2026,18,3,2029,25,2022,National Draft,Intercept Defender,"defensive profile: Intercept Defender:4.11, Key Defender:2.39, Half Back Flanker:1.73, Back Pocket:1.26",69,69,1,16,6,10,3,2,1,0,0,0,2,14,3,,,0,0,Injured,2026,knee (season-ending),"SEN Injury Hub 04/08/2026 (cross-checked AFL.com.au Medical Room, Sep 23 2026)"
1191,Essendon,Essendon,5,20,Tom,Edwards,VIC,95,16,10,2006,174,76,64,68,67,67,68,66,67,70,64,64,65,67,67,66,74,67,68,71,69,53,94,68,41,59,99,60,58,17,29,49,41,51,28,30,28,26,60,36,49,29,43,57,33,43,25,30,19,3,6,6,13,10,8,13,9,9,2,11,2,9,11,12,202000,45,25,9,2023,24,4,2028,46,2024,National Draft,Small Forward,"forward profile: Small Forward:7.27, Key Forward:2.60, Pressure Forward:0.53",58,60,7,64,41,23,19,13,2,8,0,6,26,37,7,,,0,0,,,,
1192,Fremantle,Fremantle,6,25,Caleb,Serong,TAS,92,9,2,2001,178,78,61,64,96,77,80,87,81,84,96,61,78,76,76,77,76,91,76,75,83,76,102,86,58,61,50,72,54,48,31,46,61,55,27,39,36,33,34,34,69,27,35,40,80,77,74,72,60,11,5,3,3,2,5,9,3,8,11,4,11,11,6,4,1745000,3,22,4,2024,16,4,2028,8,2019,National Draft,Inside Mid,"midfield profile: Inside Mid:25.25, Outside Mid:2.53",100,106,20,493,269,224,50,99,129,10,0,3,222,261,19,0.879,"2021,2022,2023,2024,2025,2026",0,0,,,,
1193,Fremantle,Fremantle,6,26,Andrew,Brayshaw,VIC,81,8,11,1999,186,86,63,64,96,75,83,91,90,88,94,63,85,76,76,79,76,91,80,75,82,71,90,83,76,73,71,68,71,85,13,53,66,69,16,25,24,20,20,30,39,26,18,25,44,40,41,36,30,3,7,5,4,12,5,16,4,4,2,13,14,8,14,16,1697000,8,11,10,2024,27,6,2026,2,2017,National Draft,Inside Mid,"midfield profile: Inside Mid:17.85, Outside Mid:6.48",98,101,23,567,257,310,74,140,93,7,0,0,191,383,45,-0.058,"2021,2022,2023,2024,2025,2026",0,0,,,,
1194,Fremantle,Fremantle,6,25,Jordan,Clark,VIC,92,16,10,2000,177,74,73,65,69,81,83,68,69,72,71,73,69,87,87,77,69,78,79,83,70,80,98,83,96,81,86,58,51,63,1,45,52,52,31,36,31,24,50,41,24,29,27,33,26,36,29,47,61,3,13,10,3,13,10,7,10,7,5,4,3,2,11,6,1032000,6,14,9,2026,23,10,2032,15,2018,National Draft,Half Back Flanker,"defensive profile: Half Back Flanker:12.19, Intercept Defender:10.10, Key Defender:3.97, Back Pocket:-0.26",83,88,23,509,326,183,112,51,28,2,0,4,111,332,40,1.089,"2021,2022,2023,2024,2025,2026",0,0,,,,
1195,Fremantle,Fremantle,6,30,Luke,Ryan,VIC,97,6,2,1996,195,93,83,66,63,82,70,67,67,64,62,83,73,77,77,75,62,66,80,94,67,69,96,76,89,82,74,55,46,75,9,50,46,61,20,48,56,23,18,38,25,29,29,26,28,29,22,27,37,2,12,3,8,2,13,9,7,6,12,7,13,14,11,1,574000,13,21,6,2024,5,7,2026,66,2016,National Draft,Intercept Defender,"defensive profile: Intercept Defender:13.32, Half Back Flanker:12.54, Key Defender:6.11, Back Pocket:1.65",81,81,22,441,337,104,152,35,5,0,0,8,78,275,65,-0.095,"2021,2022,2023,2024,2025,2026",0,0,,,,
1196,Fremantle,Fremantle,6,27,Shai,Bolton,TAS,76,8,12,1998,189,90,65,68,82,70,91,82,82,82,84,65,70,86,86,77,83,89,82,94,72,79,95,86,38,67,88,46,60,50,16,57,67,56,22,17,18,24,30,29,44,26,34,47,30,43,46,43,29,16,6,16,14,4,8,7,2,4,11,5,14,15,13,8,830000,15,16,6,2026,5,2,2029,29,2016,National Draft,Hybrid Mid Forward,Strong in both forward (fwd_c=2.74) and midfield (mid_c=2.71) signals,90,93,22,500,264,236,61,75,90,21,0,4,193,322,13,-0.516,"2021,2022,2023,2024,2025,2026",0,0,,,,
1197,Fremantle,Fremantle,6,24,Luke,Jackson,NT,80,29,9,2001,210,109,75,101,89,65,66,89,85,79,87,75,79,67,67,90,76,73,79,69,79,97,61,72,69,66,90,63,61,77,15,47,68,63,32,51,43,26,30,32,22,65,32,25,26,31,35,46,33,13,4,2,9,3,5,9,5,12,9,6,2,1,8,4,1068000,9,5,3,2026,14,10,2031,3,2019,National Draft,Ruck,Dominant hitouts (21.8/game),94,100,23,421,163,258,63,123,112,24,581,25,253,177,38,1.182,"2021,2022,2023,2024,2025,2026",0,0,,,,
1198,Fremantle,Fremantle,6,20,Murphy,Reid,QLD,78,30,7,2006,191,90,66,67,77,75,84,75,75,79,83,66,67,77,77,77,80,88,80,90,71,72,90,85,74,90,99,52,46,59,17,56,60,50,33,28,32,30,45,21,43,21,49,55,27,49,57,46,24,3,13,12,6,9,5,7,3,5,6,10,2,12,14,7,500000,16,24,9,2024,3,8,2027,17,2024,National Draft,Hybrid Mid Forward,Strong in both forward (fwd_c=1.93) and midfield (mid_c=0.66) signals,83,102,21,492,262,230,72,39,45,12,0,2,143,346,13,,,0,0,,,,
1199,Fremantle,Fremantle,6,23,Matthew,Johnson,VIC,82,16,3,2003,181,79,64,65,86,72,76,82,81,77,85,64,76,73,73,74,71,82,74,72,78,69,91,78,68,74,99,55,57,48,27,63,54,53,28,21,26,25,27,34,42,25,21,26,55,54,47,55,40,6,8,2,5,10,11,1,13,2,3,10,1,3,9,4,709000,44,3,9,2025,14,9,2031,28,2022,National Draft,Inside Mid,"midfield profile: Inside Mid:6.05, Outside Mid:3.75",77,80,22,390,166,224,70,67,59,6,0,4,125,265,15,0.222,"2023,2024,2025,2026",0,0,,,,
1200,Fremantle,Fremantle,6,24,Karl,Worner,WA,97,16,6,2002,197,92,81,66,64,75,70,67,68,64,66,81,75,74,74,72,61,65,78,87,68,75,95,69,73,95,83,54,41,31,18,47,48,53,27,73,81,41,40,58,33,33,35,38,27,33,27,41,53,3,6,8,5,3,10,3,2,6,9,6,10,2,4,3,390000,23,1,10,2026,4,6,2028,8,2021,Rookie Draft,Intercept Defender,"defensive profile: Intercept Defender:3.99, Key Defender:3.26, Half Back Flanker:2.17, Back Pocket:1.69",70,71,23,433,274,159,148,53,8,0,0,10,93,301,62,2.001,"2023,2024,2025,2026",0,0,,,,
1201,Fremantle,Fremantle,6,24,Heath,Chapman,SA,90,31,1,2002,191,89,78,67,64,73,69,65,66,64,65,78,75,72,72,73,64,66,79,84,68,74,96,68,76,85,96,52,48,62,17,58,42,51,29,54,58,32,27,45,33,30,26,30,33,26,22,31,38,14,11,5,8,1,14,5,14,7,13,5,2,9,1,5,411000,5,14,8,2024,23,11,2026,14,2020,National Draft,Intercept Defender,"defensive profile: Intercept Defender:4.10, Key Defender:3.56, Back Pocket:1.99, Half Back Flanker:1.89",68,69,22,331,198,133,115,45,5,1,0,10,80,237,74,-0.124,"2021,2022,2023,2024,2025,2026",0,0,,,,
1202,Fremantle,Fremantle,6,28,Bailey,Banfield,WA,93,26,2,1998,187,87,68,65,68,67,66,66,68,67,70,68,70,69,69,63,63,63,56,75,67,80,103,62,82,65,87,55,44,49,20,49,75,61,21,42,51,48,31,41,35,24,30,26,35,28,34,24,23,3,5,10,15,5,14,3,9,4,9,3,7,4,12,5,411000,41,13,9,2023,22,5,2026,5,2017,Rookie Draft,Medium Defender,"defensive profile: Intercept Defender:1.64, Half Back Flanker:1.57, Key Defender:1.16, Back Pocket:1.03 -> fallback Medium Defender (no standout)",60,62,1,14,4,10,3,3,1,0,0,0,6,8,1,0.131,"2021,2022,2023,2024,2025,2026",0,0,,,,
1203,Fremantle,Fremantle,6,24,Josh,Treacy,VIC,97,4,8,2002,199,97,91,85,67,67,65,67,68,72,64,91,68,65,65,69,82,67,78,71,69,100,59,72,70,85,68,57,47,82,14,57,47,58,55,60,22,33,25,38,31,28,63,38,29,31,23,28,25,6,12,8,11,7,10,7,6,2,3,12,7,1,7,8,928000,35,14,4,2024,22,1,2029,7,2020,Rookie Draft,Key Forward,"forward profile: Key Forward:15.52, Small Forward:1.40, Pressure Forward:-6.26",79,85,23,297,208,89,151,53,1,54,0,47,152,163,57,1.454,"2021,2022,2023,2024,2025,2026",0,0,,,,
1204,Fremantle,Fremantle,6,26,Michael,Frederick,WA,92,17,5,2000,174,75,66,70,65,69,70,64,64,70,63,66,65,69,69,67,76,69,71,73,69,49,103,69,63,81,79,55,41,28,7,40,39,48,31,31,22,27,62,35,47,26,50,61,30,52,27,22,23,3,1,2,6,9,16,3,6,15,5,14,4,9,5,4,411000,32,1,8,2023,22,12,2025,61,2019,National Draft,Small Forward,"forward profile: Small Forward:4.48, Key Forward:2.19, Pressure Forward:-0.74",61,65,18,218,143,75,67,38,9,23,0,5,66,158,19,-0.324,"2021,2022,2023,2024,2025,2026",0,0,,,,
1205,Fremantle,Fremantle,6,22,Neil,Erasmus,WA,90,2,12,2003,188,86,65,66,83,71,75,80,79,76,83,65,73,72,72,75,70,80,77,72,75,69,91,76,67,56,77,61,45,39,60,48,61,66,29,27,21,28,29,25,46,29,25,19,53,54,50,56,38,4,11,2,15,15,4,11,5,15,4,5,5,15,6,3,524000,28,23,2,2025,8,10,2030,10,2021,National Draft,Inside Mid,"midfield profile: Inside Mid:4.94, Outside Mid:-1.52",74,79,23,400,208,192,92,64,39,7,0,4,141,266,18,-0.531,"2022,2023,2024,2025,2026",0,0,,,,
1206,Fremantle,Fremantle,6,27,Brennan,Cox,WA,88,13,8,1998,194,90,81,70,62,67,59,65,65,61,62,81,81,64,64,68,60,56,72,89,66,98,54,62,65,56,85,49,51,40,13,63,44,68,15,28,41,46,16,24,21,23,16,27,25,25,16,15,21,10,2,4,10,16,1,12,16,14,1,8,8,8,9,2,574000,36,27,11,2023,25,9,2026,41,2016,National Draft,Key Defender,"defensive profile: Key Defender:10.78, Intercept Defender:9.21, Back Pocket:5.51, Half Back Flanker:-1.61",65,68,18,209,133,76,86,28,3,0,0,16,75,130,113,-0.897,"2021,2022,2023,2024,2025,2026",0,0,,,,
1207,Fremantle,Fremantle,6,29,Corey,Wagner,VIC,75,23,3,1997,187,85,67,64,71,76,81,68,68,71,73,67,67,78,78,72,69,79,69,74,70,72,91,79,57,95,53,55,51,49,29,47,46,57,17,23,17,21,39,33,31,23,26,15,27,31,20,35,44,9,15,16,13,14,8,2,9,3,4,12,5,9,9,8,548000,34,3,5,2025,12,2,2027,43,2015,National Draft,Outside Mid,"midfield profile: Outside Mid:1.62, Inside Mid:1.48",71,72,13,231,144,87,45,31,15,0,0,0,59,173,15,-0.449,"2023,2024,2025,2026",0,0,,,,
1208,Fremantle,Fremantle,6,32,Jaeger,O'Meara,WA,91,23,2,1994,182,82,61,64,78,70,73,76,75,74,79,61,72,69,69,67,68,75,59,69,75,74,91,71,70,65,94,45,63,54,12,53,40,69,21,17,18,22,22,26,29,18,17,22,32,30,32,32,27,9,9,8,18,6,8,18,16,13,12,14,13,13,16,1,653000,2,19,4,2026,10,4,2032,35,2021,National Draft,Inside Mid,"midfield profile: Inside Mid:7.46, Outside Mid:-0.14",66,67,6,94,45,49,17,17,10,0,0,0,29,66,3,-1.419,"2021,2022,2023,2024,2025,2026",0,0,,,,
1209,Fremantle,Fremantle,6,24,Nathan,O'Driscoll,VIC,74,17,5,2002,181,83,68,65,71,75,79,68,68,71,75,68,67,76,76,72,70,79,71,73,70,68,89,77,66,70,99,54,48,57,35,57,51,56,21,18,28,18,57,39,26,22,18,25,28,36,30,34,55,3,6,7,14,7,10,6,1,11,11,13,12,15,10,11,500000,30,7,4,2025,19,3,2027,27,2020,National Draft,Outside Mid,"midfield profile: Outside Mid:1.67, Inside Mid:1.48",69,72,16,271,129,142,61,33,12,5,0,0,83,191,24,0.215,"2022,2023,2024,2025,2026",0,0,,,,
1210,Fremantle,Fremantle,6,29,Sam,Switkowski,WA,79,20,11,1996,169,68,62,66,71,69,70,68,65,74,68,62,68,67,67,68,75,69,76,73,74,46,95,67,97,80,60,58,45,60,22,53,33,66,18,18,16,19,48,26,37,28,26,41,26,30,25,28,18,12,3,13,9,12,9,15,14,11,11,13,8,6,1,11,454000,39,10,10,2023,11,5,2025,73,2017,National Draft,Small Forward,"forward profile: Small Forward:1.94, Pressure Forward:1.25, Key Forward:-2.28",62,63,22,270,108,162,52,63,18,12,0,4,105,162,15,-0.26,"2021,2022,2023,2024,2025,2026",0,0,,,,
1211,Fremantle,Fremantle,6,23,Patrick,Voss,TAS,78,29,6,2003,195,92,77,78,65,65,64,68,70,70,62,77,66,64,64,67,79,64,75,67,68,87,64,69,59,71,65,49,60,66,19,50,59,53,58,50,26,19,31,43,24,23,49,34,34,28,24,26,27,3,10,3,9,9,10,3,11,4,10,3,8,9,8,7,574000,20,19,2,2025,24,8,2031,9,2021,Rookie Draft,Key Forward,"forward profile: Key Forward:9.60, Small Forward:5.37, Pressure Forward:-2.51",65,68,22,236,153,83,88,69,5,41,0,12,94,146,23,1.145,"2024,2025,2026",0,0,,,,
1212,Fremantle,Fremantle,6,24,Jeremy,Sharp,WA,88,13,8,2001,187,87,70,67,67,75,77,64,64,67,70,70,65,72,72,68,70,77,63,71,69,81,91,76,80,53,66,50,35,58,1,50,30,51,19,29,19,21,53,46,32,20,29,19,19,41,32,34,57,13,11,11,8,3,13,11,13,8,8,8,13,4,8,10,390000,14,3,3,2025,6,1,2030,27,2019,National Draft,Outside Mid,"midfield profile: Outside Mid:2.50, Inside Mid:-4.01",64,68,2,24,15,9,12,2,0,2,0,0,4,23,1,-0.605,"2021,2022,2024,2025,2026",0,0,,,,
1213,Fremantle,Fremantle,6,31,Alex,Pearce,VIC,99,9,6,1995,200,102,81,72,63,65,59,67,64,60,65,81,76,65,65,68,61,56,75,83,68,96,62,60,74,86,60,57,53,97,16,48,40,54,30,37,49,51,20,26,30,26,26,19,17,21,18,28,21,14,10,4,2,8,10,2,8,7,3,11,9,7,15,13,626000,25,18,4,2023,8,6,2025,37,2013,National Draft,Key Defender,"defensive profile: Key Defender:8.24, Intercept Defender:4.89, Back Pocket:2.80, Half Back Flanker:-2.37",66,67,20,166,88,78,73,20,3,0,0,21,87,86,73,0.184,"2021,2022,2023,2024,2025,2026",0,0,,,,
1214,Fremantle,Fremantle,6,23,Jye,Amiss,VIC,73,31,7,2003,202,98,85,85,61,68,61,62,59,66,60,85,62,61,61,69,81,61,79,62,69,98,56,66,99,59,85,54,43,66,1,64,33,51,41,43,24,21,22,31,18,17,47,15,18,19,25,23,20,8,13,4,3,5,10,13,10,13,7,7,13,3,4,8,390000,24,17,4,2023,24,7,2027,8,2021,National Draft,Key Forward,"forward profile: Key Forward:9.48, Small Forward:2.62, Pressure Forward:-4.82",70,82,22,212,154,58,104,20,1,58,0,30,95,122,26,-0.819,"2022,2023,2024,2025,2026",0,0,,,,
1215,Fremantle,Fremantle,6,28,Sean,Darcy,WA,97,12,6,1998,203,99,64,97,75,60,61,82,81,69,73,64,75,64,64,81,66,63,63,66,71,89,59,65,58,76,81,54,68,43,24,56,53,69,23,26,23,14,18,22,20,35,17,13,20,17,13,24,17,19,19,10,9,7,16,6,21,3,15,10,15,7,9,15,432000,4,26,7,2026,20,4,2031,38,2016,National Draft,Ruck,Dominant hitouts (26.4/game),74,75,7,50,19,31,7,12,10,2,128,2,31,17,14,-1.345,"2021,2022,2023,2024,2025,2026",0,0,,,,
1216,Fremantle,Fremantle,6,25,Hayden,Young,QLD,78,11,4,2001,188,83,66,67,81,74,80,79,75,79,82,66,72,77,77,74,78,85,74,89,76,65,90,83,77,71,66,57,46,50,58,47,44,50,16,23,20,19,38,22,35,30,32,40,21,32,35,39,28,10,9,8,13,14,9,14,3,13,12,8,10,12,8,11,653000,26,5,2,2023,20,8,2027,7,2019,National Draft,Hybrid Mid Forward,Strong in both midfield (mid_c=3.26) and forward (fwd_c=1.02) signals,79,83,14,259,136,123,54,39,48,8,1,0,101,161,15,0.233,"2021,2022,2023,2024,2025,2026",0,0,,,,
1217,Fremantle,Fremantle,6,23,Isaiah,Dudley,VIC,86,30,4,2003,177,75,62,67,67,67,68,67,68,71,64,62,66,66,66,67,75,67,71,70,70,49,106,67,64,92,60,49,41,63,44,54,44,53,28,26,31,29,61,34,47,22,45,59,31,49,22,26,33,11,11,9,11,7,1,10,12,11,4,13,9,12,15,10,246000,43,19,12,2023,4,10,2027,46,2025,Rookie Draft,Small Forward,"forward profile: Small Forward:3.51, Key Forward:0.93, Pressure Forward:-0.90",59,65,23,234,126,108,36,60,16,28,0,0,91,150,19,,,0,0,,,,
1218,Fremantle,Fremantle,6,22,Josh,Draper,ACT,91,9,2,2004,193,92,73,68,65,72,68,66,66,65,65,73,72,71,71,68,64,66,68,79,69,76,96,68,46,63,67,44,54,70,16,41,43,46,24,32,42,42,20,34,22,26,22,23,26,23,21,25,25,8,1,15,3,14,12,7,4,2,12,11,15,9,2,15,278000,37,28,4,2026,8,2,2031,53,2025,National Draft,Medium Defender,"defensive profile: Key Defender:4.36, Back Pocket:4.04, Intercept Defender:2.02, Half Back Flanker:-3.33 -> fallback Medium Defender (no standout)",66,70,11,86,48,38,27,19,4,0,6,2,41,47,46,-0.813,"2024,2025,2026",0,0,,,,
1219,Fremantle,Fremantle,6,30,Oscar,McDonald,VIC,79,18,3,1996,185,86,75,68,63,70,65,66,68,65,61,75,75,69,69,66,65,63,64,81,66,73,91,66,71,70,93,41,61,47,1,45,43,56,18,32,31,28,25,29,23,19,24,19,24,23,18,23,25,2,6,1,16,16,8,9,1,2,1,15,2,12,14,6,370000,21,4,10,2024,17,4,2030,53,2014,National Draft,Medium Defender,"defensive profile: Key Defender:2.95, Back Pocket:2.49, Intercept Defender:2.10, Half Back Flanker:-1.48 -> fallback Medium Defender (no standout)",68,69,10,127,94,33,53,17,2,1,0,6,33,91,62,-1.365,"2022,2024,2025,2026",0,0,,,,
1220,Fremantle,Fremantle,6,34,Nat,Fyfe,WA,81,18,9,1991,184,80,67,70,67,66,67,67,67,70,65,67,66,66,66,66,72,66,70,70,69,69,85,66,77,78,64,44,41,28,92,49,36,65,27,12,18,19,16,24,24,18,29,24,12,20,21,15,20,13,12,15,10,7,8,15,12,8,8,15,17,13,16,15,140000,7,26,6,2024,3,10,2027,55,2020,National Draft,Medium Forward,"forward profile: Small Forward:-1.37, Pressure Forward:-1.67, Key Forward:-2.15 -> fallback Medium Forward (no standout)",57,57,8,48,17,31,9,6,8,0,0,1,19,30,3,-1.778,"2021,2022,2023,2024,2025",0,0,Retired,2025,retired,draftguru.com.au 2025 retirements (listed as 'Nathan Fyfe')
1221,Fremantle,Fremantle,6,21,Cooper,Simpson,WA,96,13,2,2005,187,88,74,67,64,72,68,66,66,65,65,74,72,71,71,68,64,65,68,79,68,65,84,67,93,67,52,48,41,64,52,66,33,65,21,35,37,48,35,37,27,22,25,29,25,24,24,20,32,5,5,5,13,8,9,8,10,2,5,3,9,7,10,8,216000,29,27,12,2023,13,7,2029,35,2023,National Draft,Medium Defender,"defensive profile: Half Back Flanker:0.08, Back Pocket:-1.09, Key Defender:-1.88, Intercept Defender:-2.01 -> fallback Medium Defender (no standout)",66,67,3,32,22,10,8,3,0,1,0,0,3,29,1,2.35,"2024,2025,2026",0,0,,,,
1222,Fremantle,Fremantle,6,30,James,Aish,QLD,85,8,11,1995,184,82,66,68,67,71,69,66,66,67,69,67,71,70,71,66,67,68,60,71,72,76,89,69,82,75,72,67,28,64,67,46,17,60,22,24,41,55,21,27,35,23,25,24,30,21,19,17,25,6,11,8,2,6,4,13,9,9,6,5,6,5,13,15,140000,11,28,1,2023,12,9,2028,7,2013,National Draft,Back Pocket,"defensive profile: Back Pocket:0.50, Key Defender:-0.41, Intercept Defender:-3.50, Half Back Flanker:-4.14",60,61,3,23,11,12,4,2,1,0,0,0,7,16,3,-0.116,"2021,2022,2023,2024,2025",0,0,Delisted,2026,delisted,draftguru.com.au 2024-2026 retirements/delistings (year/type sub-classification not preserved in this round's flat source list)
1223,Fremantle,Fremantle,6,23,Brandon,Walker,WA,77,17,10,2002,187,84,65,66,62,73,65,62,59,63,64,65,71,69,69,64,63,63,60,78,69,75,95,64,89,63,55,70,43,44,34,51,15,60,37,46,52,49,24,45,25,24,24,33,31,33,26,30,30,8,12,3,10,5,5,12,13,2,1,14,8,7,1,5,246000,31,2,11,2024,18,11,2028,50,2020,National Draft,Medium Defender,"defensive profile: Back Pocket:1.46, Key Defender:1.42, Intercept Defender:-2.22, Half Back Flanker:-3.65 -> fallback Medium Defender (no standout)",61,66,1,10,5,5,0,1,1,0,0,0,3,7,3,0.614,"2021,2022,2023,2024,2025,2026",0,0,,,,
1224,Fremantle,Fremantle,6,28,Quinton,Narkle,WA,92,3,12,1997,173,74,65,69,68,68,69,67,68,71,65,65,67,68,68,67,73,68,68,72,70,50,91,68,99,71,82,50,29,53,62,59,11,54,17,19,18,22,38,26,27,22,32,38,14,23,21,18,16,14,7,6,17,16,12,8,8,8,7,6,7,8,8,12,140000,19,13,4,2026,18,6,2028,60,2016,National Draft,Small Forward,"forward profile: Small Forward:1.06, Key Forward:-1.69, Pressure Forward:-2.49",60,61,2,10,6,4,2,2,0,1,0,0,2,8,0,-1.656,"2021,2022,2023,2024,2025",0,0,Delisted,2026,delisted,draftguru.com.au 2024-2026 retirements/delistings (year/type sub-classification not preserved in this round's flat source list)
1225,Fremantle,Fremantle,6,26,Liam,Reidy,NSW,89,14,6,2000,203,99,71,99,81,63,63,84,83,72,79,71,77,66,66,87,68,69,72,69,74,103,61,70,94,66,93,36,84,44,22,54,56,58,26,39,33,26,26,29,26,60,18,20,29,23,18,36,27,1,15,6,13,15,7,13,4,8,12,9,15,8,4,2,188000,18,18,2,2026,1,3,2030,13,2022,Rookie Draft,Ruck,Dominant hitouts (18.0/game),82,83,4,42,20,22,3,14,11,0,65,1,25,15,6,-0.992,"2024,2025,2026",0,0,,,,
1226,Geelong,Geelong,7,25,Bailey,Smith,VIC,76,7,12,2000,184,83,66,64,92,80,89,87,86,86,92,66,78,83,83,81,78,98,79,79,78,72,87,96,70,60,92,45,69,13,31,58,76,59,27,27,23,33,28,29,56,29,29,30,56,56,54,58,41,10,9,5,7,8,5,7,7,5,9,3,7,3,6,13,1794000,3,11,9,2026,26,12,2030,7,2018,National Draft,Inside Mid,"midfield profile: Inside Mid:16.61, Outside Mid:14.28",100,103,22,718,439,279,87,104,121,11,0,3,248,431,28,0.562,"2021,2022,2023,2024,2026",0,0,,,,
1227,Geelong,Geelong,7,23,Max,Holmes,WA,82,29,8,2002,178,76,72,65,80,82,95,76,74,78,85,72,71,95,95,77,75,93,74,80,73,72,95,93,45,83,70,54,52,62,12,51,58,62,35,24,30,38,69,66,37,29,29,39,37,45,40,52,82,3,8,5,8,9,6,1,6,9,11,11,12,5,8,9,1894000,9,23,8,2023,13,5,2028,20,2020,National Draft,Outside Mid,"midfield profile: Outside Mid:18.02, Inside Mid:12.30",95,106,18,525,308,217,88,55,76,4,0,2,167,311,18,1.819,"2021,2022,2023,2024,2025,2026",0,0,,,,
1228,Geelong,Geelong,7,27,Gryan,Miers,WA,81,30,3,1999,178,75,70,65,72,78,81,67,68,78,75,70,67,74,74,73,76,83,70,73,72,71,91,82,73,71,88,60,42,69,18,66,46,64,19,31,22,31,42,49,38,20,22,18,32,38,31,32,47,3,12,3,4,12,4,8,3,12,5,8,2,11,4,4,894000,32,25,4,2024,28,5,2027,57,2017,National Draft,Outside Mid,"midfield profile: Outside Mid:11.76, Inside Mid:0.12",73,75,15,307,166,141,74,34,15,4,0,0,72,236,8,0.954,"2021,2022,2023,2024,2025,2026",0,0,,,,
1229,Geelong,Geelong,7,30,Tom,Atkins,SA,86,18,9,1995,189,88,58,64,100,69,73,94,91,84,89,58,86,70,70,76,69,80,80,71,86,79,92,75,73,70,74,62,79,58,29,46,63,64,33,28,25,20,36,35,59,24,22,25,55,59,53,58,36,13,2,6,3,5,5,9,12,2,7,6,12,1,8,3,1383000,30,18,6,2023,24,1,2029,5,2023,National Draft,Inside Mid,"midfield profile: Inside Mid:21.92, Outside Mid:-3.76",85,86,23,423,173,250,33,139,89,4,0,0,225,201,29,0.458,"2021,2022,2023,2024,2025,2026",0,0,,,,
1230,Geelong,Geelong,7,28,Zach,Guthrie,VIC,77,30,6,1998,195,93,79,66,66,76,69,66,65,65,65,79,73,72,72,74,62,67,81,85,69,79,98,70,69,82,82,58,40,39,37,42,40,56,26,67,76,34,25,61,24,27,25,36,30,25,31,37,56,12,7,4,6,4,3,10,7,2,3,7,9,7,3,11,599000,39,26,7,2024,10,8,2026,43,2025,Rookie Draft,Intercept Defender,"defensive profile: Intercept Defender:7.04, Half Back Flanker:6.03, Key Defender:4.30, Back Pocket:0.82",71,72,23,366,234,132,117,58,16,1,0,6,91,259,59,0.59,"2021,2022,2023,2024,2025,2026",0,0,,,,
1231,Geelong,Geelong,7,23,Oliver,Dempsey,WA,86,1,7,2003,193,93,75,71,77,75,79,74,70,74,81,75,67,74,74,77,78,83,81,83,73,71,94,80,86,82,86,53,44,52,12,46,45,55,38,29,31,28,51,31,62,28,58,59,35,60,58,59,34,3,4,1,3,9,11,3,5,4,8,9,3,8,6,2,681000,28,14,2,2024,2,9,2030,13,2021,Rookie Draft,Hybrid Mid Forward,Strong in both forward (fwd_c=3.44) and midfield (mid_c=0.87) signals,78,89,23,456,228,228,118,44,36,30,0,16,155,281,23,1.311,"2022,2023,2024,2025,2026",0,0,,,,
1232,Geelong,Geelong,7,29,Shaun,Mannagh,VIC,88,1,7,1997,187,88,66,68,81,74,80,78,77,80,79,66,71,76,76,75,81,85,80,89,74,74,100,85,85,68,82,54,60,48,10,51,53,59,24,25,29,23,44,21,40,33,49,44,21,46,52,45,26,6,13,12,2,1,5,7,12,8,5,9,5,6,8,13,862000,7,11,1,2024,3,6,2030,36,2023,National Draft,Hybrid Mid Forward,Strong in both midfield (mid_c=4.26) and forward (fwd_c=3.03) signals,79,80,23,396,275,121,60,69,57,35,0,2,142,241,13,-0.023,"2024,2025,2026",0,0,,,,
1233,Geelong,Geelong,7,23,Lawson,Humphries,VIC,85,1,7,2003,180,76,72,64,66,80,78,64,66,66,67,72,68,80,80,74,65,73,76,80,68,78,91,79,74,94,70,58,38,36,19,50,47,54,23,15,17,19,36,28,22,15,20,24,24,21,25,27,34,6,15,15,13,14,15,6,5,6,6,7,2,9,8,6,653000,17,16,10,2026,2,1,2030,63,2023,National Draft,Half Back Flanker,"defensive profile: Half Back Flanker:8.49, Intercept Defender:5.38, Key Defender:1.80, Back Pocket:0.21",71,75,22,450,319,131,126,49,18,5,0,4,100,297,57,-1.546,"2024,2025,2026",0,0,,,,
1234,Geelong,Geelong,7,33,Tom,Stewart,VIC,92,15,3,1993,184,84,82,68,68,79,68,69,68,63,68,82,71,76,76,73,62,67,77,88,69,67,89,73,67,81,64,59,46,28,14,62,50,56,24,33,27,35,18,36,27,18,18,20,16,16,22,16,18,16,13,14,10,3,6,4,14,9,14,12,1,12,1,8,500000,44,1,5,2025,22,6,2031,40,2016,National Draft,Medium Defender,"defensive profile: Half Back Flanker:8.47, Intercept Defender:7.99, Key Defender:3.96, Back Pocket:-0.08 -> fallback Medium Defender (no standout)",74,75,21,442,320,122,117,30,10,1,0,15,127,225,67,-0.651,"2021,2022,2023,2024,2025,2026",0,0,,,,
1235,Geelong,Geelong,7,35,Mark,Blicavs,VIC,81,28,3,1991,206,108,74,83,76,66,64,77,74,69,76,74,75,64,64,76,67,68,73,67,74,101,63,68,94,66,79,57,53,42,33,52,47,56,20,36,31,23,22,17,23,46,34,26,21,29,19,16,29,2,10,8,9,10,10,5,13,10,12,7,7,10,3,13,653000,46,17,2,2026,27,11,2032,31,2023,National Draft,Hybrid Key Forward Ruck,"Ruck minutes (13.6 HO/g) plus forward output (CM/g=0.72, GL/g=0.44)",70,71,18,245,104,141,48,50,41,5,184,10,130,113,52,-0.828,"2021,2022,2023,2024,2025,2026",0,0,,,,
1236,Geelong,Geelong,7,33,Jeremy,Cameron,VIC,82,1,4,1993,198,95,84,81,60,70,70,63,68,74,59,84,62,68,68,70,89,70,73,73,62,97,58,79,49,71,74,53,47,47,1,41,59,56,56,62,29,30,25,49,29,31,63,27,29,22,26,31,30,3,3,2,12,14,5,6,9,3,7,4,5,4,7,14,996000,5,28,4,2026,21,11,2029,10,2025,National Draft,Key Forward,"forward profile: Key Forward:18.70, Small Forward:11.13, Pressure Forward:-7.34",74,75,17,249,195,54,110,18,6,39,1,12,53,188,21,-0.05,"2021,2022,2023,2024,2025,2026",0,0,,,,
1237,Geelong,Geelong,7,36,Patrick,Dangerfield,VIC,95,5,4,1990,194,92,72,73,79,69,75,77,76,80,79,72,69,72,72,72,84,82,75,86,71,74,96,80,40,74,99,63,50,39,54,45,60,51,26,24,24,23,42,22,40,21,38,51,21,42,47,48,25,16,8,10,8,13,4,8,11,10,4,9,9,9,10,3,738000,35,19,1,2026,20,4,2030,10,2007,National Draft,Hybrid Mid Forward,Strong in both forward (fwd_c=4.52) and midfield (mid_c=1.31) signals,76,77,17,249,136,113,57,26,30,23,0,9,118,135,20,-1.018,"2021,2022,2023,2024,2025,2026",0,0,,,,
1238,Geelong,Geelong,7,29,Mark,O'Connor,VIC,81,17,1,1997,194,91,72,66,67,71,67,68,68,68,67,72,71,68,68,70,67,67,75,73,71,74,92,67,61,76,95,56,53,14,19,61,42,61,30,39,44,50,30,42,31,18,19,29,27,24,30,26,19,12,9,12,8,7,15,11,2,15,15,15,7,7,6,13,477000,42,16,8,2023,21,6,2029,40,2024,Rookie Draft,Medium Defender,"defensive profile: Key Defender:1.05, Intercept Defender:0.83, Back Pocket:0.71, Half Back Flanker:0.47 -> fallback Medium Defender (no standout)",64,65,20,292,154,138,92,48,18,4,0,3,94,202,41,-0.432,"2021,2022,2023,2024,2025,2026",0,0,,,,
1239,Geelong,Geelong,7,28,Brad,Close,TAS,83,30,7,1998,194,92,69,72,66,68,65,63,62,74,64,69,66,64,64,67,78,65,72,69,70,96,59,70,99,65,54,66,36,53,14,43,33,60,45,49,21,28,23,35,30,23,51,24,18,28,25,28,26,14,10,5,10,7,5,7,7,2,1,11,7,15,4,14,432000,45,8,6,2026,13,3,2029,14,2019,Rookie Draft,Key Forward,"forward profile: Key Forward:2.44, Small Forward:1.19, Pressure Forward:-1.17",60,62,16,164,77,87,30,36,4,10,0,2,63,103,13,-0.704,"2021,2022,2023,2024,2025,2026",0,0,,,,
1240,Geelong,Geelong,7,21,Connor,O'Sullivan,VIC,84,1,7,2005,194,91,85,71,64,68,62,68,67,63,66,85,80,67,67,70,62,61,75,89,68,98,63,66,50,99,69,57,43,24,11,44,51,50,35,53,78,70,32,42,32,32,28,29,23,34,38,37,35,5,2,4,11,10,11,6,8,11,2,10,5,11,2,4,653000,14,27,8,2023,20,10,2025,11,2023,National Draft,Key Defender,"defensive profile: Key Defender:8.58, Intercept Defender:7.08, Back Pocket:3.85, Half Back Flanker:-0.50",70,92,23,354,217,137,153,39,3,1,1,25,127,216,126,1.657,"2024,2025,2026",0,0,,,,
1241,Geelong,Geelong,7,25,Sam,De Koning,SA,89,26,2,2001,202,100,79,82,68,64,63,71,71,66,73,79,72,65,65,72,67,65,72,64,68,102,57,67,95,89,70,56,42,64,48,59,56,63,32,61,44,27,22,22,28,58,46,33,23,37,36,36,23,7,10,4,11,2,10,5,8,11,6,4,9,12,10,7,524000,16,23,8,2025,8,8,2027,19,2019,National Draft,Hybrid Key Forward Ruck,"Ruck minutes (3.6 HO/g) plus forward output (CM/g=0.70, GL/g=0.13)",70,75,19,273,109,164,69,29,39,1,140,21,139,128,74,0.969,"2021,2022,2023,2024,2025,2026",0,0,,,,
1242,Geelong,Geelong,7,28,Jack,Bowes,VIC,79,26,1,1998,180,79,67,66,74,73,78,73,73,74,74,67,69,74,74,69,73,78,64,73,69,76,86,78,66,76,62,53,53,40,33,56,63,50,19,27,21,27,47,35,28,18,20,25,22,28,34,34,44,7,12,10,1,4,14,15,9,13,10,6,15,6,12,9,524000,12,10,9,2024,15,10,2029,10,2016,National Draft,Outside Mid,"midfield profile: Outside Mid:1.19, Inside Mid:0.76",68,69,9,158,91,67,33,22,9,7,0,3,48,106,5,-0.153,"2021,2022,2023,2024,2025,2026",0,0,,,,
1243,Geelong,Geelong,7,27,Tyson,Stengle,QLD,76,19,10,1998,169,68,66,70,69,69,70,68,69,72,66,66,67,68,68,68,74,69,70,73,71,49,108,70,73,85,65,53,50,70,5,57,47,53,26,30,26,32,72,41,57,26,44,65,28,42,32,25,24,15,6,5,7,5,15,7,2,15,8,10,16,5,14,2,500000,18,23,2,2025,5,6,2027,6,2016,Rookie Draft,Small Forward,"forward profile: Small Forward:5.53, Key Forward:4.29, Pressure Forward:0.50",63,67,24,297,195,102,73,73,19,34,0,5,120,176,18,-0.412,"2022,2023,2024,2025,2026",0,0,Delisted,2026,delisted,draftguru.com.au 2024-2026 retirements/delistings (year/type sub-classification not preserved in this round's flat source list)
1244,Geelong,Geelong,7,27,Jack,Henry,VIC,73,29,8,1998,198,98,82,71,60,70,59,63,60,60,60,82,75,64,64,68,62,57,74,83,69,91,61,65,75,44,77,59,35,33,28,51,28,58,21,34,43,43,19,30,26,24,23,22,21,26,20,20,23,3,9,3,14,14,12,6,13,4,7,11,5,14,6,11,626000,38,6,11,2026,10,1,2028,16,2016,Rookie Draft,Key Defender,"defensive profile: Key Defender:8.07, Intercept Defender:6.65, Back Pocket:2.30, Half Back Flanker:0.85",65,67,19,181,119,62,84,22,3,6,4,11,66,109,92,-0.45,"2021,2022,2023,2024,2025,2026",0,0,,,,
1245,Geelong,Geelong,7,22,Oisin,Mullin,VIC,98,13,1,2004,181,78,64,64,72,68,68,71,70,69,69,64,71,67,67,67,65,68,69,67,73,70,91,65,95,59,98,54,51,40,24,48,49,57,30,27,33,50,25,28,37,17,30,18,29,30,23,31,23,3,9,7,11,4,10,2,1,9,7,15,14,13,2,4,370000,34,6,5,2024,15,7,2027,48,2022,National Draft,Back Pocket,"defensive profile: Back Pocket:1.49, Key Defender:-0.17, Intercept Defender:-2.78, Half Back Flanker:-3.43",59,64,23,317,147,170,72,94,64,3,0,0,131,190,31,-0.055,"2023,2024,2025,2026",0,0,,,,
1246,Geelong,Geelong,7,24,Shannon,Neale,NT,89,1,7,2002,205,107,82,87,70,62,63,74,75,72,68,82,70,64,64,71,77,65,74,68,69,93,61,68,72,70,90,52,55,92,37,56,57,57,23,44,36,30,29,29,28,59,38,31,28,33,31,31,24,3,8,10,7,11,4,5,5,5,3,9,8,6,13,8,738000,33,8,7,2023,11,3,2025,33,2020,National Draft,Hybrid Key Forward Ruck,"Ruck minutes (4.3 HO/g) plus forward output (CM/g=1.36, GL/g=1.76)",73,77,23,249,152,97,102,61,18,47,108,30,126,136,41,1.282,"2022,2023,2024,2025,2026",0,0,,,,
1247,Geelong,Geelong,7,35,Rhys,Stanley,NSW,88,1,12,1990,202,98,72,96,78,69,67,76,71,79,76,72,81,67,67,79,75,72,53,70,78,92,64,74,85,68,81,56,57,55,31,57,15,67,21,39,36,26,24,25,17,47,27,19,22,21,17,31,18,7,14,6,8,13,4,8,4,3,16,16,11,4,11,7,432000,1,27,4,2023,11,2,2026,47,2008,National Draft,Ruck,Dominant hitouts (24.9/game),78,79,1,17,8,9,3,3,3,0,17,1,8,8,6,-0.943,"2021,2022,2023,2024,2025,2026",0,0,,,,
1248,Geelong,Geelong,7,31,Jack,Martin,TAS,94,29,1,1995,194,90,76,76,65,65,64,68,69,70,62,76,63,62,62,68,75,62,74,63,66,98,56,66,67,77,51,51,46,49,58,49,54,55,56,52,22,26,28,40,26,24,57,22,24,21,29,23,28,14,6,3,6,8,15,6,6,2,12,16,1,11,7,4,477000,19,23,10,2026,23,2,2028,1,2019,Pre-Season Draft,Key Forward,"forward profile: Key Forward:3.85, Small Forward:2.35, Pressure Forward:-1.32",63,64,18,201,117,84,73,44,12,22,0,7,77,130,12,-0.428,"2021,2022,2023,2024,2025,2026",0,0,,,,
1249,Geelong,Geelong,7,24,Oliver,Henry,VIC,97,29,7,2002,200,99,74,77,65,64,63,65,65,71,61,74,64,63,63,68,80,63,77,67,68,106,57,69,70,82,78,58,38,37,11,42,47,44,68,72,31,32,32,47,24,24,55,29,29,22,24,25,24,12,10,3,9,1,1,14,7,11,10,4,7,2,3,11,332000,36,19,8,2026,17,12,2028,17,2020,National Draft,Key Forward,"forward profile: Key Forward:3.92, Small Forward:1.81, Pressure Forward:-1.81",63,70,22,242,155,87,75,44,9,42,0,13,105,142,18,0.221,"2021,2022,2023,2024,2025,2026",0,0,,,,
1250,Geelong,Geelong,7,35,Mitch,Duncan,VIC,95,10,6,1991,185,83,73,67,67,78,77,67,68,69,69,72,69,77,78,75,71,74,68,77,70,80,97,78,60,64,99,56,37,36,30,46,43,56,27,24,22,27,44,38,22,28,21,22,20,27,23,34,50,18,18,12,7,16,11,15,13,2,4,6,12,16,6,2,296000,22,5,1,2025,13,4,2028,28,2009,National Draft,Half Back Flanker,"defensive profile: Half Back Flanker:0.31, Back Pocket:-0.86, Key Defender:-1.40, Intercept Defender:-1.59",70,71,9,116,76,40,38,13,6,1,0,0,26,80,4,-1.43,"2021,2022,2023,2024,2025",0,0,Delisted,2026,delisted,draftguru.com.au 2024-2026 retirements/delistings (year/type sub-classification not preserved in this round's flat source list)
1251,Geelong,Geelong,7,22,Jhye,Clark,VIC,94,1,7,2004,186,84,67,66,69,69,68,68,68,67,68,67,69,68,68,65,65,69,62,67,71,73,102,68,74,83,80,55,34,11,46,43,58,46,24,31,45,56,25,27,37,29,32,29,20,32,23,25,24,6,8,6,9,14,9,6,3,3,9,9,8,6,14,14,231000,13,16,1,2024,22,1,2028,8,2022,National Draft,Back Pocket,"defensive profile: Back Pocket:0.78, Key Defender:-0.70, Half Back Flanker:-2.67, Intercept Defender:-2.70",57,63,9,147,76,71,40,24,8,3,0,4,48,97,10,-0.409,"2024,2025,2026",0,0,,,,
1252,Geelong,Geelong,7,23,Mitch,Knevitt,TAS,87,1,7,2003,186,86,64,65,86,72,75,82,80,77,84,64,76,72,72,73,71,81,71,72,78,73,95,76,88,88,63,55,41,74,62,60,37,52,31,30,28,29,41,38,62,23,24,29,58,60,65,62,39,5,2,1,13,7,11,3,9,11,9,10,10,2,12,11,432000,10,13,3,2023,13,4,2025,25,2021,National Draft,Inside Mid,"midfield profile: Inside Mid:2.99, Outside Mid:-4.30",76,79,2,21,11,10,4,7,2,2,0,1,11,10,1,0.402,"2022,2023,2024,2025,2026",0,0,,,,
1253,Geelong,Geelong,7,21,Ted,Clohesy,SA,98,23,2,2005,181,81,62,67,67,66,64,68,68,68,66,62,67,65,65,64,67,63,61,63,69,47,99,62,77,68,65,56,42,76,71,58,45,56,30,22,26,29,35,25,57,24,28,38,40,38,25,41,29,1,5,13,5,14,9,5,10,12,3,15,2,14,10,2,231000,40,17,8,2026,4,8,2028,53,2023,Academy,Pressure Forward,"forward profile: Pressure Forward:1.32, Small Forward:-0.21, Key Forward:-1.73",53,64,9,71,48,23,16,22,12,2,0,3,34,39,4,,,0,0,Delisted,2026,delisted,draftguru.com.au 2024-2026 retirements/delistings (year/type sub-classification not preserved in this round's flat source list)
1254,Geelong,Geelong,7,32,Jed,Bews,NSW,76,14,12,1993,185,81,76,70,67,74,71,68,69,68,68,76,74,73,73,70,67,69,70,81,71,81,99,70,64,54,98,50,45,45,26,52,40,55,28,31,43,43,21,44,27,24,23,28,25,24,32,32,26,1,1,13,9,9,6,13,11,13,2,8,10,8,10,3,390000,24,25,7,2025,4,6,2030,86,2011,National Draft,Medium Defender,"defensive profile: Half Back Flanker:3.65, Intercept Defender:3.24, Key Defender:1.17, Back Pocket:0.65 -> fallback Medium Defender (no standout)",71,72,4,56,38,18,24,7,5,0,0,0,18,39,7,0.014,"2021,2022,2023,2024,2025,2026",0,0,Delisted,2026,delisted,draftguru.com.au 2024-2026 retirements/delistings (year/type sub-classification not preserved in this round's flat source list)
1255,Geelong,Geelong,7,21,George,Stevens,NT,88,1,7,2005,187,84,68,68,83,73,81,81,80,80,83,68,72,77,77,76,80,85,79,88,75,74,90,84,62,54,93,79,40,63,39,55,22,46,30,20,26,28,41,29,51,28,40,55,23,42,45,45,25,3,5,5,10,12,13,14,10,11,9,10,10,11,3,10,524000,15,18,5,2024,1,9,2026,58,2023,National Draft,Hybrid Mid Forward,Strong in both midfield (mid_c=3.00) and forward (fwd_c=0.89) signals,80,81,2,29,11,18,5,6,7,1,0,0,12,18,2,,,0,0,,,,
1256,Geelong,Geelong,7,20,Oliver,Wiltshire,VIC,72,6,5,2006,180,83,64,68,67,67,69,66,67,70,64,64,65,67,67,66,74,67,68,72,69,54,104,67,75,95,60,67,31,15,38,62,43,55,21,25,29,21,62,43,50,29,47,56,25,35,30,29,23,7,10,7,13,4,11,4,6,1,6,9,7,15,7,14,150000,21,26,10,2025,25,4,2027,54,2024,Rookie Draft,Small Forward,"forward profile: Small Forward:1.33, Key Forward:-0.55, Pressure Forward:-1.26",59,64,14,148,81,67,21,22,8,13,0,1,51,91,9,,,0,0,,,,
1257,Gold Coast,Gold Coast,8,25,Noah,Anderson,WA,78,17,2,2001,185,87,66,65,88,78,88,84,82,81,92,66,74,83,83,79,77,95,79,78,76,69,93,91,58,62,93,55,55,81,9,64,68,57,21,28,20,20,35,24,48,19,24,20,60,50,48,59,41,7,3,14,9,13,7,2,5,3,12,13,2,6,11,8,1650000,15,12,12,2025,5,5,2029,2,2019,National Draft,Inside Mid,"midfield profile: Inside Mid:19.23, Outside Mid:10.22",97,102,22,608,365,243,112,79,117,7,0,2,205,406,17,0.742,"2021,2022,2023,2024,2025,2026",0,0,,,,
1258,Gold Coast,Gold Coast,8,25,Matt,Rowell,VIC,80,1,7,2001,178,78,62,64,99,71,80,98,96,89,98,62,85,77,77,77,76,91,74,75,85,81,94,85,47,76,83,61,96,71,15,44,85,51,28,40,32,39,41,38,71,37,37,33,80,75,74,72,50,11,11,11,2,7,10,3,3,7,1,8,10,11,7,5,2103000,18,9,6,2026,10,2,2032,1,2019,National Draft,Inside Mid,"midfield profile: Inside Mid:29.31, Outside Mid:2.05",100,106,18,471,248,223,42,125,136,3,0,4,255,213,7,1.49,"2021,2022,2023,2024,2025,2026",0,0,,,,
1259,Gold Coast,Gold Coast,8,29,John,Noble,NT,90,25,3,1997,183,82,74,64,65,82,83,66,69,67,70,74,66,85,85,78,66,79,79,81,65,69,96,84,62,48,91,51,51,52,1,62,55,59,27,32,27,20,52,46,31,22,28,33,33,25,30,38,50,14,9,6,8,11,11,9,5,14,5,1,9,6,1,9,1032000,2,15,12,2025,14,2,2029,24,2023,National Draft,Half Back Flanker,"defensive profile: Half Back Flanker:14.80, Intercept Defender:8.95, Key Defender:1.57, Back Pocket:-1.72",79,80,23,605,406,199,164,44,15,7,0,3,91,441,21,0.519,"2021,2022,2023,2024,2025,2026",0,0,,,,
1260,Gold Coast,Gold Coast,8,30,Touk,Miller,WA,79,22,2,1996,190,91,65,65,89,76,83,84,81,81,93,65,76,76,76,79,76,91,82,90,79,74,88,85,71,59,96,63,52,66,25,57,59,68,18,27,26,25,36,28,39,16,36,37,21,36,42,44,20,17,11,11,16,7,6,7,10,16,13,17,6,6,8,7,1105000,11,18,6,2025,19,3,2027,29,2014,National Draft,Hybrid Mid Forward,Strong in both midfield (mid_c=6.49) and forward (fwd_c=1.35) signals,89,90,23,574,242,332,87,96,86,12,0,3,196,394,26,-0.918,"2021,2022,2023,2024,2025,2026",0,0,,,,
1261,Gold Coast,Gold Coast,8,20,Joel,Jeffrey,TAS,75,29,6,2006,188,87,72,66,64,79,79,64,65,68,67,72,67,80,80,74,67,74,77,77,68,70,90,79,60,97,65,53,49,73,22,49,40,51,39,32,36,39,68,44,33,27,33,39,37,28,32,43,70,6,6,2,10,8,7,8,7,8,2,11,2,10,7,12,799000,40,28,5,2024,25,2,2027,45,2024,Rookie Draft,Half Back Flanker,"defensive profile: Half Back Flanker:10.21, Intercept Defender:8.87, Key Defender:3.70, Back Pocket:0.55",71,77,22,380,260,120,116,43,15,7,0,5,84,268,37,1.535,"2021,2022,2023,2024,2025,2026",0,0,,,,
1262,Gold Coast,Gold Coast,8,25,Sam,Flanders,QLD,82,24,7,2001,179,80,66,64,82,76,80,77,75,75,85,66,72,75,75,73,69,84,69,74,77,74,93,80,84,92,82,57,41,46,39,59,45,63,34,30,35,25,34,46,72,35,38,40,71,71,75,69,54,10,11,11,7,5,9,1,6,7,11,8,11,6,6,7,574000,3,22,4,2024,27,1,2027,11,2019,National Draft,Inside Mid,"midfield profile: Inside Mid:2.64, Outside Mid:2.63",77,81,12,278,153,125,67,45,26,1,0,0,74,197,10,1.523,"2021,2022,2023,2024,2025,2026",0,0,,,,
1263,Gold Coast,Gold Coast,8,26,Wil,Powell,ACT,96,26,8,1999,186,83,72,65,71,74,70,71,70,67,67,72,74,75,75,71,64,69,74,80,71,69,89,71,77,82,98,52,55,68,11,51,44,70,25,33,44,32,24,39,20,25,22,24,30,28,23,20,22,15,4,9,1,15,9,8,11,5,5,5,4,4,13,2,709000,27,25,8,2023,15,6,2028,19,2017,National Draft,Medium Defender,"defensive profile: Intercept Defender:6.16, Half Back Flanker:5.79, Key Defender:4.11, Back Pocket:1.96 -> fallback Medium Defender (no standout)",71,74,20,346,200,146,95,78,19,5,0,1,101,217,24,-0.2,"2021,2022,2023,2024,2025,2026",0,0,,,,
1264,Gold Coast,Gold Coast,8,23,Bodhi,Uwland,VIC,81,1,7,2003,187,82,82,67,66,80,70,66,66,65,70,82,78,74,74,76,64,69,80,92,69,79,104,74,56,83,88,60,48,54,7,57,50,60,36,78,87,40,45,72,40,32,35,35,29,42,30,27,63,2,9,9,9,7,5,11,10,11,5,5,6,6,6,4,548000,32,7,11,2023,17,3,2026,26,2021,Rookie Draft,Intercept Defender,"defensive profile: Intercept Defender:8.97, Key Defender:6.34, Half Back Flanker:5.17, Back Pocket:2.72",77,81,23,531,342,189,145,40,10,1,0,12,132,291,123,2.237,"2023,2024,2025,2026",0,0,,,,
1265,Gold Coast,Gold Coast,8,28,Brayden,Fiorini,QLD,72,22,8,1997,179,77,66,65,69,74,78,65,65,72,75,66,66,74,74,68,73,78,58,72,68,81,98,74,61,67,66,62,46,47,27,57,52,44,22,30,29,23,66,56,28,30,23,21,28,40,37,39,63,6,3,5,8,1,3,12,11,5,12,14,7,15,11,12,709000,8,24,10,2025,6,7,2030,20,2015,National Draft,Outside Mid,"midfield profile: Outside Mid:5.66, Inside Mid:3.84",65,67,2,30,12,18,6,1,1,2,0,0,8,22,3,-0.5,"2021,2022,2023,2024,2025,2026",0,0,,,,
1266,Gold Coast,Gold Coast,8,29,Daniel,Rioli,QLD,79,16,4,1997,183,79,68,63,69,77,90,68,68,69,72,68,67,90,90,76,66,77,77,74,70,73,99,76,82,73,92,55,45,31,18,57,46,63,32,28,32,26,49,38,34,32,25,22,30,33,24,46,55,13,10,6,4,7,10,8,6,9,5,14,3,13,14,11,894000,17,8,3,2026,28,2,2031,15,2015,National Draft,Half Back Flanker,"defensive profile: Half Back Flanker:9.61, Intercept Defender:2.74, Key Defender:-0.66, Back Pocket:-1.17",81,82,20,398,206,192,77,49,10,2,0,1,82,292,14,0.295,"2021,2022,2023,2024,2025,2026",0,0,,,,
1267,Gold Coast,Gold Coast,8,21,Bailey,Humphrey,QLD,99,11,9,2004,190,89,67,70,80,70,77,81,81,79,79,67,71,73,73,74,80,81,78,86,73,71,91,80,71,74,79,46,63,50,37,60,58,64,27,24,29,22,37,23,45,26,37,47,23,49,43,46,18,13,10,2,8,13,2,1,1,11,13,11,6,8,6,4,738000,19,28,12,2024,22,8,2027,6,2022,National Draft,Hybrid Mid Forward,Strong in both forward (fwd_c=3.89) and midfield (mid_c=2.34) signals,77,83,20,272,145,127,58,61,29,22,0,7,128,156,13,0.536,"2023,2024,2025,2026",0,0,,,,
1268,Gold Coast,Gold Coast,8,22,Mac,Andrew,WA,84,4,12,2003,191,91,85,69,65,73,69,68,70,64,67,85,78,73,73,74,64,66,79,90,65,69,94,69,60,72,80,58,48,58,13,62,57,58,23,52,59,23,24,54,25,31,31,25,29,33,32,34,37,3,7,12,1,3,11,9,2,8,3,7,4,3,3,12,477000,1,11,2,2023,4,6,2029,5,2021,National Draft,Intercept Defender,"defensive profile: Intercept Defender:12.63, Key Defender:10.54, Back Pocket:5.26, Half Back Flanker:2.95",74,75,23,406,250,156,155,36,12,2,35,21,122,276,126,1.112,"2022,2023,2024,2025,2026",0,0,,,,
1269,Gold Coast,Gold Coast,8,28,Ben,Ainsworth,QLD,87,10,2,1998,175,75,68,69,64,70,74,64,64,69,67,68,62,70,70,72,76,74,79,78,66,49,96,74,59,79,99,50,39,52,23,54,50,52,18,26,24,18,56,36,36,28,37,48,28,38,26,20,24,7,8,9,8,12,13,16,15,15,9,15,6,7,8,5,411000,9,5,2,2024,3,1,2028,4,2016,National Draft,Small Forward,"forward profile: Small Forward:2.62, Key Forward:2.02, Pressure Forward:-2.21",66,68,24,424,244,180,133,34,25,29,0,3,93,331,7,-0.426,"2021,2022,2023,2024,2025,2026",0,0,,,,
1270,Gold Coast,Gold Coast,8,33,Jarrod,Witts,QLD,93,13,9,1992,211,113,66,105,80,61,61,82,80,69,78,66,76,65,65,90,66,66,68,68,74,104,65,67,90,58,92,76,57,30,30,58,60,62,28,50,46,23,26,34,33,72,35,31,32,24,27,35,25,8,12,11,6,9,3,12,8,13,8,15,3,7,2,5,709000,28,11,6,2024,2,8,2030,67,2011,National Draft,Ruck,Dominant hitouts (43.3/game),82,83,13,133,67,66,18,25,49,2,371,4,98,40,31,0.194,"2021,2022,2023,2024,2025,2026",0,0,,,,
1271,Gold Coast,Gold Coast,8,30,Lachie,Weller,QLD,83,23,2,1996,181,82,65,65,70,73,79,66,67,71,72,65,65,79,79,69,70,76,66,72,69,76,91,75,57,77,89,53,40,26,32,63,39,55,16,17,20,23,45,39,22,26,15,19,24,27,22,30,36,11,11,11,2,1,9,12,10,6,2,2,6,14,14,12,500000,14,13,5,2026,26,7,2029,13,2014,National Draft,Outside Mid,"midfield profile: Outside Mid:2.27, Inside Mid:-0.22",69,70,11,159,85,74,32,22,11,5,0,2,47,109,12,-0.923,"2021,2022,2023,2024,2025,2026",0,0,,,,
1272,Gold Coast,Gold Coast,8,28,Ben,Long,VIC,97,21,8,1997,192,87,75,76,67,63,65,69,73,72,61,75,67,65,65,69,80,65,77,69,65,96,57,71,62,86,74,49,52,51,28,46,62,68,53,50,32,23,23,40,18,27,46,20,18,20,21,27,29,7,10,10,2,9,7,2,3,5,13,4,11,8,8,14,681000,22,7,1,2023,4,10,2028,25,2016,National Draft,Key Forward,"forward profile: Key Forward:12.52, Small Forward:5.06, Pressure Forward:-3.60",66,68,21,213,134,79,65,52,12,28,0,7,90,117,31,0.151,"2021,2022,2023,2024,2025,2026",0,0,,,,
1273,Gold Coast,Gold Coast,8,32,Sam,Collins,QLD,81,15,6,1994,195,93,84,70,65,69,60,64,62,60,68,84,83,65,65,69,60,59,76,91,70,97,64,62,64,74,71,61,43,31,8,48,36,62,24,33,55,43,28,22,17,19,20,26,27,18,22,18,20,9,2,6,4,5,8,4,2,6,10,15,14,13,15,2,653000,25,22,9,2024,1,12,2030,55,2015,National Draft,Key Defender,"defensive profile: Key Defender:10.28, Intercept Defender:8.22, Back Pocket:5.07, Half Back Flanker:-1.61",67,68,21,292,145,147,128,23,3,0,0,17,122,173,146,-0.111,"2021,2022,2023,2024,2025,2026",0,0,,,,
1274,Gold Coast,Gold Coast,8,25,Connor,Budarick,QLD,80,1,7,2001,174,75,65,66,65,70,66,65,66,66,65,65,66,68,68,66,65,63,64,61,68,54,104,65,81,71,68,50,50,30,19,55,42,58,19,26,24,29,33,24,50,27,21,31,47,35,28,42,30,4,9,10,14,6,13,13,6,13,10,2,15,5,5,11,370000,35,2,12,2023,17,1,2029,16,2019,Rookie Draft,Pressure Forward,"forward profile: Pressure Forward:1.44, Small Forward:0.33, Key Forward:-1.47",53,58,15,259,173,86,68,29,11,1,0,2,52,171,22,-0.691,"2021,2022,2023,2024,2025,2026",0,0,,,,
1275,Gold Coast,Gold Coast,8,23,Sam,Clohesy,QLD,79,1,7,2003,180,77,69,65,71,76,78,69,70,71,74,69,68,75,75,72,69,78,69,73,71,71,85,77,30,63,81,58,39,27,14,66,45,51,21,26,14,23,35,33,20,26,22,19,23,25,29,25,34,14,11,2,12,7,4,11,3,6,10,8,8,14,12,13,500000,33,26,7,2025,12,9,2029,4,2023,Rookie Draft,Outside Mid,"midfield profile: Outside Mid:2.36, Inside Mid:-1.75",69,72,12,195,105,90,52,33,7,2,0,0,48,137,11,-0.856,"2024,2025,2026",0,0,,,,
1276,Gold Coast,Gold Coast,8,26,Ben,King,VIC,84,7,7,2000,196,91,81,82,60,65,61,63,63,65,59,81,60,61,61,68,81,59,79,61,65,100,66,65,87,61,73,68,36,71,16,61,40,51,53,64,26,34,24,38,22,29,61,33,25,30,22,24,30,14,11,15,5,13,11,12,11,4,9,7,12,1,7,4,599000,34,20,5,2023,12,10,2027,6,2018,National Draft,Key Forward,"forward profile: Key Forward:18.65, Small Forward:7.22, Pressure Forward:-9.54",67,71,23,175,127,48,84,14,1,60,2,22,77,99,21,0.16,"2021,2023,2024,2025,2026",0,0,,,,
1277,Gold Coast,Gold Coast,8,21,Ethan,Read,WA,97,1,7,2005,205,107,77,84,68,62,61,71,73,68,68,77,68,62,62,70,71,62,69,63,67,102,64,66,45,99,87,52,53,59,20,52,60,59,29,67,42,36,26,37,37,74,49,29,32,26,32,33,31,7,7,4,1,7,3,4,7,11,7,12,9,1,6,3,370000,20,10,11,2024,23,12,2028,9,2023,National Draft,Hybrid Key Forward Ruck,"Ruck minutes (4.1 HO/g) plus forward output (CM/g=0.71, GL/g=0.90)",67,74,15,149,88,61,41,19,12,12,32,11,66,82,25,0.551,"2024,2025,2026",0,0,,,,
1278,Gold Coast,Gold Coast,8,24,Alex,Davies,QLD,73,18,3,2002,182,85,62,64,87,70,74,84,82,76,87,62,77,71,71,72,70,81,69,72,79,73,94,76,61,75,85,42,74,1,3,53,57,54,25,34,34,24,38,31,67,31,28,30,69,61,70,70,52,6,6,8,10,4,11,14,12,9,10,10,13,14,13,11,830000,5,16,7,2026,22,9,2029,21,2024,Rookie Draft,Inside Mid,"midfield profile: Inside Mid:14.22, Outside Mid:-4.55",76,80,6,97,32,65,6,27,15,3,0,0,52,46,7,0.645,"2021,2022,2023,2024,2025,2026",0,0,,,,
1279,Gold Coast,Gold Coast,8,31,Nick,Holman,QLD,95,29,5,1995,183,86,59,65,69,64,62,70,71,69,68,59,69,63,63,61,67,62,58,63,71,53,92,59,75,73,74,49,53,42,62,47,45,58,18,25,18,17,38,19,50,25,24,26,39,37,24,37,21,1,9,11,16,12,8,17,3,9,10,9,7,11,11,10,296000,7,26,6,2026,10,3,2032,51,2013,National Draft,Pressure Forward,"forward profile: Pressure Forward:3.26, Small Forward:1.33, Key Forward:-2.84",55,56,7,81,32,49,16,17,7,3,0,0,33,49,14,-1.028,"2021,2022,2023,2024,2025,2026",0,0,,,,
1280,Gold Coast,Gold Coast,8,21,Jed,Walter,WA,76,1,7,2005,197,94,79,79,63,65,63,65,67,68,61,79,64,62,62,66,77,62,73,65,66,101,69,67,73,70,53,61,46,96,34,43,47,54,74,69,28,29,24,54,24,37,69,36,31,34,24,28,29,4,8,2,2,9,7,14,5,10,1,7,12,9,11,4,370000,4,16,12,2023,10,10,2026,3,2023,National Draft,Key Forward,"forward profile: Key Forward:5.98, Small Forward:1.83, Pressure Forward:-3.18",66,76,18,141,91,50,58,23,1,33,13,20,70,71,33,0.435,"2024,2025,2026",0,0,,,,
1281,Gold Coast,Gold Coast,8,21,Will,Graham,ACT,83,1,7,2005,187,86,67,68,81,71,79,79,78,79,80,67,72,75,75,74,78,82,76,85,75,64,89,80,71,90,65,56,57,74,21,52,45,72,17,14,15,17,22,23,23,13,21,36,13,28,27,24,23,8,10,6,7,9,18,14,17,16,18,11,20,12,8,14,370000,26,13,7,2025,18,12,2029,26,2023,National Draft,Hybrid Mid Forward,Strong in both forward (fwd_c=1.98) and midfield (mid_c=0.63) signals,76,80,12,130,59,71,32,39,13,5,0,3,63,74,6,-0.924,"2024,2025,2026",0,0,,,,
1282,Gold Coast,Gold Coast,8,29,Jy,Farrar,VIC,80,1,7,1997,200,97,74,76,63,64,62,63,65,70,59,74,64,62,62,64,76,61,67,64,66,101,66,65,84,75,68,59,44,76,37,48,40,54,61,64,25,33,25,41,27,31,54,20,27,22,25,20,31,13,5,4,13,9,6,14,2,2,3,13,6,7,6,8,454000,50,23,7,2023,7,5,2027,60,2019,National Draft,Key Forward,"forward profile: Key Forward:8.89, Small Forward:2.36, Pressure Forward:-1.63",59,60,3,14,6,8,4,5,0,1,0,0,6,9,3,-0.027,"2021,2022,2023,2024,2026",0,0,,,,
1283,Gold Coast,Gold Coast,8,21,Jake,Rogers,QLD,94,1,7,2005,171,73,62,68,67,67,68,66,66,71,65,62,65,67,67,65,74,67,67,71,70,49,89,67,66,79,91,50,39,33,58,59,33,66,27,31,22,28,44,28,41,30,40,52,24,33,21,17,28,4,10,13,7,15,3,6,15,9,6,14,6,12,4,14,175000,29,20,4,2023,12,7,2028,14,2023,National Draft,Small Forward,"forward profile: Small Forward:0.99, Key Forward:-1.49, Pressure Forward:-1.90",58,61,9,90,41,49,12,19,6,4,0,0,38,55,3,0.026,"2024,2025,2026",0,0,,,,
1284,Gold Coast,Gold Coast,8,33,David,Swallow,QLD,78,19,11,1992,173,72,66,70,70,69,67,70,71,69,69,66,70,68,68,66,69,66,61,67,72,48,98,66,99,84,55,53,41,17,42,41,26,43,26,22,17,26,39,17,54,26,23,26,44,39,21,45,26,4,12,6,7,13,1,15,18,11,1,10,9,15,18,11,188000,24,7,8,2025,26,2,2027,1,2010,National Draft,Pressure Forward,"forward profile: Pressure Forward:0.74, Small Forward:0.17, Key Forward:-1.94",59,60,9,61,27,34,13,20,7,2,0,1,29,29,6,-1.857,"2021,2022,2023,2024,2025",0,0,Delisted,2026,delisted,draftguru.com.au 2024-2026 retirements/delistings (year/type sub-classification not preserved in this round's flat source list)
1285,Gold Coast,Gold Coast,8,23,Oscar,Adams,WA,82,1,7,2003,191,85,78,70,62,66,60,66,66,62,63,78,78,65,65,65,61,57,68,85,67,94,64,62,78,62,89,47,44,74,7,61,45,66,23,36,50,49,17,22,17,30,22,22,29,31,17,21,18,8,2,10,6,4,4,2,14,8,15,3,15,1,8,8,262000,48,9,10,2026,1,8,2032,51,2021,National Draft,Key Defender,"defensive profile: Key Defender:5.82, Back Pocket:4.09, Intercept Defender:2.83, Half Back Flanker:-3.99",62,65,13,129,57,72,48,18,0,0,0,3,38,89,50,,,0,0,,,,
1286,Gold Coast,Gold Coast,8,25,Malcolm,Rosas,VIC,84,1,7,2001,174,73,61,67,67,66,67,66,66,69,63,61,67,67,67,65,73,65,69,69,70,51,101,66,69,95,59,56,35,58,59,49,42,53,36,22,26,27,62,43,50,34,43,68,26,48,33,33,33,8,10,11,4,10,7,6,14,13,11,13,7,7,4,1,175000,41,10,8,2024,2,11,2028,37,2019,Rookie Draft,Small Forward,"forward profile: Small Forward:0.23, Pressure Forward:-1.15, Key Forward:-1.84",57,61,16,142,85,57,23,40,11,16,0,0,63,84,22,0.424,"2021,2022,2023,2024,2025,2026",0,0,,,,
1287,Gold Coast,Gold Coast,8,32,Alex,Sexton,NT,93,3,12,1993,187,86,68,72,66,69,70,66,66,72,65,69,67,69,69,67,71,67,67,73,71,72,95,69,76,97,81,53,28,37,60,56,11,54,38,26,24,27,28,46,28,21,46,42,23,33,22,25,25,4,12,8,7,10,13,6,14,5,1,10,5,8,8,10,140000,6,20,5,2026,8,10,2032,88,2011,National Draft,Medium Forward,"forward profile: Small Forward:-1.32, Pressure Forward:-2.45, Key Forward:-2.48 -> fallback Medium Forward (no standout)",59,60,5,20,13,7,8,3,0,0,0,0,6,15,0,0.27,"2021,2022,2023,2024,2025",0,0,Delisted,2026,delisted,draftguru.com.au 2024-2026 retirements/delistings (year/type sub-classification not preserved in this round's flat source list)
1288,Gold Coast,Gold Coast,8,20,Leo,Lombard,QLD,97,1,7,2006,188,86,66,70,67,66,69,67,68,70,66,66,66,67,67,67,72,67,71,71,69,76,98,67,49,66,82,49,41,38,64,57,57,55,50,21,25,26,31,38,28,29,48,38,25,24,27,19,26,9,5,13,8,8,12,10,9,10,2,2,14,12,2,12,140000,30,24,11,2025,1,12,2029,9,2024,National Draft,Medium Forward,"forward profile: Small Forward:0.75, Pressure Forward:0.43, Key Forward:-2.01 -> fallback Medium Forward (no standout)",57,63,23,343,158,185,59,59,22,18,0,1,127,218,13,,,0,0,,,,
1289,Gold Coast,Gold Coast,8,25,Ned,Moyle,QLD,74,1,7,2001,202,101,70,100,80,62,63,83,81,71,78,70,76,66,66,87,68,68,72,69,74,98,61,69,79,99,82,73,33,38,40,46,46,46,33,48,46,33,33,30,24,75,40,36,27,35,25,52,24,8,8,2,3,2,3,11,2,5,4,6,6,7,2,8,313000,21,20,12,2025,13,5,2027,5,2020,Mid-Season Draft,Ruck,Dominant hitouts (21.0/game),82,85,16,154,72,82,29,34,42,4,558,11,101,57,57,1.718,"2023,2024,2025,2026",0,0,,,,
1290,Gold Coast,Gold Coast,8,24,Ben,Jepson,NSW,84,10,10,2001,177,74,71,65,66,79,79,65,67,67,68,71,67,81,81,74,66,74,73,78,68,74,89,79,64,77,82,46,64,67,14,52,36,61,21,19,23,17,34,34,27,28,16,17,21,29,17,29,42,6,5,11,12,4,10,11,5,2,2,1,8,11,6,12,432000,44,22,9,2025,24,11,2029,59,2021,Rookie Draft,Half Back Flanker,"defensive profile: Half Back Flanker:2.13, Back Pocket:-1.22, Key Defender:-1.66, Intercept Defender:-2.29",72,73,5,53,32,21,20,12,2,0,0,1,13,40,2,,,0,0,,,,
1291,Gold Coast,Gold Coast,8,31,Sean,Lemmens,QLD,92,2,11,1994,190,88,66,68,70,71,70,70,69,67,70,67,71,70,70,66,67,69,63,70,73,71,90,69,65,78,76,39,50,38,16,45,45,60,24,26,34,52,17,30,33,19,24,25,31,21,27,18,30,5,3,12,12,6,2,13,14,6,2,5,10,6,15,10,262000,23,21,9,2024,9,12,2026,27,2013,National Draft,Back Pocket,"defensive profile: Back Pocket:0.95, Key Defender:-0.12, Intercept Defender:-1.94, Half Back Flanker:-2.07",60,61,1,10,4,6,1,2,0,0,0,0,4,6,1,-0.383,"2021,2022,2023,2024,2025",0,0,Delisted,2026,delisted,draftguru.com.au 2024-2026 retirements/delistings (year/type sub-classification not preserved in this round's flat source list)
1292,Gold Coast,Gold Coast,8,22,Lachlan,Gulbin,QLD,76,24,3,2004,184,86,64,65,87,72,76,83,81,77,86,64,76,73,73,74,71,82,73,72,78,71,93,78,66,87,90,29,77,44,45,49,48,62,22,29,21,27,30,24,49,22,28,26,48,49,49,51,29,10,14,4,10,9,13,11,8,6,12,7,5,10,10,14,370000,39,12,9,2023,27,12,2029,50,2022,National Draft,Inside Mid,"midfield profile: Inside Mid:-2.08, Outside Mid:-2.55",78,80,11,119,61,58,29,26,1,5,0,1,40,81,12,,,0,0,,,,
1293,Gold Coast,Gold Coast,8,27,Charlie,Ballard,NSW,95,23,7,1999,197,98,79,71,59,68,58,61,60,61,59,79,73,63,63,63,60,55,66,79,67,108,70,60,73,65,84,50,29,78,44,47,37,58,33,45,60,64,27,31,31,34,25,30,24,28,27,29,23,6,15,7,9,7,14,9,5,9,4,7,9,3,16,2,216000,10,12,2,2025,28,9,2027,42,2017,National Draft,Key Defender,"defensive profile: Key Defender:4.22, Back Pocket:2.00, Intercept Defender:-0.67, Half Back Flanker:-4.86",59,63,11,96,59,37,43,12,1,0,0,10,36,63,38,-0.357,"2021,2022,2023,2024,2025",0,0,,,,
1294,Greater Western Sydney,Greater Western Sydney,9,25,Tom,Green,NSW,78,23,1,2001,178,77,66,67,87,75,78,84,82,76,87,66,77,74,74,77,75,84,75,75,80,76,95,80,80,55,69,50,58,40,12,57,89,58,28,32,26,19,38,26,45,34,32,26,59,56,54,51,48,12,11,7,4,11,7,4,9,2,11,2,10,3,6,2,1745000,12,16,12,2025,26,7,2028,10,2019,National Draft,Inside Mid,"midfield profile: Inside Mid:26.64, Outside Mid:2.05",83,87,23,684,306,378,69,84,195,13,1,1,359,327,26,0.974,"2021,2022,2023,2024,2025,2026",0,0,Injured,2026,knee (season-ending),"SEN Injury Hub 04/08/2026 (cross-checked AFL.com.au Medical Room, Sep 23 2026) — also confirmed directly by Tyler"
1295,Greater Western Sydney,Greater Western Sydney,9,25,Lachie,Ash,VIC,88,21,6,2001,178,79,75,64,66,83,93,67,69,69,72,75,66,95,95,79,68,81,79,86,65,71,89,86,61,70,77,52,46,86,23,61,66,55,30,34,27,20,55,47,19,30,28,32,26,25,21,36,46,12,10,5,4,11,3,2,1,10,9,12,6,12,6,11,1469000,7,12,10,2024,13,10,2029,4,2019,National Draft,Half Back Flanker,"defensive profile: Half Back Flanker:21.37, Intercept Defender:12.01, Key Defender:2.85, Back Pocket:-2.17",89,93,23,660,437,223,165,37,24,1,0,1,117,475,35,1.068,"2021,2022,2023,2024,2025,2026",0,0,,,,
1296,Greater Western Sydney,Greater Western Sydney,9,32,Lachie,Whitfield,SA,96,18,7,1994,180,80,76,64,70,86,81,70,72,69,75,76,69,82,82,80,65,79,78,82,67,80,92,86,81,78,80,51,49,64,35,43,55,65,30,26,29,31,50,42,23,31,33,26,35,28,33,38,54,11,6,9,8,13,5,4,8,13,3,11,9,11,4,7,894000,6,18,11,2024,23,4,2029,1,2012,National Draft,Half Back Flanker,"defensive profile: Half Back Flanker:15.30, Intercept Defender:9.94, Key Defender:1.31, Back Pocket:-2.68",84,85,21,590,370,220,124,52,15,1,0,1,101,372,31,0.699,"2021,2022,2023,2024,2025,2026",0,0,,,,
1297,Greater Western Sydney,Greater Western Sydney,9,23,Finn,Callaghan,VIC,91,26,4,2003,184,81,66,64,81,76,93,79,82,75,87,66,74,87,87,78,71,93,74,79,72,81,94,88,65,92,99,47,62,74,19,45,80,54,27,27,31,29,67,56,33,27,37,30,26,40,47,47,72,11,7,8,9,5,2,8,2,5,5,10,2,3,11,2,1945000,17,8,11,2026,16,12,2028,3,2021,National Draft,Outside Mid,"midfield profile: Outside Mid:18.21, Inside Mid:12.82",87,105,19,533,254,279,57,81,83,8,0,2,158,377,24,2.264,"2022,2023,2024,2025,2026",0,0,,,,
1298,Greater Western Sydney,Greater Western Sydney,9,30,Harry,Himmelberg,NSW,84,8,5,1996,187,82,83,68,65,74,71,67,68,63,68,83,79,76,76,75,63,68,81,93,66,71,96,70,63,65,81,55,45,12,17,61,55,54,30,50,50,23,26,44,19,20,20,25,19,29,30,31,34,12,2,12,9,10,7,2,2,5,4,10,5,13,11,5,681000,27,11,7,2025,3,1,2029,16,2015,National Draft,Intercept Defender,"defensive profile: Intercept Defender:11.58, Half Back Flanker:8.41, Key Defender:7.44, Back Pocket:2.57",76,76,23,389,223,166,129,31,7,2,0,12,111,236,136,0.247,"2021,2022,2023,2024,2025,2026",0,0,,,,
1299,Greater Western Sydney,Greater Western Sydney,9,26,Connor,Idun,NSW,73,29,7,2000,190,85,82,66,66,77,70,66,64,61,72,82,78,74,74,74,60,67,80,90,69,69,87,67,63,55,58,50,42,56,25,53,40,62,28,43,45,22,27,46,31,31,18,19,19,24,19,31,36,13,5,12,6,10,10,4,10,12,13,12,4,9,4,11,599000,39,8,12,2024,15,12,2026,61,2018,National Draft,Intercept Defender,"defensive profile: Intercept Defender:10.14, Half Back Flanker:7.93, Key Defender:6.44, Back Pocket:1.86",73,73,23,479,265,214,149,42,8,0,0,10,134,316,117,0.877,"2021,2022,2023,2024,2025,2026",0,0,,,,
1300,Greater Western Sydney,Greater Western Sydney,9,32,Toby,Greene,SA,75,25,9,1993,186,83,72,73,80,68,80,84,88,83,78,72,70,75,75,75,86,89,81,97,69,78,94,90,32,84,93,54,63,33,2,54,89,70,21,23,19,25,29,22,40,17,35,41,26,36,38,31,24,6,11,7,6,4,2,3,1,4,5,7,11,3,6,6,830000,4,17,9,2023,26,11,2026,11,2011,National Draft,Hybrid Mid Forward,Strong in both forward (fwd_c=5.25) and midfield (mid_c=2.28) signals,86,87,21,431,298,133,79,62,72,34,0,9,187,249,26,-0.463,"2021,2022,2023,2024,2025,2026",0,0,,,,
1301,Greater Western Sydney,Greater Western Sydney,9,26,Xavier,O'Halloran,VIC,81,11,7,2000,187,86,62,65,80,70,75,78,77,76,80,62,72,74,74,71,72,80,71,73,74,79,98,76,87,71,79,48,54,64,24,47,56,53,20,26,20,28,40,32,51,32,33,20,58,50,63,65,48,10,12,6,9,5,4,7,15,7,5,5,8,11,13,3,548000,33,24,12,2024,12,7,2030,22,2018,National Draft,Inside Mid,"midfield profile: Inside Mid:3.41, Outside Mid:0.39",72,76,14,225,117,108,32,34,26,4,0,1,89,130,16,0.171,"2021,2022,2023,2024,2025,2026",0,0,,,,
1302,Greater Western Sydney,Greater Western Sydney,9,22,Darcy,Jones,VIC,77,1,7,2004,188,89,69,69,83,73,80,80,79,80,82,69,72,76,76,76,79,85,78,88,75,71,92,83,81,37,78,59,41,76,25,59,50,50,21,26,29,24,39,19,47,21,40,37,27,48,47,39,26,10,2,7,2,5,4,8,7,1,7,13,5,9,12,7,524000,2,10,10,2024,27,4,2026,21,2022,National Draft,Hybrid Mid Forward,Strong in both midfield (mid_c=1.33) and forward (fwd_c=1.00) signals,79,83,23,324,168,156,46,78,30,19,0,3,144,184,20,0.28,"2024,2025,2026",0,0,Injured,2026,knee (season-ending),"SEN Injury Hub 04/08/2026 (cross-checked AFL.com.au Medical Room, Sep 23 2026)"
1303,Greater Western Sydney,Greater Western Sydney,9,31,Josh,Kelly,NSW,85,12,2,1995,187,87,68,69,86,76,80,84,82,74,87,68,79,76,76,78,75,85,76,76,82,78,94,81,70,59,79,52,53,22,26,51,59,62,21,27,16,17,21,19,43,17,18,18,45,43,48,43,27,4,7,2,8,13,10,9,12,13,13,10,17,7,4,2,862000,22,2,11,2025,18,1,2031,2,2013,National Draft,Inside Mid,"midfield profile: Inside Mid:5.91, Outside Mid:5.13",87,88,15,322,147,175,52,60,36,5,0,2,107,219,21,-0.995,"2021,2022,2023,2024,2025,2026",0,0,Injured,2026,hip (season-ending),"SEN Injury Hub 04/08/2026 (cross-checked AFL.com.au Medical Room, Sep 23 2026) — also confirmed directly by Tyler"
1304,Greater Western Sydney,Greater Western Sydney,9,27,Sam,Taylor,TAS,98,5,5,1999,191,87,88,73,65,67,61,68,67,63,66,88,84,67,67,65,61,59,66,90,69,89,60,62,67,74,82,53,51,68,4,62,42,66,29,29,51,40,16,30,16,29,22,24,24,25,18,27,19,9,8,9,8,3,10,11,8,14,4,4,4,6,5,2,962000,15,27,11,2025,15,12,2031,28,2017,National Draft,Key Defender,"defensive profile: Key Defender:13.03, Intercept Defender:11.14, Back Pocket:4.84, Half Back Flanker:0.93",74,76,12,134,73,61,62,23,2,0,0,15,59,77,85,-0.668,"2021,2022,2023,2024,2025,2026",0,0,,,,
1305,Greater Western Sydney,Greater Western Sydney,9,26,Toby,Bedford,VIC,72,27,5,2000,188,86,63,67,83,70,74,81,79,81,78,63,76,71,71,71,76,77,76,80,78,67,91,74,71,78,87,55,59,59,17,66,42,69,16,17,19,30,41,30,39,29,34,40,19,35,33,39,30,8,3,3,5,6,7,15,8,7,2,8,8,1,3,13,411000,14,12,8,2024,24,6,2029,36,2021,Rookie Draft,Hybrid Mid Forward,Strong in both midfield (mid_c=1.04) and forward (fwd_c=0.72) signals,73,76,17,239,94,145,33,83,23,11,0,1,95,142,11,0.205,"2022,2023,2024,2025,2026",0,0,,,,
1306,Greater Western Sydney,Greater Western Sydney,9,25,Callum,Brown,NSW,93,15,8,2000,191,88,68,72,66,65,66,66,68,69,63,68,66,65,65,67,73,65,71,69,68,71,89,65,86,73,99,59,46,46,20,52,47,65,36,21,20,19,21,33,27,26,43,42,29,26,23,23,24,11,12,11,7,5,4,6,15,14,8,14,14,11,15,10,454000,46,7,3,2023,12,12,2027,35,2016,National Draft,Medium Forward,"forward profile: Small Forward:2.87, Key Forward:2.56, Pressure Forward:-1.53 -> fallback Medium Forward (no standout)",57,60,18,186,115,71,58,41,6,22,30,8,70,116,17,0.034,"2021,2022,2023,2024,2025,2026",0,0,,,,
1307,Greater Western Sydney,Greater Western Sydney,9,26,Jake,Riccardi,SA,99,7,11,1999,198,97,76,84,66,62,64,71,76,70,65,76,67,63,63,69,75,65,64,68,65,94,56,69,80,79,71,50,61,52,43,63,62,51,22,39,32,33,22,28,19,55,31,19,32,24,22,28,23,1,13,12,7,11,2,10,3,3,7,5,7,13,6,3,599000,26,28,11,2023,27,2,2027,51,2019,National Draft,Hybrid Key Forward Ruck,"Ruck minutes (7.0 HO/g) plus forward output (CM/g=0.80, GL/g=1.15)",66,69,9,104,63,41,34,17,5,14,58,5,30,77,11,0.54,"2021,2022,2023,2024,2025,2026",0,0,,,,
1308,Greater Western Sydney,Greater Western Sydney,9,22,Aaron,Cadman,NSW,95,3,3,2004,192,87,80,78,65,66,64,65,66,70,61,80,66,63,63,67,79,64,74,67,68,96,58,70,64,55,79,61,44,30,21,55,48,67,66,66,32,29,31,41,36,22,58,25,24,31,30,25,22,4,2,9,1,5,2,2,2,5,6,9,2,4,11,5,738000,5,10,10,2026,18,7,2029,1,2022,National Draft,Key Forward,"forward profile: Key Forward:13.87, Small Forward:3.02, Pressure Forward:-5.49",69,79,18,191,130,61,76,39,3,33,0,17,79,120,26,2.92,"2023,2024,2025,2026",0,0,,,,
1309,Greater Western Sydney,Greater Western Sydney,9,28,Jack,Buckley,NSW,88,17,12,1997,184,84,73,67,63,70,64,65,65,63,63,73,76,68,68,65,62,62,64,84,67,64,82,64,71,59,76,57,38,32,7,62,43,63,26,33,36,37,23,35,24,28,20,28,21,16,22,24,16,8,9,11,10,10,17,4,3,14,3,13,11,8,7,2,500000,44,14,3,2026,5,5,2028,48,2020,Father-Son,Medium Defender,"defensive profile: Key Defender:10.74, Intercept Defender:10.30, Back Pocket:5.42, Half Back Flanker:0.80 -> fallback Medium Defender (no standout)",69,70,9,100,65,35,33,12,1,0,0,5,35,66,56,0.05,"2021,2023,2024,2025,2026",0,0,,,,
1310,Greater Western Sydney,Greater Western Sydney,9,26,Kieren,Briggs,VIC,95,6,10,1999,204,104,65,97,82,62,63,83,81,70,78,65,76,67,67,86,66,68,73,70,75,106,61,71,88,70,57,54,65,34,10,54,59,49,24,58,41,26,26,35,27,74,25,40,26,25,31,46,35,2,5,2,4,3,13,9,5,12,3,11,5,3,1,9,500000,32,3,5,2025,13,11,2031,34,2018,National Draft,Ruck,Dominant hitouts (28.4/game),78,82,18,215,120,95,28,62,78,2,433,4,141,75,32,0.815,"2021,2022,2023,2024,2025,2026",0,0,,,,
1311,Greater Western Sydney,Greater Western Sydney,9,20,Harvey,Thomas,SA,88,8,8,2005,191,89,66,69,72,68,69,71,71,71,71,66,69,68,68,70,71,70,73,71,72,74,92,68,86,63,99,50,46,50,21,56,54,50,44,26,23,19,32,37,38,22,49,34,31,26,27,32,22,6,9,2,8,11,6,2,4,9,8,6,5,11,10,12,370000,1,3,1,2023,19,12,2029,59,2023,National Draft,Medium Forward,"forward profile: Pressure Forward:1.03, Small Forward:1.02, Key Forward:-1.46 -> fallback Medium Forward (no standout)",59,65,22,423,198,225,70,84,39,9,0,4,169,264,30,0.65,"2024,2025,2026",0,0,,,,
1312,Greater Western Sydney,Greater Western Sydney,9,21,Joe,Fonti,VIC,93,24,12,2004,189,90,75,67,65,71,70,67,70,65,65,75,73,72,72,69,63,66,71,80,67,72,94,68,72,76,95,49,54,61,7,44,69,58,30,33,42,42,26,47,23,33,30,31,33,32,31,35,29,3,4,6,13,11,2,4,2,10,5,5,9,6,7,6,432000,37,7,2,2026,3,10,2030,44,2023,National Draft,Medium Defender,"defensive profile: Back Pocket:2.41, Key Defender:2.34, Intercept Defender:1.68, Half Back Flanker:0.71 -> fallback Medium Defender (no standout)",68,73,22,386,232,154,141,58,10,2,0,5,80,300,86,0.663,"2024,2025,2026",0,0,,,,
1313,Greater Western Sydney,Greater Western Sydney,9,28,Jacob,Wehr,NSW,96,5,7,1998,186,84,69,64,65,76,76,64,67,68,65,69,66,78,78,72,65,72,72,75,67,78,95,77,69,85,89,62,43,49,10,50,53,53,20,24,21,24,55,44,28,23,29,27,25,22,31,31,51,14,2,14,1,13,6,14,8,6,5,6,6,6,15,14,350000,10,11,7,2024,28,9,2028,59,2020,National Draft,Half Back Flanker,"defensive profile: Half Back Flanker:1.45, Intercept Defender:0.48, Back Pocket:0.26, Key Defender:-0.35",67,68,17,218,158,60,56,37,16,1,0,1,50,159,10,0.161,"2022,2023,2024,2025,2026",0,0,,,,
1314,Greater Western Sydney,Greater Western Sydney,9,36,Callan,Ward,NSW,72,10,4,1990,182,83,72,70,71,77,79,71,71,71,76,71,69,76,76,76,74,78,72,78,72,77,86,78,64,55,92,55,42,23,40,64,42,52,20,19,23,23,43,39,23,20,16,20,16,23,25,26,40,7,14,13,11,16,8,9,14,2,9,7,9,4,6,3,370000,8,1,8,2024,21,1,2026,19,2007,National Draft,Outside Mid,"midfield profile: Outside Mid:0.68, Inside Mid:-2.09",73,74,12,181,90,91,42,12,19,6,0,2,53,127,4,-0.922,"2021,2022,2023,2024,2025",0,0,Delisted,2026,delisted,draftguru.com.au 2024-2026 retirements/delistings (year/type sub-classification not preserved in this round's flat source list)
1315,Greater Western Sydney,Greater Western Sydney,9,24,Ryan,Angwin,NSW,73,1,7,2002,185,84,63,65,84,71,76,81,78,76,84,63,74,72,72,74,70,81,74,72,77,72,86,77,53,56,54,67,45,52,1,57,47,64,29,18,24,24,25,26,54,24,29,33,56,44,52,46,44,9,7,7,10,12,11,3,9,5,8,4,8,6,5,3,626000,9,6,2,2024,17,10,2027,18,2020,National Draft,Inside Mid,"midfield profile: Inside Mid:3.53, Outside Mid:0.23",75,78,20,331,158,173,60,56,36,7,0,3,125,206,25,1.244,"2023,2024,2025,2026",0,0,,,,
1316,Greater Western Sydney,Greater Western Sydney,9,31,Jesse,Hogan,VIC,93,12,2,1995,201,102,89,86,61,67,60,62,63,66,61,89,62,60,60,64,81,60,64,63,67,96,61,66,59,82,66,60,42,70,25,61,45,58,46,52,21,21,25,32,27,21,49,23,19,27,20,27,23,6,8,4,13,5,13,2,7,4,7,7,8,7,4,11,862000,23,7,8,2023,16,9,2029,23,2022,National Draft,Key Forward,"forward profile: Key Forward:22.26, Small Forward:5.95, Pressure Forward:-9.25",76,77,9,81,56,25,40,8,1,12,0,10,32,50,9,-0.057,"2021,2022,2023,2024,2025,2026",0,0,,,,
1317,Greater Western Sydney,Greater Western Sydney,9,32,Jake,Stringer,SA,89,25,4,1994,200,101,72,75,68,67,65,70,69,72,65,72,65,64,64,70,82,67,81,71,69,84,62,73,86,58,62,53,47,68,38,51,49,64,31,32,22,20,17,24,23,22,30,22,19,22,13,16,16,9,7,5,14,2,5,16,9,11,5,8,7,15,13,8,390000,20,28,3,2026,28,6,2028,5,2012,National Draft,Key Forward,"forward profile: Key Forward:7.31, Small Forward:5.66, Pressure Forward:-3.25",65,66,23,272,202,70,86,48,17,48,0,10,140,134,31,-1.394,"2021,2022,2023,2024,2025,2026",0,0,,,,
1318,Greater Western Sydney,Greater Western Sydney,9,32,Stephen,Coniglio,NSW,83,15,12,1993,183,84,60,66,80,70,72,78,77,77,78,60,72,69,69,74,74,78,78,70,74,73,93,74,80,64,56,52,62,38,1,52,43,63,21,28,25,21,31,26,40,26,24,21,54,48,44,43,28,13,9,13,16,12,3,4,9,13,4,9,2,4,16,3,524000,3,25,8,2023,28,8,2029,2,2011,National Draft,Inside Mid,"midfield profile: Inside Mid:6.39, Outside Mid:-0.48",70,71,21,353,178,175,57,60,34,13,0,3,121,226,21,-1.001,"2021,2022,2023,2024,2025,2026",0,0,,,,
1319,Greater Western Sydney,Greater Western Sydney,9,22,Toby,McMullin,NSW,72,1,7,2004,194,96,71,67,64,70,67,66,66,65,64,71,70,70,70,67,64,65,66,77,67,73,102,66,69,99,88,55,43,50,31,43,49,62,32,57,56,56,27,64,42,35,38,38,26,37,33,40,38,11,10,2,5,5,10,11,8,10,7,5,4,8,6,7,262000,31,11,11,2026,7,9,2031,34,2022,National Draft,Medium Defender,"defensive profile: Half Back Flanker:-0.38, Back Pocket:-0.64, Key Defender:-1.80, Intercept Defender:-2.20 -> fallback Medium Defender (no standout)",63,69,8,86,43,43,18,11,3,0,0,0,26,58,8,2.808,"2023,2024,2025,2026",0,0,,,,
1320,Greater Western Sydney,Greater Western Sydney,9,25,Leek,Aleer,WA,92,1,7,2001,194,89,76,71,65,66,60,68,67,64,63,76,79,65,65,66,62,58,66,83,69,87,61,62,72,83,79,57,54,39,11,54,41,53,28,32,56,43,25,32,24,25,29,19,19,23,22,22,30,14,6,8,11,14,12,6,8,3,2,8,11,5,8,14,432000,21,14,11,2023,1,5,2026,15,2021,National Draft,Key Defender,"defensive profile: Key Defender:7.03, Back Pocket:3.74, Intercept Defender:3.35, Half Back Flanker:-4.25",62,64,7,61,27,34,13,31,10,2,60,4,41,20,17,-0.066,"2022,2024,2025,2026",0,0,,,,
1321,Greater Western Sydney,Greater Western Sydney,9,22,Harry,Rowston,NSW,78,1,7,2004,188,87,66,70,68,67,68,67,68,71,65,66,66,67,67,66,72,67,69,70,70,80,94,67,67,59,88,46,49,41,49,58,54,48,56,37,31,35,26,55,37,38,56,60,35,36,31,41,42,1,9,9,2,2,6,2,7,11,5,2,8,11,8,5,332000,24,23,11,2026,13,7,2030,16,2022,National Draft,Medium Forward,"forward profile: Small Forward:1.94, Pressure Forward:1.71, Key Forward:-1.77 -> fallback Medium Forward (no standout)",57,61,12,189,109,80,40,33,21,6,0,0,63,124,11,2.232,"2023,2024,2026",0,0,,,,
1322,Greater Western Sydney,Greater Western Sydney,9,24,Conor,Stone,NSW,79,1,7,2002,178,75,70,65,65,77,77,65,66,67,67,70,66,79,79,72,67,73,71,77,68,71,99,77,85,72,94,46,40,1,48,46,37,63,28,23,21,22,58,35,23,31,26,24,20,28,24,33,53,12,12,13,11,12,2,15,14,6,9,6,7,4,9,7,332000,18,9,6,2026,21,8,2028,15,2020,National Draft,Half Back Flanker,"defensive profile: Half Back Flanker:4.17, Intercept Defender:2.82, Key Defender:0.82, Back Pocket:-0.01",69,73,10,122,60,62,29,17,6,4,0,0,38,84,16,-0.044,"2021,2022,2023,2024,2025,2026",0,0,,,,
1323,Greater Western Sydney,Greater Western Sydney,9,27,Brent,Daniels,NSW,75,9,3,1999,185,85,62,65,84,70,77,80,78,79,81,62,74,74,74,70,75,81,67,72,76,76,84,79,89,66,55,58,41,29,34,57,57,59,27,28,20,28,29,35,40,27,17,32,46,50,54,57,44,12,13,10,4,3,1,9,5,10,12,3,3,7,6,3,411000,16,21,9,2026,8,8,2028,27,2017,National Draft,Inside Mid,"midfield profile: Inside Mid:2.15, Outside Mid:-3.23",75,76,10,178,94,84,25,39,39,11,0,1,76,96,12,0.743,"2021,2023,2024,2025,2026",0,0,,,,
1324,Greater Western Sydney,Greater Western Sydney,9,20,Cody,Angove,ACT,80,1,7,2006,186,86,65,65,69,69,68,68,67,67,67,65,69,68,68,65,64,67,62,68,71,71,85,67,73,78,96,60,37,80,36,59,30,60,23,27,42,56,29,21,32,20,24,24,22,19,19,22,26,5,9,5,7,3,2,5,3,10,7,2,14,4,5,8,370000,29,22,4,2024,21,10,2029,24,2024,National Draft,Back Pocket,"defensive profile: Back Pocket:0.50, Half Back Flanker:-0.16, Key Defender:-0.93, Intercept Defender:-2.89",57,58,1,11,8,3,2,1,1,1,0,0,2,10,1,,,0,0,,,,
1325,Greater Western Sydney,Greater Western Sydney,9,22,Max,Gruzewski,VIC,89,1,7,2004,193,91,79,78,63,66,63,64,65,69,61,79,64,63,63,66,77,63,72,66,67,91,66,68,87,79,99,47,34,70,30,58,28,54,58,71,33,31,27,50,29,22,56,32,30,25,36,30,32,5,11,2,7,8,10,5,2,8,2,5,8,4,7,6,296000,35,7,4,2025,27,10,2027,22,2022,National Draft,Key Forward,"forward profile: Key Forward:9.31, Small Forward:2.88, Pressure Forward:-5.25",64,67,15,127,86,41,59,9,0,20,0,10,49,81,16,2.002,"2024,2025,2026",0,0,,,,
1326,Greater Western Sydney,Greater Western Sydney,9,23,Nick,Madden,NSW,96,24,5,2003,209,111,71,99,81,63,63,84,82,72,79,71,77,66,66,86,68,69,72,68,74,95,54,70,77,88,62,78,65,21,48,49,58,56,29,26,27,16,27,19,18,47,23,16,24,24,26,32,19,6,7,15,10,2,13,14,1,14,11,3,10,14,7,14,332000,41,12,11,2026,8,3,2032,39,2021,National Draft,Ruck,Dominant hitouts (26.3/game),82,84,9,112,32,80,18,28,25,1,209,5,68,47,16,,,0,0,,,,
1327,Greater Western Sydney,Greater Western Sydney,9,36,Lachlan,Keeffe,VIC,96,14,4,1990,188,89,66,67,85,74,76,83,82,75,84,65,77,74,74,76,73,81,74,74,80,77,99,79,89,69,82,45,86,58,32,45,78,43,30,28,29,20,30,31,63,30,33,29,65,60,66,63,49,4,11,3,6,8,9,16,13,15,1,3,12,16,6,6,390000,25,15,11,2026,24,5,2030,69,2008,Rookie Draft,Inside Mid,"midfield profile: Inside Mid:5.11, Outside Mid:-6.89",78,79,3,29,19,10,1,13,8,1,36,0,16,12,5,-0.663,"2021,2022,2023,2024,2025",0,0,Delisted,2026,delisted,draftguru.com.au 2024-2026 retirements/delistings (year/type sub-classification not preserved in this round's flat source list)
1328,Greater Western Sydney,Greater Western Sydney,9,21,James,Leake,VIC,72,1,7,2005,178,81,64,68,67,67,68,66,67,70,64,64,66,67,67,66,74,67,68,71,69,51,89,68,68,77,65,63,35,55,29,46,45,53,19,27,28,17,45,26,46,25,31,52,23,36,24,19,19,11,9,8,11,2,6,4,4,4,6,10,9,11,7,12,162000,30,4,7,2025,25,10,2029,17,2023,National Draft,Small Forward,"forward profile: Small Forward:0.33, Key Forward:-0.49, Pressure Forward:-1.98",58,60,5,65,32,33,16,11,3,0,0,3,19,46,17,,,0,0,,,,
1329,Greater Western Sydney,Greater Western Sydney,9,22,Josaia,Delana,NSW,91,18,9,2004,181,82,65,65,69,69,68,68,67,67,67,65,69,68,68,65,64,67,62,68,71,71,90,66,86,71,89,52,42,37,60,51,42,66,21,27,41,44,18,19,43,22,19,25,20,24,23,26,25,13,3,11,13,2,11,6,6,11,15,5,9,4,3,8,188000,38,10,12,2025,7,10,2027,55,2022,Father-Son,Back Pocket,"defensive profile: Back Pocket:2.05, Key Defender:-1.87, Half Back Flanker:-4.68, Intercept Defender:-5.51",57,64,9,86,43,43,12,35,12,1,0,0,41,46,9,,,0,0,,,,
1330,Hawthorn,Hawthorn,10,30,Karl,Amon,SA,99,19,8,1995,177,77,71,63,63,82,82,63,66,70,65,71,66,85,85,76,68,77,75,81,65,72,101,83,52,95,83,55,43,49,10,45,49,62,20,32,28,20,53,47,22,26,25,21,24,20,28,34,55,8,7,10,4,7,10,10,14,12,6,11,10,9,2,7,1032000,10,15,12,2024,18,3,2027,68,2013,National Draft,Half Back Flanker,"defensive profile: Half Back Flanker:15.85, Intercept Defender:9.22, Key Defender:1.06, Back Pocket:-1.95",77,78,18,383,266,117,95,37,10,0,0,0,51,271,23,-0.209,"2021,2022,2023,2024,2025,2026",0,0,,,,
1331,Hawthorn,Hawthorn,10,25,Jai,Newcombe,VIC,91,2,8,2001,180,79,66,66,93,72,78,91,88,81,95,66,77,75,75,78,75,88,79,74,80,74,84,81,44,70,99,68,67,22,12,66,81,61,25,28,30,21,25,28,51,24,32,29,52,53,53,47,35,10,8,3,11,3,10,3,3,6,12,5,10,2,3,5,1341000,3,12,4,2024,23,3,2030,2,2020,Mid-Season Draft,Inside Mid,"midfield profile: Inside Mid:18.92, Outside Mid:1.37",88,90,23,597,280,317,74,87,174,8,1,3,299,313,32,1.068,"2021,2022,2023,2024,2025,2026",0,0,,,,
1332,Hawthorn,Hawthorn,10,22,Josh,Ward,WA,91,17,8,2003,185,83,65,64,86,74,78,81,79,78,88,65,75,73,73,76,71,84,78,73,77,77,98,80,86,69,65,51,47,59,21,53,59,61,30,27,24,20,36,26,54,20,29,31,52,53,57,56,38,10,11,10,15,8,6,5,12,1,13,6,7,15,9,2,830000,25,9,1,2023,21,11,2027,7,2021,National Draft,Inside Mid,"midfield profile: Inside Mid:7.20, Outside Mid:4.17",80,88,23,527,249,278,96,83,91,6,0,2,188,331,23,0.198,"2022,2023,2024,2025,2026",0,0,,,,
1333,Hawthorn,Hawthorn,10,27,Dylan,Moore,WA,74,4,8,1999,186,84,70,69,79,74,78,75,75,81,80,70,70,73,73,76,81,83,81,85,73,78,96,81,83,96,51,65,52,49,29,59,54,52,30,22,26,31,29,23,37,21,38,41,23,38,43,47,26,5,8,13,1,13,4,15,2,10,3,8,4,2,9,7,738000,13,18,6,2024,3,10,2029,67,2017,National Draft,Hybrid Mid Forward,Strong in both midfield (mid_c=2.67) and forward (fwd_c=1.64) signals,79,82,22,408,207,201,98,57,17,21,0,5,112,289,16,0.1,"2021,2022,2023,2024,2025,2026",0,0,,,,
1334,Hawthorn,Hawthorn,10,27,Josh,Battle,VIC,75,1,9,1998,193,90,83,69,65,77,70,67,69,62,68,83,76,75,75,74,62,67,79,91,66,71,100,71,79,94,53,51,50,16,2,47,53,53,23,47,67,27,21,54,28,29,29,34,27,27,27,21,51,11,9,2,2,6,3,2,13,10,10,6,3,9,1,9,626000,24,8,2,2026,28,2,2030,39,2016,National Draft,Intercept Defender,"defensive profile: Intercept Defender:8.30, Half Back Flanker:6.27, Key Defender:5.78, Back Pocket:1.60",77,77,21,429,278,151,136,32,5,2,3,16,106,265,95,0.445,"2021,2022,2023,2024,2025,2026",0,0,,,,
1335,Hawthorn,Hawthorn,10,23,Massimo,D'Ambrosio,NSW,92,5,6,2003,179,81,71,66,71,78,82,68,68,71,74,71,69,78,78,76,68,83,79,75,71,71,98,83,74,64,99,56,40,68,43,49,49,52,24,28,30,23,58,53,38,33,21,25,27,45,28,47,68,12,11,10,7,9,5,10,9,3,6,3,11,7,2,9,626000,16,27,10,2026,12,11,2030,3,2021,Mid-Season Draft,Outside Mid,"midfield profile: Outside Mid:6.81, Inside Mid:-1.19",75,87,23,457,292,165,108,63,23,5,0,6,113,340,23,1.074,"2022,2023,2024,2025,2026",0,0,,,,
1336,Hawthorn,Hawthorn,10,23,Jack,Ginnivan,VIC,73,9,12,2002,193,90,69,67,75,74,79,73,74,77,76,69,69,74,74,76,79,84,81,88,71,68,86,84,75,47,78,59,45,39,26,65,55,59,25,23,25,26,34,33,34,19,37,51,18,37,43,42,19,3,1,9,11,3,7,9,2,7,8,7,6,7,10,3,599000,33,8,8,2023,21,4,2025,13,2020,Rookie Draft,Hybrid Mid Forward,Strong in both forward (fwd_c=2.18) and midfield (mid_c=1.51) signals,76,83,22,424,263,161,118,50,25,19,0,2,117,300,26,1.108,"2021,2022,2023,2024,2025,2026",0,0,,,,
1337,Hawthorn,Hawthorn,10,31,Jarman,Impey,VIC,98,9,7,1995,184,82,76,65,66,80,82,65,68,71,70,76,67,84,84,77,70,79,78,81,66,70,91,83,91,98,56,54,47,31,25,57,58,60,28,30,21,23,41,31,27,23,21,24,27,17,27,32,46,14,7,12,6,11,3,12,6,3,1,7,6,2,10,10,768000,4,13,1,2024,18,2,2029,21,2013,National Draft,Half Back Flanker,"defensive profile: Half Back Flanker:8.49, Intercept Defender:6.62, Key Defender:2.14, Back Pocket:0.12",80,81,21,495,326,169,146,33,13,5,0,6,95,354,22,-0.13,"2021,2022,2023,2024,2025,2026",0,0,,,,
1338,Hawthorn,Hawthorn,10,31,James,Sicily,ACT,78,6,1,1995,196,94,89,71,67,77,71,69,70,66,71,89,74,78,78,75,66,71,80,91,66,69,89,76,89,78,72,55,51,55,31,65,57,58,16,31,36,16,17,32,15,18,17,19,14,19,17,21,21,5,6,5,15,17,10,4,12,6,4,13,10,6,11,8,768000,6,28,6,2026,11,8,2030,56,2013,National Draft,Intercept Defender,"defensive profile: Intercept Defender:11.71, Key Defender:7.62, Half Back Flanker:7.50, Back Pocket:1.43",84,84,22,466,304,162,154,38,8,1,0,19,146,274,73,-1.6,"2022,2023,2024,2025,2026",0,0,,,,
1339,Hawthorn,Hawthorn,10,27,James,Worpel,VIC,85,24,1,1999,186,85,61,64,93,70,78,90,89,81,85,61,80,75,75,72,71,86,66,75,80,77,91,83,51,89,83,54,69,43,57,62,64,51,24,28,24,26,29,37,59,31,26,33,57,58,69,60,45,7,5,4,6,7,2,3,10,12,14,10,4,4,9,5,996000,5,10,8,2023,2,7,2029,45,2017,National Draft,Inside Mid,"midfield profile: Inside Mid:14.73, Outside Mid:0.95",83,85,11,202,119,83,29,69,58,4,0,0,88,109,6,0.33,"2021,2022,2023,2024,2025,2026",0,0,,,,
1340,Hawthorn,Hawthorn,10,28,Conor,Nash,NSW,77,28,7,1998,182,85,60,64,92,70,72,87,85,79,88,60,80,71,71,72,69,80,67,70,81,67,92,75,68,74,99,51,63,67,6,55,61,68,31,29,31,27,37,29,44,25,32,21,48,42,48,50,44,6,11,10,5,4,13,12,3,14,10,12,2,8,13,8,862000,11,28,2,2026,26,3,2032,17,2022,Rookie Draft,Inside Mid,"midfield profile: Inside Mid:13.25, Outside Mid:-1.34",77,78,10,191,80,111,21,53,55,2,0,0,102,90,15,0.516,"2021,2022,2023,2024,2025,2026",0,0,,,,
1341,Hawthorn,Hawthorn,10,29,Blake,Hardwick,VIC,95,5,2,1997,190,85,81,70,67,76,68,69,68,65,66,81,74,71,71,75,64,65,81,84,70,78,92,70,61,69,85,56,45,34,4,49,49,67,18,33,50,28,21,37,20,17,26,26,19,20,26,27,28,1,14,3,15,13,9,15,13,4,1,14,6,6,14,15,500000,15,6,1,2023,1,10,2027,44,2015,National Draft,Intercept Defender,"defensive profile: Intercept Defender:4.42, Half Back Flanker:3.26, Key Defender:2.65, Back Pocket:0.95",71,71,23,412,288,124,136,55,8,9,0,15,105,263,67,-0.638,"2021,2022,2023,2024,2025,2026",0,0,,,,
1342,Hawthorn,Hawthorn,10,23,Connor,Macdonald,NT,93,13,1,2003,185,86,70,67,79,74,79,76,75,78,78,70,71,75,75,76,78,84,81,86,73,76,101,82,52,68,83,56,45,74,26,45,56,49,23,22,26,35,49,30,46,27,49,50,32,49,62,44,26,5,11,13,5,2,5,11,11,9,3,8,3,9,10,3,500000,31,14,9,2024,24,9,2030,26,2021,National Draft,Hybrid Mid Forward,Strong in both forward (fwd_c=1.98) and midfield (mid_c=0.73) signals,77,84,23,485,281,204,107,77,50,16,0,3,161,317,11,0.744,"2022,2023,2024,2025,2026",0,0,,,,
1343,Hawthorn,Hawthorn,10,27,Harry,Morrison,WA,75,12,11,1998,177,77,71,65,72,74,74,69,70,73,74,71,69,72,72,71,70,77,69,71,70,74,93,76,89,73,78,54,44,45,23,58,54,61,29,25,25,25,61,49,37,27,20,31,33,41,38,36,59,9,12,12,15,6,11,9,3,3,4,9,7,8,12,6,574000,1,9,12,2025,14,12,2031,74,2016,National Draft,Outside Mid,"midfield profile: Outside Mid:3.14, Inside Mid:0.42",66,68,13,235,131,104,63,38,16,4,0,1,67,154,8,-0.056,"2021,2022,2023,2024,2025,2026",0,0,,,,
1344,Hawthorn,Hawthorn,10,28,Lloyd,Meek,WA,78,22,4,1998,204,100,69,102,83,61,62,86,84,73,80,69,78,64,64,90,68,67,77,67,75,100,62,69,64,64,87,56,70,24,18,44,55,49,30,55,44,37,24,37,33,65,34,33,30,26,33,50,31,11,8,10,2,8,12,10,5,7,9,7,7,9,2,4,768000,17,5,7,2023,10,4,2027,69,2017,National Draft,Ruck,Dominant hitouts (37.9/game),84,86,23,275,117,158,48,81,81,4,589,11,167,106,51,1.56,"2021,2022,2023,2024,2025,2026",0,0,,,,
1345,Hawthorn,Hawthorn,10,22,Josh,Weddle,NSW,81,25,5,2004,187,87,76,69,66,71,75,67,67,67,66,76,73,77,77,69,65,69,72,78,69,69,91,69,64,65,49,65,38,73,24,50,48,49,28,37,39,52,26,47,33,26,22,22,26,28,27,28,24,12,8,8,9,7,14,5,7,10,7,4,6,2,5,14,768000,23,18,9,2024,25,5,2030,18,2022,National Draft,Medium Defender,"defensive profile: Intercept Defender:5.24, Half Back Flanker:5.07, Key Defender:4.26, Back Pocket:0.53 -> fallback Medium Defender (no standout)",68,73,20,308,172,136,98,51,9,6,2,14,88,220,60,0.541,"2023,2024,2025,2026",0,0,,,,
1346,Hawthorn,Hawthorn,10,34,Jack,Gunston,VIC,95,16,10,1991,199,97,80,84,59,70,64,62,62,67,57,80,60,61,61,67,87,62,73,63,65,97,66,71,88,71,75,58,40,32,14,48,40,46,74,79,35,31,35,57,38,37,78,32,26,35,34,29,38,11,9,3,2,8,8,12,8,4,8,2,7,2,2,11,709000,19,12,11,2023,3,9,2028,29,2009,National Draft,Key Forward,"forward profile: Key Forward:16.80, Small Forward:11.36, Pressure Forward:-7.01",67,68,17,185,158,27,101,16,2,59,0,9,55,125,10,1.493,"2021,2022,2023,2024,2025,2026",0,0,,,,
1347,Hawthorn,Hawthorn,10,27,Changkuoth,Jiath,TAS,73,13,6,1999,187,88,76,67,63,72,70,64,65,65,64,76,71,73,73,69,64,67,70,80,67,75,98,69,66,54,96,50,44,57,26,51,47,50,27,38,46,47,20,33,20,27,29,23,25,25,19,20,20,11,11,7,15,6,12,1,15,13,10,16,17,2,17,2,432000,9,17,7,2023,3,3,2027,51,2025,National Draft,Medium Defender,"defensive profile: Half Back Flanker:2.48, Intercept Defender:2.37, Key Defender:1.91, Back Pocket:1.06 -> fallback Medium Defender (no standout)",66,69,16,235,152,83,89,24,4,0,0,7,64,164,46,-1.01,"2021,2022,2023,2024,2025,2026",0,0,,,,
1348,Hawthorn,Hawthorn,10,21,Nick,Watson,VIC,78,1,7,2005,180,81,62,70,70,69,71,69,65,74,68,62,66,69,69,68,83,69,75,73,72,51,98,69,78,62,48,64,51,44,13,61,42,61,17,28,16,21,45,26,42,22,33,48,28,38,27,27,17,4,14,7,8,12,12,10,5,13,9,10,7,16,11,9,432000,34,14,11,2023,7,1,2025,5,2023,National Draft,Small Forward,"forward profile: Small Forward:5.37, Key Forward:2.72, Pressure Forward:-1.57",68,95,21,279,164,115,49,50,27,55,0,5,141,145,15,-0.709,"2024,2025,2026",0,0,,,,
1349,Hawthorn,Hawthorn,10,30,Tom,Barrass,NSW,86,8,10,1995,191,89,82,72,60,68,58,63,62,60,61,82,82,64,64,67,60,56,74,89,68,102,62,61,82,99,77,55,39,59,11,59,35,65,25,39,59,54,22,33,19,30,24,19,24,21,25,19,29,15,3,11,7,2,15,8,8,8,8,7,12,13,15,13,548000,37,25,12,2024,11,3,2027,43,2013,National Draft,Key Defender,"defensive profile: Key Defender:10.90, Intercept Defender:8.39, Back Pocket:5.42, Half Back Flanker:-2.42",66,67,19,170,104,66,78,20,1,1,0,20,70,103,123,-0.966,"2021,2022,2023,2024,2025,2026",0,0,,,,
1350,Hawthorn,Hawthorn,10,23,Mabior,Chol,VIC,94,31,5,2003,196,95,84,83,67,64,63,70,71,71,62,84,67,63,63,68,80,64,74,68,67,94,56,71,59,99,87,51,52,23,28,56,61,63,47,45,17,25,19,27,21,27,39,15,19,26,19,18,28,14,15,4,5,4,2,11,3,15,7,14,7,3,9,13,681000,18,12,4,2025,6,1,2031,26,2021,National Draft,Key Forward,"forward profile: Key Forward:12.13, Small Forward:3.00, Pressure Forward:-3.04",71,77,18,182,139,43,79,40,23,29,27,28,98,84,29,-0.371,"2021,2022,2023,2024,2025,2026",0,0,,,,
1351,Hawthorn,Hawthorn,10,27,Jack,Scrimshaw,NSW,73,4,9,1998,192,87,77,68,65,67,65,69,71,62,68,77,74,69,69,64,61,60,60,83,65,91,59,65,98,89,78,52,45,75,20,53,75,55,27,29,50,50,21,29,24,28,27,26,19,25,27,24,17,6,12,6,11,1,9,2,6,1,15,15,12,1,9,11,548000,14,18,8,2026,13,5,2029,7,2016,National Draft,Key Defender,"defensive profile: Key Defender:5.11, Intercept Defender:4.16, Half Back Flanker:2.45, Back Pocket:1.94",62,64,6,104,52,52,28,9,2,0,0,1,35,67,14,-0.866,"2021,2022,2023,2024,2025,2026",0,0,,,,
1352,Hawthorn,Hawthorn,10,22,Cam,Mackenzie,VIC,78,21,1,2004,178,80,63,64,86,73,77,82,80,78,85,63,76,72,72,75,70,82,75,72,78,76,89,78,60,79,94,57,54,45,44,65,56,66,25,26,21,29,25,26,49,32,20,34,52,54,58,59,41,10,3,12,4,10,10,3,3,11,13,3,3,1,3,6,653000,28,12,7,2024,16,12,2027,7,2022,National Draft,Inside Mid,"midfield profile: Inside Mid:6.20, Outside Mid:0.43",78,83,21,426,219,207,49,92,77,4,0,2,149,272,13,1.092,"2023,2024,2025,2026",0,0,,,,
1353,Hawthorn,Hawthorn,10,25,Finn,Maginness,QLD,86,23,2,2001,185,82,64,69,68,65,65,68,68,68,68,64,65,65,65,65,69,65,65,65,70,79,93,63,61,81,87,47,41,83,33,49,47,59,49,34,27,34,28,47,34,28,46,42,33,28,26,24,34,7,10,2,7,4,7,13,10,4,7,9,5,10,9,1,350000,20,10,8,2026,3,9,2030,29,2019,National Draft,Medium Forward,"forward profile: Key Forward:0.02, Small Forward:-0.16, Pressure Forward:-0.36 -> fallback Medium Forward (no standout)",53,56,6,82,28,54,11,12,3,2,0,1,33,50,3,0.112,"2021,2022,2023,2024,2025,2026",0,0,,,,
1354,Hawthorn,Hawthorn,10,25,Will,Day,ACT,76,5,6,2001,187,88,69,69,85,71,80,84,84,78,84,69,74,77,77,74,76,86,72,89,74,71,86,83,67,74,94,77,69,72,22,50,72,59,26,22,25,29,45,29,49,32,38,46,20,51,41,42,21,8,4,12,10,7,2,10,8,7,5,11,4,11,11,10,1068000,12,17,3,2025,16,8,2028,13,2019,National Draft,Hybrid Mid Forward,Strong in both midfield (mid_c=5.40) and forward (fwd_c=1.37) signals,80,82,11,231,123,108,38,45,52,9,0,5,92,131,13,0.863,"2021,2022,2023,2024,2025,2026",0,0,,,,
1355,Hawthorn,Hawthorn,10,40,Sam,Butler,NT,89,14,1,1986,181,84,64,65,84,72,75,81,79,77,82,64,75,71,71,73,71,80,71,72,78,73,98,77,90,99,99,56,46,60,43,54,43,51,25,29,30,25,38,27,55,21,26,29,63,60,57,56,44,4,3,5,9,1,6,3,7,7,15,6,12,4,11,6,390000,30,13,7,2026,11,9,2032,20,2003,National Draft,Inside Mid,"midfield profile: Inside Mid:0.30, Outside Mid:-1.62",75,76,8,97,66,31,27,28,7,4,0,1,26,69,3,0.016,"2022,2023,2024,2025,2026",0,0,,,,
1356,Hawthorn,Hawthorn,10,21,Calsher,Dear,WA,81,1,7,2005,201,99,77,78,65,66,63,65,66,70,62,77,66,63,63,65,77,63,70,65,68,97,58,68,93,54,69,56,38,45,33,52,36,54,54,52,27,25,19,33,24,28,52,23,29,31,18,29,20,3,12,6,6,4,2,11,10,13,13,15,15,8,2,2,350000,35,8,1,2025,4,3,2028,56,2023,National Draft,Key Forward,"forward profile: Key Forward:9.22, Small Forward:0.98, Pressure Forward:-3.47",64,69,5,45,27,18,18,13,0,4,0,1,22,25,8,-0.629,"2024,2025,2026",0,0,,,,
1357,Hawthorn,Hawthorn,10,27,Mitch,Lewis,ACT,77,14,10,1998,193,93,83,80,63,65,65,65,65,68,61,83,66,64,64,68,76,65,77,68,66,100,66,70,64,67,65,56,43,80,26,45,51,65,47,54,27,23,23,39,18,23,40,21,23,19,18,18,24,14,12,4,16,13,17,14,7,6,13,12,6,3,1,11,411000,2,24,4,2024,26,1,2029,76,2016,National Draft,Key Forward,"forward profile: Key Forward:6.09, Small Forward:1.47, Pressure Forward:-2.06",68,71,22,273,182,91,122,33,8,34,2,28,106,168,35,-0.94,"2021,2022,2023,2024,2025,2026",0,0,,,,
1358,Hawthorn,Hawthorn,10,22,Henry,Hustwaite,VIC,74,1,7,2004,183,82,64,65,87,72,76,83,81,77,86,64,76,73,73,74,71,82,73,72,78,72,101,78,76,87,66,46,51,24,54,54,60,63,27,34,32,33,32,34,65,33,28,32,60,61,61,63,44,11,4,10,10,6,6,12,6,7,13,5,11,3,7,7,350000,44,23,2,2025,15,6,2027,37,2022,National Draft,Inside Mid,"midfield profile: Inside Mid:2.79, Outside Mid:-2.54",78,81,1,19,7,12,1,3,6,0,0,0,9,10,0,0.56,"2023,2024,2026",0,0,,,,
1359,Hawthorn,Hawthorn,10,35,Luke,Breust,QLD,78,11,11,1990,171,75,66,70,68,69,70,68,69,74,66,66,68,69,69,68,71,69,63,74,70,54,99,69,73,83,89,53,44,55,75,41,34,61,20,21,28,21,56,39,43,28,38,56,22,36,26,27,23,16,3,17,10,10,5,3,1,14,17,3,14,16,15,5,188000,22,24,5,2023,25,3,2027,47,2008,Rookie Draft,Small Forward,"forward profile: Small Forward:1.53, Key Forward:-0.15, Pressure Forward:-0.99",61,62,8,54,32,22,15,11,2,4,0,0,16,38,0,-1.104,"2021,2022,2023,2024,2025",0,0,Delisted,2026,delisted,draftguru.com.au 2024-2026 retirements/delistings (year/type sub-classification not preserved in this round's flat source list)
1360,Hawthorn,Hawthorn,10,24,Max,Ramsden,VIC,92,1,7,2002,200,101,79,79,64,66,63,65,66,69,62,79,65,63,63,67,78,63,72,66,67,96,67,68,77,61,99,71,32,35,36,45,45,52,73,73,41,32,26,55,35,32,73,29,37,36,33,33,38,5,8,11,4,8,4,6,8,5,8,2,10,5,8,9,653000,38,11,2,2023,6,11,2027,6,2021,Mid-Season Draft,Key Forward,"forward profile: Key Forward:14.21, Small Forward:-3.59, Pressure Forward:-6.13",65,67,2,19,6,13,6,1,1,1,0,2,10,9,4,2.575,"2023,2024,2025,2026",0,0,,,,
1361,Hawthorn,Hawthorn,10,22,Bailey,Macdonald,NSW,82,1,7,2004,185,83,65,65,69,69,68,68,67,67,67,65,69,67,67,65,64,67,62,68,71,73,90,66,80,92,79,50,37,56,64,48,37,66,25,22,34,47,29,21,40,19,21,26,24,20,20,20,23,4,3,5,9,4,10,5,11,6,3,5,4,2,9,7,140000,42,15,8,2023,6,5,2027,51,2022,National Draft,Back Pocket,"defensive profile: Back Pocket:0.62, Key Defender:-1.03, Half Back Flanker:-2.65, Intercept Defender:-4.70",56,59,12,158,69,89,31,39,4,0,0,0,45,104,19,,,0,0,,,,
1362,Hawthorn,Hawthorn,10,24,Seamus,Mitchell,VIC,84,1,7,2002,189,85,65,66,68,70,68,68,67,66,68,65,69,68,68,65,65,67,62,68,71,69,84,67,79,79,99,56,38,37,55,55,32,64,24,17,28,31,20,20,25,21,16,22,22,16,20,17,14,4,5,12,14,19,5,6,6,10,12,12,9,7,7,4,202000,40,9,1,2026,3,8,2032,29,2020,National Draft,Back Pocket,"defensive profile: Back Pocket:2.14, Key Defender:0.82, Intercept Defender:-3.23, Half Back Flanker:-4.85",56,58,4,25,14,11,8,9,0,0,0,1,13,13,5,-3.779,"2023,2024,2025",0,0,Delisted,2026,delisted,draftguru.com.au 2024-2026 retirements/delistings (year/type sub-classification not preserved in this round's flat source list)
1363,Hawthorn,Hawthorn,10,32,Sam,Frost,TAS,93,28,8,1993,181,79,64,68,69,67,66,69,70,67,68,65,71,70,71,64,67,66,61,71,72,74,88,69,85,83,60,51,55,62,58,62,53,54,23,16,34,43,21,25,30,15,15,17,22,23,25,21,19,5,3,16,13,16,10,10,5,6,2,16,14,10,1,10,150000,8,23,10,2026,27,4,2030,1,2011,Rookie Draft,Back Pocket,"defensive profile: Back Pocket:3.07, Key Defender:1.76, Intercept Defender:-1.67, Half Back Flanker:-4.53",59,60,2,8,6,2,0,2,1,0,0,0,7,1,5,-1.167,"2021,2022,2023,2024,2025",0,0,Delisted,2026,delisted,draftguru.com.au 2024-2026 retirements/delistings (year/type sub-classification not preserved in this round's flat source list)
1364,Hawthorn,Hawthorn,10,21,Ned,Reeves,NT,72,26,11,2005,201,96,66,97,77,62,61,81,79,71,74,66,75,65,65,85,67,65,71,68,73,98,63,67,65,85,82,67,36,42,26,64,43,60,17,37,28,20,21,21,22,46,28,18,26,23,20,35,24,11,14,10,8,9,6,14,3,17,1,2,14,12,4,6,216000,7,2,2,2024,17,9,2026,56,2023,National Draft,Ruck,Dominant hitouts (34.0/game),77,84,15,112,63,49,12,35,44,5,362,2,72,35,30,-0.895,"2021,2022,2023,2024,2025,2026",0,0,,,,
1365,Melbourne,Melbourne,11,30,Christian,Petracca,QLD,99,4,1,1996,191,86,67,68,87,73,82,82,78,84,95,67,69,75,75,78,84,92,79,95,76,74,84,87,82,87,48,51,53,62,4,62,72,57,14,26,25,14,27,18,27,23,36,31,25,33,29,31,15,12,8,8,3,11,10,7,9,7,14,15,1,15,4,14,1259000,5,14,7,2026,9,1,2030,2,2014,National Draft,Hybrid Mid Forward,Strong in both midfield (mid_c=6.51) and forward (fwd_c=2.21) signals,95,96,20,464,211,253,63,46,100,22,0,4,222,238,14,-0.849,"2021,2022,2023,2024,2025,2026",0,0,,,,
1366,Melbourne,Melbourne,11,29,Clayton,Oliver,VIC,80,22,7,1997,185,87,62,64,99,72,79,97,95,78,103,62,79,74,74,80,67,91,81,75,82,83,93,82,55,66,59,52,72,30,11,46,82,46,21,19,24,21,24,28,42,21,26,21,49,43,47,46,33,15,17,12,6,11,6,6,2,19,14,19,19,17,6,2,1341000,13,26,11,2025,27,3,2030,4,2015,National Draft,Inside Mid,"midfield profile: Inside Mid:19.31, Outside Mid:1.98",99,100,23,695,256,439,68,110,168,4,0,2,343,346,20,-2.06,"2021,2022,2023,2024,2025,2026",0,0,,,,
1367,Melbourne,Melbourne,11,31,Christian,Salem,VIC,75,15,7,1995,179,80,69,64,67,79,73,66,66,68,66,69,65,77,77,70,66,71,63,76,69,71,95,76,99,86,67,48,42,33,15,59,52,52,21,29,20,19,35,36,23,19,18,22,24,25,28,36,43,2,13,13,9,8,2,6,11,2,8,7,7,14,9,10,709000,3,25,12,2024,16,3,2030,9,2013,National Draft,Half Back Flanker,"defensive profile: Half Back Flanker:9.87, Intercept Defender:6.64, Key Defender:1.06, Back Pocket:-1.94",68,69,9,143,104,39,22,18,6,1,0,0,39,75,7,-0.207,"2021,2022,2023,2024,2025,2026",0,0,,,,
1368,Melbourne,Melbourne,11,23,Jake,Bowey,ACT,82,12,9,2002,184,80,69,63,68,87,80,66,64,68,71,69,67,86,86,76,65,76,72,84,71,73,97,83,58,75,62,59,44,69,25,59,39,52,26,33,28,33,62,50,36,26,32,31,29,34,25,45,68,11,7,3,2,8,5,6,12,7,12,3,13,6,9,3,709000,17,13,10,2023,18,6,2027,21,2020,National Draft,Half Back Flanker,"defensive profile: Half Back Flanker:9.78, Intercept Defender:5.95, Key Defender:0.66, Back Pocket:-1.50",78,90,16,399,276,123,65,39,21,2,0,1,90,229,16,0.582,"2021,2022,2023,2024,2025,2026",0,0,,,,
1369,Melbourne,Melbourne,11,25,Trent,Rivers,TAS,76,30,7,2001,180,80,72,65,70,78,80,68,68,70,74,72,68,79,79,74,68,79,72,76,70,79,100,80,78,47,97,57,45,83,23,51,44,52,24,25,26,28,73,67,38,36,28,26,36,38,44,55,71,3,3,10,13,12,6,9,8,3,4,9,4,6,13,2,738000,24,9,4,2024,6,4,2029,32,2019,National Draft,Outside Mid,"midfield profile: Outside Mid:7.79, Inside Mid:1.52",73,78,17,343,208,135,82,39,10,3,0,4,77,231,17,0.771,"2021,2022,2023,2024,2025,2026",0,0,,,,
1370,Melbourne,Melbourne,11,34,Max,Gawn,VIC,73,30,12,1991,210,110,90,107,86,68,68,89,81,76,93,90,72,70,70,100,74,80,82,73,77,89,61,81,64,78,99,74,61,18,1,51,62,65,22,29,35,27,22,24,26,43,29,26,28,26,29,30,17,14,3,12,8,13,13,5,9,12,8,12,7,12,10,11,1513000,11,11,6,2024,3,1,2028,34,2009,National Draft,Ruck,Dominant hitouts (35.9/game),104,105,24,517,260,257,106,44,158,13,789,34,313,208,61,0.118,"2021,2022,2023,2024,2025,2026",0,0,,,,
1371,Melbourne,Melbourne,11,30,Ed,Langdon,QLD,76,1,2,1996,187,84,71,66,70,76,77,68,67,71,76,71,66,74,74,77,71,77,81,72,71,74,92,76,62,78,99,50,48,91,10,45,42,53,27,20,21,28,56,39,27,25,25,23,19,29,22,39,45,4,14,1,14,3,15,10,8,13,4,1,16,2,2,4,626000,15,5,6,2023,27,10,2027,54,2014,National Draft,Outside Mid,"midfield profile: Outside Mid:5.44, Inside Mid:0.21",72,73,24,465,242,223,121,48,20,12,0,2,124,323,27,-0.603,"2021,2022,2023,2024,2025,2026",0,0,,,,
1372,Melbourne,Melbourne,11,20,Harvey,Langford,WA,98,1,7,2006,187,87,70,67,72,75,78,69,70,71,76,70,67,75,75,74,71,78,74,72,70,66,88,77,58,83,75,52,40,89,14,50,54,52,22,19,27,23,45,42,26,29,28,29,23,38,33,30,54,1,10,6,8,11,7,1,11,10,4,6,14,12,6,8,548000,19,25,9,2023,19,1,2026,6,2024,National Draft,Outside Mid,"midfield profile: Outside Mid:2.58, Inside Mid:1.12",70,75,24,390,193,197,90,46,37,23,0,16,156,227,12,,,0,0,,,,
1373,Melbourne,Melbourne,11,32,Jack,Viney,VIC,72,13,4,1994,178,77,60,63,91,68,69,83,80,80,84,60,80,66,66,65,67,74,53,69,82,74,91,70,43,74,85,64,70,19,16,62,45,54,29,23,18,25,21,31,50,19,27,27,52,46,52,43,37,3,3,2,9,3,4,15,13,15,4,2,6,13,8,3,1259000,7,18,12,2025,25,6,2030,26,2012,National Draft,Inside Mid,"midfield profile: Inside Mid:16.12, Outside Mid:1.16",71,72,1,13,6,7,2,4,2,0,0,0,7,6,1,-0.383,"2021,2022,2023,2024,2025,2026",0,0,,,,
1374,Melbourne,Melbourne,11,25,Kysaiah,Pickett,QLD,81,2,6,2001,188,85,66,70,85,70,86,83,86,84,79,66,76,82,82,77,84,87,82,91,72,80,94,89,47,79,65,54,60,62,20,43,90,48,23,30,31,34,50,26,50,26,55,61,25,49,61,47,35,14,2,12,7,12,10,6,5,7,4,6,4,10,8,6,1032000,36,21,6,2023,10,3,2028,12,2019,National Draft,Hybrid Mid Forward,Strong in both forward (fwd_c=4.61) and midfield (mid_c=3.52) signals,88,92,24,542,387,155,70,111,107,28,0,6,214,311,43,0.686,"2021,2022,2023,2024,2025,2026",0,0,,,,
1375,Melbourne,Melbourne,11,26,Kade,Chandler,ACT,81,13,1,2000,186,87,65,67,82,71,77,79,77,80,78,65,74,75,75,74,78,81,81,86,77,73,99,79,87,80,69,57,45,68,1,52,51,54,29,29,30,37,58,29,72,33,58,66,35,73,81,72,27,7,2,8,4,5,2,5,2,4,10,5,8,1,7,9,524000,37,2,10,2026,28,3,2028,42,2025,National Draft,Hybrid Mid Forward,Strong in both midfield (mid_c=1.56) and forward (fwd_c=0.79) signals,76,80,23,356,187,169,57,105,47,22,0,2,156,200,23,2.314,"2021,2023,2024,2025,2026",0,0,,,,
1376,Melbourne,Melbourne,11,26,Tom,Sparrow,NSW,97,31,5,2000,188,86,63,65,89,71,77,84,84,79,81,63,80,74,74,76,69,82,81,73,79,75,91,80,85,83,73,50,55,53,36,54,69,51,18,22,27,25,34,30,45,21,27,27,48,46,60,54,44,1,15,3,3,12,3,9,3,7,12,9,10,9,2,9,477000,32,28,3,2026,15,10,2031,27,2018,National Draft,Inside Mid,"midfield profile: Inside Mid:0.53, Outside Mid:-0.58",79,82,24,523,298,225,63,152,129,12,0,0,214,286,32,-0.165,"2021,2022,2023,2024,2025,2026",0,0,,,,
1377,Melbourne,Melbourne,11,34,Steven,May,TAS,73,10,1,1992,191,89,84,71,67,78,71,69,69,67,69,84,80,76,76,76,68,69,80,85,71,77,94,72,72,69,76,53,43,72,10,54,51,60,28,46,47,28,18,32,19,25,19,22,25,23,30,21,33,16,10,14,4,9,11,14,11,6,6,8,13,7,9,15,524000,1,22,4,2023,14,10,2026,38,2022,Mid-Season Draft,Intercept Defender,"defensive profile: Intercept Defender:14.13, Key Defender:10.89, Half Back Flanker:7.80, Back Pocket:3.15",75,75,16,283,229,54,113,12,1,0,0,18,66,142,97,-0.36,"2021,2022,2023,2024,2025,2026",0,0,Delisted,2026,delisted,draftguru.com.au 2024-2026 retirements/delistings (year/type sub-classification not preserved in this round's flat source list)
1378,Melbourne,Melbourne,11,29,Bayley,Fritsch,NSW,74,6,12,1996,200,99,77,77,66,68,67,66,65,72,64,77,65,66,66,70,80,66,79,69,70,91,59,72,57,75,54,57,48,64,16,62,37,50,42,55,28,26,25,38,24,22,44,18,19,22,24,25,18,6,7,2,5,7,15,8,6,7,1,8,12,10,13,1,653000,31,19,9,2026,24,3,2029,31,2017,National Draft,Key Forward,"forward profile: Key Forward:11.19, Small Forward:3.33, Pressure Forward:-4.09",69,70,22,281,184,97,81,49,12,36,0,12,104,181,24,-0.5,"2021,2022,2023,2024,2025,2026",0,0,,,,
1379,Melbourne,Melbourne,11,33,Tom,McDonald,VIC,84,18,9,1992,197,95,78,68,60,70,63,66,68,60,61,78,80,69,69,67,62,60,66,92,64,76,91,64,88,57,61,53,46,39,1,46,49,55,28,45,53,31,29,47,29,27,27,23,25,20,28,22,39,10,13,7,4,9,5,12,3,11,7,14,8,4,9,7,454000,25,14,9,2023,22,1,2026,53,2010,National Draft,Intercept Defender,"defensive profile: Intercept Defender:10.01, Key Defender:8.61, Back Pocket:3.83, Half Back Flanker:2.36",65,65,11,120,81,39,48,14,2,3,5,4,33,86,60,-0.116,"2021,2022,2023,2024,2025,2026",0,0,,,,
1380,Melbourne,Melbourne,11,20,Xavier,Lindsay,TAS,72,1,7,2006,194,93,72,67,65,72,67,65,65,65,64,72,72,71,71,68,64,65,67,79,68,74,91,67,86,73,81,62,39,90,43,57,36,51,19,36,36,40,26,35,20,30,27,20,22,28,28,19,32,5,9,11,12,11,15,15,7,9,5,2,2,15,11,11,313000,20,8,8,2024,15,12,2027,11,2024,National Draft,Medium Defender,"defensive profile: Half Back Flanker:-0.05, Back Pocket:-0.06, Intercept Defender:-0.30, Key Defender:-0.40 -> fallback Medium Defender (no standout)",65,69,7,102,69,33,15,15,4,1,0,0,26,57,10,,,0,0,,,,
1381,Melbourne,Melbourne,11,22,Judd,McVee,VIC,94,7,8,2003,191,92,73,66,62,73,72,62,62,63,66,73,68,75,75,70,64,65,73,78,67,75,94,66,69,81,89,56,34,44,20,46,41,55,25,37,37,37,26,42,30,23,30,31,28,29,21,32,23,11,3,6,12,10,7,8,14,11,15,10,12,15,6,12,370000,4,23,2,2026,5,11,2029,16,2021,Rookie Draft,Medium Defender,"defensive profile: Half Back Flanker:2.67, Intercept Defender:2.47, Key Defender:1.99, Back Pocket:0.23 -> fallback Medium Defender (no standout)",63,69,21,324,176,148,89,14,17,1,0,6,94,209,40,0.036,"2023,2024,2025,2026",0,0,,,,
1382,Melbourne,Melbourne,11,21,Caleb,Windsor,QLD,92,1,7,2005,177,78,67,64,67,76,79,66,67,69,69,67,67,80,80,73,67,76,75,74,69,71,95,79,51,89,81,56,37,62,30,58,48,68,18,27,28,21,45,35,27,23,17,26,28,27,27,24,44,7,14,2,5,11,13,13,6,10,4,1,1,1,15,13,524000,6,23,6,2023,1,1,2026,7,2023,National Draft,Half Back Flanker,"defensive profile: Half Back Flanker:3.30, Intercept Defender:1.02, Key Defender:0.16, Back Pocket:-0.20",71,78,21,320,180,140,43,56,31,9,0,1,111,215,16,-0.529,"2024,2025,2026",0,0,,,,
1383,Melbourne,Melbourne,11,24,Daniel,Turner,QLD,94,28,1,2002,196,95,82,71,63,68,62,66,67,62,64,82,79,67,67,67,62,60,71,87,66,106,62,65,70,99,39,51,39,49,26,47,52,49,39,59,73,76,30,36,35,36,24,36,28,32,27,27,27,3,6,12,7,9,8,9,3,9,13,10,3,8,11,11,681000,10,13,6,2026,2,2,2030,46,2025,National Draft,Key Defender,"defensive profile: Key Defender:7.21, Intercept Defender:6.35, Back Pocket:2.33, Half Back Flanker:0.01",66,72,20,292,200,92,120,31,1,2,0,21,103,175,104,1.141,"2023,2024,2025,2026",0,0,,,,
1384,Melbourne,Melbourne,11,34,Jake,Melksham,VIC,97,29,8,1991,201,102,75,75,60,62,65,63,66,71,57,75,62,65,65,62,81,63,60,70,63,94,66,69,84,86,58,63,48,44,19,53,53,55,51,58,31,33,34,46,33,27,58,21,25,32,25,21,28,12,13,9,10,12,13,14,7,11,7,3,13,2,7,11,599000,18,18,1,2024,25,2,2029,10,2009,National Draft,Key Forward,"forward profile: Key Forward:10.62, Small Forward:4.06, Pressure Forward:-4.40",60,61,7,53,32,21,21,7,1,8,0,3,20,34,11,0.198,"2021,2022,2023,2024,2025,2026",0,0,,,,
1385,Melbourne,Melbourne,11,23,Jacob,van Rooyen,VIC,94,16,4,2003,197,94,81,85,68,64,63,69,68,68,69,81,66,62,62,71,75,65,73,66,69,101,60,68,69,64,83,58,53,43,25,48,46,52,26,54,33,27,32,22,28,64,48,22,27,30,31,22,33,6,7,9,5,4,14,10,7,8,5,9,9,7,9,9,477000,2,19,2,2023,23,7,2025,19,2021,National Draft,Hybrid Key Forward Ruck,"Ruck minutes (4.1 HO/g) plus forward output (CM/g=0.75, GL/g=1.00)",71,78,22,262,154,108,104,28,18,42,37,25,132,135,29,-0.357,"2023,2024,2025,2026",0,0,,,,
1386,Melbourne,Melbourne,11,26,Harry,Petty,VIC,80,12,11,1999,200,96,80,79,64,65,63,66,66,70,62,80,66,63,63,67,78,63,73,66,67,105,67,68,97,77,80,64,49,52,1,53,46,62,67,73,28,32,25,42,23,25,63,31,35,30,32,31,24,2,6,11,8,8,7,12,8,10,9,6,9,11,12,8,500000,35,9,4,2023,8,3,2027,46,2025,National Draft,Key Forward,"forward profile: Key Forward:7.24, Small Forward:0.69, Pressure Forward:-3.27",66,68,20,206,129,77,101,54,5,26,24,30,98,108,72,,,0,0,,,,
1387,Melbourne,Melbourne,11,23,Blake,Howes,NT,78,1,7,2003,184,81,73,66,65,72,67,65,65,65,66,73,71,70,70,69,63,66,71,78,69,70,85,67,72,80,88,51,43,55,31,58,42,61,24,22,31,36,27,36,22,26,16,16,15,17,27,17,16,15,11,11,2,7,13,13,4,9,16,1,3,14,2,9,262000,22,7,11,2023,8,1,2027,39,2021,National Draft,Medium Defender,"defensive profile: Back Pocket:1.53, Key Defender:1.33, Intercept Defender:0.25, Half Back Flanker:-1.51 -> fallback Medium Defender (no standout)",65,68,20,303,156,147,97,39,5,0,0,6,83,219,54,-0.534,"2024,2025,2026",0,0,,,,
1388,Melbourne,Melbourne,11,23,Harry,Sharp,TAS,96,17,12,2002,174,76,63,67,67,68,71,67,68,71,65,63,65,70,70,68,75,69,73,74,69,46,108,69,80,99,80,52,37,61,51,44,48,50,27,35,24,37,77,51,50,33,57,62,24,50,28,27,33,9,9,9,5,8,2,8,7,9,9,12,8,2,11,10,188000,30,5,1,2023,9,8,2028,43,2020,National Draft,Small Forward,"forward profile: Small Forward:1.24, Pressure Forward:-1.05, Key Forward:-1.15",62,69,24,308,184,124,62,55,24,26,0,0,104,202,19,0.458,"2021,2022,2023,2024,2025,2026",0,0,,,,
1389,Melbourne,Melbourne,11,30,Jake,Lever,ACT,83,5,3,1996,200,97,81,67,62,70,63,67,67,61,64,81,79,67,67,69,60,61,78,88,67,89,56,66,57,55,39,53,47,71,18,65,48,64,18,32,39,43,19,27,23,24,26,14,23,26,19,26,22,15,5,2,10,1,3,4,12,15,2,8,1,15,16,5,411000,8,1,11,2023,19,7,2026,14,2014,National Draft,Key Defender,"defensive profile: Key Defender:4.53, Intercept Defender:3.75, Back Pocket:2.60, Half Back Flanker:-0.87",67,68,22,325,221,104,147,33,0,0,0,10,90,223,126,-0.832,"2021,2022,2023,2024,2025,2026",0,0,,,,
1390,Melbourne,Melbourne,11,26,Charlie,Spargo,VIC,80,25,11,1999,184,86,62,65,74,68,74,73,75,74,74,62,69,70,70,72,71,75,75,70,72,76,86,72,79,70,87,56,47,41,40,56,46,65,25,20,25,18,19,26,40,17,22,15,35,39,40,36,30,8,14,3,16,2,6,16,6,14,3,14,10,16,16,11,296000,9,2,5,2023,3,2,2029,29,2017,National Draft,Inside Mid,"midfield profile: Inside Mid:-2.34, Outside Mid:-4.22",65,67,19,242,125,117,75,39,2,12,0,0,48,193,7,-0.92,"2021,2022,2023,2024,2025,2026",0,0,,,,
1391,Melbourne,Melbourne,11,21,Koltyn,Tholstrup,TAS,75,1,7,2005,176,76,64,66,66,68,65,67,67,67,67,64,66,67,67,66,67,63,66,63,70,49,103,64,78,60,99,62,46,76,43,43,44,54,24,23,24,24,28,16,44,25,23,30,36,32,17,39,25,5,11,9,11,5,9,19,2,12,5,6,16,6,2,12,231000,12,2,2,2023,18,11,2027,13,2023,National Draft,Pressure Forward,"forward profile: Pressure Forward:1.10, Small Forward:-0.02, Key Forward:-0.18",54,61,24,422,258,164,100,34,17,3,0,8,139,243,49,-2.193,"2024,2025,2026",0,0,,,,
1392,Melbourne,Melbourne,11,23,Jai,Culley,QLD,87,24,2,2003,188,87,68,69,82,73,79,79,78,79,82,68,72,75,75,75,79,84,77,86,75,76,91,82,82,79,96,69,40,68,24,60,28,56,23,26,26,28,35,26,45,32,46,45,32,47,53,40,23,15,7,9,5,12,7,4,2,10,4,3,5,8,5,2,477000,46,17,3,2026,4,12,2028,1,2021,Mid-Season Draft,Hybrid Mid Forward,Strong in both forward (fwd_c=1.90) and midfield (mid_c=1.03) signals,78,81,7,86,45,41,21,15,10,1,0,6,44,43,6,0.1,"2022,2023,2024,2026",0,0,,,,
1393,Melbourne,Melbourne,11,26,Jack,Henderson,WA,74,1,10,1999,171,73,64,68,67,67,68,67,67,70,64,64,66,67,67,66,74,68,68,71,69,54,101,68,75,94,58,57,43,25,47,52,45,50,24,27,30,19,56,31,49,19,44,45,24,35,29,28,28,2,4,2,15,12,13,15,13,2,13,2,12,15,8,2,246000,43,13,7,2024,7,3,2030,55,2023,Father-Son,Small Forward,"forward profile: Small Forward:0.60, Pressure Forward:0.07, Key Forward:-0.98",58,63,5,50,25,25,11,10,4,2,0,1,23,27,3,,,0,0,Delisted,2026,delisted,draftguru.com.au 2024-2026 retirements/delistings (year/type sub-classification not preserved in this round's flat source list)
1394,Melbourne,Melbourne,11,22,Matthew,Jefferson,VIC,99,1,7,2004,199,99,79,79,64,65,63,65,66,69,61,79,65,63,63,66,78,63,72,66,67,103,62,68,99,75,63,59,35,61,45,52,39,56,57,68,34,26,33,42,31,21,63,23,28,33,23,23,26,8,6,2,13,1,3,15,4,5,10,14,15,8,4,3,188000,21,18,7,2024,17,9,2026,15,2022,National Draft,Key Forward,"forward profile: Key Forward:3.21, Small Forward:1.17, Pressure Forward:-1.35",65,70,16,121,70,51,46,22,1,18,1,19,68,53,19,,,0,0,,,,
1395,Melbourne,Melbourne,11,26,Aidan,Johnson,VIC,87,1,7,2000,204,104,79,86,69,63,62,72,72,69,69,79,69,63,63,71,73,63,69,65,68,109,69,67,88,63,83,29,70,29,41,55,99,57,30,65,43,23,30,29,33,71,52,35,23,24,30,36,32,14,8,10,6,11,1,11,6,13,12,8,1,6,4,15,246000,42,10,6,2023,24,1,2025,68,2024,National Draft,Hybrid Key Forward Ruck,"Ruck minutes (3.8 HO/g) plus forward output (CM/g=0.40, GL/g=0.60)",70,71,1,10,4,6,3,4,3,0,1,0,6,5,2,,,0,0,,,,
1396,Melbourne,Melbourne,11,30,Jack,Billings,QLD,89,18,8,1995,178,78,66,68,84,75,76,80,78,75,83,66,74,73,73,74,74,80,74,75,79,70,94,77,65,75,83,50,33,61,18,55,45,65,18,13,18,22,17,27,33,21,19,17,40,36,39,42,22,2,4,14,18,13,12,7,16,13,7,6,11,12,7,4,313000,14,6,9,2023,21,11,2028,3,2013,National Draft,Inside Mid,"midfield profile: Inside Mid:-0.87, Outside Mid:-2.49",79,80,1,14,5,9,2,2,1,0,0,0,5,9,0,-1.451,"2021,2022,2023,2024,2025",0,0,Delisted,2026,delisted,draftguru.com.au 2024-2026 retirements/delistings (year/type sub-classification not preserved in this round's flat source list)
1397,Melbourne,Melbourne,11,23,Taj,Woewodin,QLD,96,1,7,2003,179,79,71,65,65,79,78,65,66,67,67,71,67,81,81,74,66,74,73,78,68,74,98,79,70,83,88,50,29,54,43,53,28,63,33,27,21,23,43,43,25,24,31,26,29,28,19,32,45,8,7,4,12,12,11,12,15,15,8,12,6,5,10,14,231000,40,13,4,2023,1,11,2025,65,2021,National Draft,Half Back Flanker,"defensive profile: Half Back Flanker:2.86, Intercept Defender:0.19, Back Pocket:-0.31, Key Defender:-0.82",71,74,1,10,6,4,1,1,1,0,0,0,3,8,0,0.196,"2023,2024,2025",0,0,Delisted,2026,delisted,draftguru.com.au 2024-2026 retirements/delistings (year/type sub-classification not preserved in this round's flat source list)
1398,Melbourne,Melbourne,11,27,Tom,Fullarton,NSW,95,23,2,1999,188,88,65,65,69,69,68,68,67,66,67,65,69,68,68,65,65,67,62,68,71,81,102,66,68,64,64,79,38,57,43,45,36,53,31,24,48,58,27,33,40,21,25,27,24,25,23,27,29,5,10,11,10,11,14,11,3,6,4,3,11,6,7,7,140000,33,10,7,2023,1,11,2028,71,2025,National Draft,Back Pocket,"defensive profile: Back Pocket:1.34, Key Defender:-0.69, Intercept Defender:-6.42, Half Back Flanker:-7.92",57,59,2,9,5,4,1,2,1,0,16,0,7,2,2,,,0,0,Delisted,2026,delisted,draftguru.com.au 2024-2026 retirements/delistings (year/type sub-classification not preserved in this round's flat source list)
1399,Melbourne,Melbourne,11,22,Jed,Adams,VIC,81,1,7,2004,182,81,65,65,69,69,68,68,67,67,68,65,69,68,68,65,64,67,62,68,71,74,87,67,71,68,71,39,53,77,8,48,28,51,30,17,43,43,25,22,39,17,23,23,25,21,28,18,29,4,14,4,13,10,5,13,10,3,13,15,5,14,4,12,246000,26,25,12,2026,12,10,2029,38,2022,National Draft,Back Pocket,"defensive profile: Back Pocket:5.47, Key Defender:3.65, Intercept Defender:0.85, Half Back Flanker:-4.37",57,57,1,5,2,3,2,3,0,0,0,0,2,2,4,,,0,0,Injured,2026,knee (season-ending),"SEN Injury Hub 04/08/2026 (cross-checked AFL.com.au Medical Room, Sep 23 2026)"
1400,Melbourne,Melbourne,11,24,Bailey,Laurie,TAS,87,1,7,2002,184,84,66,70,67,67,67,67,67,70,64,66,66,66,66,67,72,67,70,70,69,73,94,66,72,41,56,50,26,42,73,54,45,63,60,40,40,25,30,51,32,37,50,56,32,29,30,35,33,6,8,4,9,4,2,10,6,11,9,3,6,4,11,6,140000,16,28,1,2025,6,4,2030,22,2020,National Draft,Medium Forward,"forward profile: Small Forward:-0.85, Key Forward:-2.00, Pressure Forward:-2.30 -> fallback Medium Forward (no standout)",57,60,17,213,120,93,45,34,11,13,0,1,63,147,9,2.194,"2023,2024,2025",0,0,,,,
1401,North Melbourne,North Melbourne,12,21,Harry,Sheezel,VIC,76,13,10,2004,186,83,76,68,85,81,85,81,78,77,90,76,75,78,78,80,71,92,78,76,78,73,84,87,72,82,84,59,55,54,4,50,62,55,26,20,23,26,48,44,32,25,25,21,23,35,32,33,54,6,12,8,1,7,11,2,6,6,9,5,2,13,5,10,1142000,3,6,9,2025,21,3,2030,3,2022,National Draft,Outside Mid,"midfield profile: Outside Mid:11.50, Inside Mid:9.80",88,110,22,670,325,345,144,107,99,12,0,5,216,446,18,0.609,"2023,2024,2025,2026",0,0,,,,
1402,North Melbourne,North Melbourne,12,30,Caleb,Daniel,VIC,90,7,7,1996,187,88,67,63,66,83,79,64,63,66,72,67,65,79,79,78,64,75,81,78,69,76,89,78,61,65,84,48,44,25,14,53,44,67,19,18,26,29,44,42,21,18,25,29,28,25,26,30,42,13,15,4,10,9,5,4,15,4,5,10,10,11,11,10,862000,5,11,5,2025,21,4,2028,46,2014,National Draft,Half Back Flanker,"defensive profile: Half Back Flanker:15.43, Intercept Defender:8.25, Key Defender:0.81, Back Pocket:-2.55",75,76,23,582,351,231,121,46,33,0,0,0,106,410,30,-0.64,"2021,2022,2023,2024,2025,2026",0,0,,,,
1403,North Melbourne,North Melbourne,12,27,Luke,Davies-Uniacke,VIC,86,8,6,1999,179,82,66,65,93,74,84,91,88,81,94,66,77,79,79,78,74,92,80,75,80,78,95,86,43,74,87,49,66,27,12,59,70,45,22,25,32,26,38,38,60,32,26,35,69,57,67,70,47,11,11,4,12,12,1,13,5,14,5,10,5,6,5,3,1383000,9,2,9,2025,2,5,2030,4,2017,National Draft,Inside Mid,"midfield profile: Inside Mid:18.12, Outside Mid:5.11",93,96,23,568,269,299,85,111,135,7,0,6,250,331,17,0.294,"2021,2022,2023,2024,2025,2026",0,0,,,,
1404,North Melbourne,North Melbourne,12,21,Colby,McKercher,QLD,88,1,7,2005,188,89,67,65,69,77,85,69,72,71,73,67,67,82,82,75,70,80,74,74,68,69,85,81,80,66,98,42,50,70,15,59,59,61,22,22,13,16,37,29,27,18,18,17,22,22,22,31,38,14,2,4,9,9,6,8,8,7,14,13,5,15,12,15,1068000,10,11,11,2023,23,2,2029,2,2023,National Draft,Outside Mid,"midfield profile: Outside Mid:17.42, Inside Mid:-1.94",77,83,23,499,311,188,80,52,19,6,0,0,65,393,6,-1.401,"2024,2025,2026",0,0,,,,
1405,North Melbourne,North Melbourne,12,24,Tom,Powell,WA,89,2,3,2002,188,85,66,66,79,72,74,76,76,75,78,66,72,69,69,70,70,78,66,71,74,80,96,76,53,70,69,50,55,63,39,60,52,47,33,31,33,29,37,39,65,32,27,29,70,59,66,63,49,13,2,6,10,5,5,5,13,5,9,1,12,11,11,2,928000,24,5,11,2024,18,7,2026,13,2020,National Draft,Inside Mid,"midfield profile: Inside Mid:9.78, Outside Mid:5.87",70,75,8,134,81,53,40,22,13,3,0,0,36,97,7,0.651,"2021,2022,2023,2024,2025,2026",0,0,,,,
1406,North Melbourne,North Melbourne,12,33,Luke,Parker,VIC,82,25,10,1992,182,85,72,67,80,78,75,78,76,72,82,72,71,75,75,79,68,77,81,73,73,81,94,77,63,71,88,55,63,28,29,53,56,54,23,28,26,21,28,27,52,17,28,27,57,43,50,51,38,14,11,1,17,13,10,2,6,11,4,4,4,10,6,7,1105000,26,15,2,2024,22,11,2030,40,2010,National Draft,Inside Mid,"midfield profile: Inside Mid:15.28, Outside Mid:1.64",76,77,23,582,364,218,150,44,22,3,0,8,122,381,42,-1.591,"2021,2022,2023,2024,2025,2026",0,0,,,,
1407,North Melbourne,North Melbourne,12,28,Jy,Simpkin,VIC,95,5,3,1998,189,89,71,68,80,76,83,80,80,76,83,71,69,77,77,78,76,87,82,88,72,76,84,85,78,83,96,53,58,9,1,58,57,69,16,24,22,22,32,16,32,26,34,39,15,36,32,30,25,12,8,10,2,11,7,2,2,9,2,4,12,11,15,13,894000,12,3,1,2023,6,11,2026,12,2016,National Draft,Hybrid Mid Forward,Strong in both midfield (mid_c=4.41) and forward (fwd_c=0.84) signals,82,83,23,507,287,220,118,49,61,13,0,7,148,355,19,-0.768,"2021,2022,2023,2024,2025,2026",0,0,,,,
1408,North Melbourne,North Melbourne,12,25,Dylan,Stephens,TAS,92,1,7,2001,182,80,70,65,68,75,79,68,69,68,73,70,65,75,75,75,69,79,77,73,68,74,99,78,79,69,75,53,39,56,23,48,53,48,28,21,20,33,52,49,37,32,33,33,20,38,28,37,61,5,2,6,13,7,14,11,5,14,2,12,3,4,7,11,500000,15,15,6,2026,19,9,2031,5,2019,National Draft,Outside Mid,"midfield profile: Outside Mid:5.63, Inside Mid:-3.28",70,75,23,458,278,180,117,39,32,4,0,4,110,349,22,0.453,"2021,2022,2023,2024,2025,2026",0,0,,,,
1409,North Melbourne,North Melbourne,12,27,Tristan,Xerri,VIC,76,15,3,1999,204,104,73,98,94,63,62,95,91,76,90,73,83,66,66,88,69,70,74,69,82,90,60,70,82,66,64,72,80,27,25,59,72,54,27,45,46,36,20,33,27,56,20,20,36,30,35,43,27,10,2,7,5,10,5,3,3,8,9,3,5,3,9,5,928000,38,24,4,2024,24,3,2029,72,2017,National Draft,Ruck,Dominant hitouts (35.0/game),88,90,19,337,129,208,55,113,126,8,405,19,271,74,45,3.255,"2021,2022,2023,2024,2025,2026",0,0,,,,
1410,North Melbourne,North Melbourne,12,20,Finn,O'Sullivan,NT,77,1,7,2006,188,86,77,66,66,73,69,68,69,65,68,77,75,71,71,72,63,68,76,83,68,76,83,70,67,62,71,47,46,51,7,51,69,63,24,35,45,16,27,30,25,23,17,22,18,24,20,25,30,10,10,9,8,6,3,11,14,10,2,7,1,8,11,15,411000,2,17,5,2024,8,8,2028,2,2024,National Draft,Intercept Defender,"defensive profile: Intercept Defender:2.70, Half Back Flanker:2.17, Key Defender:1.59, Back Pocket:0.45",70,75,19,376,179,197,75,56,65,5,0,2,135,251,27,,,0,0,,,,
1411,North Melbourne,North Melbourne,12,25,Charlie,Comben,VIC,76,20,7,2001,191,85,82,72,64,66,61,68,69,63,64,82,82,66,66,67,61,59,73,89,67,88,65,63,53,98,61,44,57,30,17,51,51,69,22,48,59,52,34,42,27,31,31,31,29,34,22,28,20,4,11,3,1,6,5,5,11,6,3,5,5,2,1,3,626000,30,12,10,2023,11,11,2026,31,2019,National Draft,Key Defender,"defensive profile: Key Defender:9.84, Intercept Defender:8.53, Back Pocket:3.91, Half Back Flanker:0.30",67,70,22,262,161,101,125,46,5,1,0,26,94,171,156,1.383,"2021,2022,2023,2024,2025,2026",0,0,,,,
1412,North Melbourne,North Melbourne,12,31,Luke,McDonald,VIC,74,9,2,1995,190,88,76,65,64,73,68,66,67,64,64,76,73,71,71,71,62,67,75,84,67,71,97,69,83,85,85,58,43,60,9,53,52,66,26,48,50,18,19,45,21,26,22,23,25,27,25,22,36,13,4,1,4,4,8,7,14,2,9,4,8,15,2,13,454000,11,11,5,2024,11,9,2026,8,2013,National Draft,Intercept Defender,"defensive profile: Intercept Defender:6.61, Key Defender:4.47, Half Back Flanker:3.84, Back Pocket:2.14",68,68,18,288,184,104,99,35,8,1,0,3,60,219,48,-0.748,"2021,2022,2023,2024,2025,2026",0,0,,,,
1413,North Melbourne,North Melbourne,12,28,Cameron,Zurhaar,VIC,87,22,5,1998,199,97,80,76,67,68,67,68,70,70,64,80,68,68,68,70,75,68,80,70,66,104,58,73,65,68,68,52,53,32,28,49,53,59,55,53,26,26,29,45,22,25,59,20,30,25,27,24,30,13,6,14,13,5,6,10,11,10,3,6,10,7,9,6,599000,44,22,9,2025,24,12,2028,11,2016,Rookie Draft,Key Forward,"forward profile: Key Forward:9.12, Small Forward:4.81, Pressure Forward:-2.73",69,71,23,353,232,121,131,39,7,10,0,14,105,243,64,-0.162,"2021,2022,2023,2024,2025,2026",0,0,,,,
1414,North Melbourne,North Melbourne,12,23,Paul,Curtis,VIC,72,4,3,2003,191,87,77,77,69,65,65,71,72,74,63,77,69,64,64,68,81,65,75,68,69,90,59,70,70,62,72,61,66,45,1,55,58,58,58,49,28,30,32,41,35,23,49,30,24,31,20,27,24,3,11,3,11,5,12,5,6,11,13,9,3,4,3,3,709000,25,5,7,2023,26,6,2028,35,2021,National Draft,Key Forward,"forward profile: Key Forward:9.00, Small Forward:7.00, Pressure Forward:1.91",67,71,20,248,161,87,78,71,18,38,0,11,96,139,26,0.945,"2022,2023,2024,2025,2026",0,0,,,,
1415,North Melbourne,North Melbourne,12,21,Riley,Hardeman,TAS,83,1,7,2005,191,88,73,67,63,72,68,64,65,64,64,73,71,71,71,67,64,66,67,78,68,73,94,68,52,63,99,58,34,47,58,55,36,66,34,41,54,57,35,43,30,28,35,29,31,30,25,36,25,6,10,2,8,11,6,7,6,1,10,12,12,5,4,7,332000,17,20,3,2024,21,11,2027,23,2023,National Draft,Medium Defender,"defensive profile: Intercept Defender:2.99, Half Back Flanker:2.94, Key Defender:1.75, Back Pocket:0.66 -> fallback Medium Defender (no standout)",64,68,7,93,62,31,23,10,2,1,0,0,13,78,8,1.644,"2024,2025,2026",0,0,,,,
1416,North Melbourne,North Melbourne,12,34,Jack,Darling,VIC,95,13,6,1992,201,100,84,82,70,65,61,70,68,71,65,84,67,62,62,70,78,62,80,64,72,104,61,67,66,84,72,51,55,20,14,51,40,55,54,52,30,20,26,42,19,26,59,27,30,19,20,19,22,9,4,16,16,12,7,2,17,16,1,7,10,10,17,9,599000,28,23,9,2025,24,3,2030,26,2010,National Draft,Key Forward,"forward profile: Key Forward:7.90, Small Forward:-0.23, Pressure Forward:-3.01",71,73,22,231,143,88,96,50,15,36,20,31,119,107,21,-0.945,"2021,2022,2023,2024,2025,2026",0,0,,,,
1417,North Melbourne,North Melbourne,12,22,Jacob,Konstanty,QLD,86,1,7,2004,178,79,62,67,66,65,63,68,69,67,65,62,66,65,65,63,68,62,61,62,68,48,104,61,75,77,85,55,52,57,27,60,55,61,27,21,26,22,43,25,60,29,33,36,43,41,32,57,30,10,12,2,3,6,14,3,5,12,5,7,4,5,14,11,370000,41,13,4,2026,20,1,2030,20,2022,National Draft,Pressure Forward,"forward profile: Pressure Forward:3.80, Small Forward:2.32, Key Forward:-1.68",52,58,10,95,43,52,25,23,9,7,0,2,40,58,8,,,0,0,,,,
1418,North Melbourne,North Melbourne,12,22,George,Wardlaw,SA,91,1,7,2004,180,82,63,64,90,71,74,86,84,77,85,63,79,72,72,74,69,81,73,72,80,74,92,77,59,94,76,62,58,71,28,51,62,68,20,23,32,33,24,25,48,28,24,28,54,58,60,56,34,5,5,6,4,10,5,3,8,5,5,7,5,12,6,7,738000,6,4,5,2025,5,12,2030,4,2022,National Draft,Inside Mid,"midfield profile: Inside Mid:8.65, Outside Mid:-0.83",79,85,16,272,146,126,39,86,65,6,0,1,149,129,30,0.793,"2023,2024,2025,2026",0,0,,,,
1419,North Melbourne,North Melbourne,12,28,Griffin,Logue,VIC,86,13,4,1998,197,93,77,69,61,67,61,65,65,60,65,77,78,66,66,67,60,58,70,87,67,90,56,61,51,65,97,54,48,35,1,50,42,68,18,29,40,39,17,26,15,28,19,17,21,27,20,21,26,10,2,13,4,7,9,3,3,3,12,14,4,2,8,3,454000,19,15,2,2023,9,4,2028,8,2016,National Draft,Key Defender,"defensive profile: Key Defender:7.41, Intercept Defender:6.81, Back Pocket:4.42, Half Back Flanker:-0.95",61,62,16,186,94,92,75,16,2,0,0,6,66,124,73,-0.274,"2021,2022,2023,2024,2025,2026",0,0,,,,
1420,North Melbourne,North Melbourne,12,19,Toby,Pink,TAS,92,30,3,2007,189,90,73,67,63,72,67,65,65,64,64,73,72,70,70,67,63,65,65,80,68,74,99,67,73,58,74,54,46,82,1,59,33,54,39,42,66,61,33,55,29,25,28,25,34,36,26,34,25,2,9,11,12,9,7,10,6,4,4,12,2,7,6,12,411000,32,28,10,2024,22,7,2026,45,2025,National Draft,Medium Defender,"defensive profile: Key Defender:8.34, Intercept Defender:7.97, Back Pocket:4.33, Half Back Flanker:0.64 -> fallback Medium Defender (no standout)",65,72,5,61,38,23,25,4,0,0,0,0,15,44,25,1.416,"2024,2025,2026",0,0,,,,
1421,North Melbourne,North Melbourne,12,28,Nick,Larkey,VIC,72,6,6,1998,193,88,82,81,61,68,61,63,61,67,62,82,62,60,60,69,80,61,79,63,68,96,59,66,72,76,80,65,40,38,1,46,35,56,49,45,26,22,26,34,24,27,46,23,20,17,20,26,18,11,13,10,6,4,12,8,5,14,14,2,3,10,14,6,653000,20,2,2,2024,15,9,2030,73,2016,National Draft,Key Forward,"forward profile: Key Forward:16.38, Small Forward:5.52, Pressure Forward:-7.80",69,71,23,230,150,80,111,25,1,45,0,23,97,134,23,0.131,"2021,2022,2023,2024,2025,2026",0,0,,,,
1422,North Melbourne,North Melbourne,12,32,Aidan,Corr,NSW,79,17,5,1994,187,82,73,65,60,71,64,66,67,60,62,73,75,69,69,68,60,60,73,87,65,71,84,64,59,85,58,50,51,79,14,57,40,53,24,40,35,14,22,30,14,21,19,23,17,15,16,19,29,15,6,15,10,4,7,10,14,3,3,11,10,4,14,13,332000,4,2,9,2023,21,8,2025,14,2012,National Draft,Intercept Defender,"defensive profile: Intercept Defender:7.72, Key Defender:5.19, Half Back Flanker:3.99, Back Pocket:3.32",62,62,16,195,124,71,61,17,1,0,0,6,49,122,63,-0.872,"2021,2022,2023,2024,2025,2026",0,0,,,,
1423,North Melbourne,North Melbourne,12,26,Bailey,Scott,VIC,74,9,7,2000,183,84,68,64,64,74,74,63,64,65,64,68,66,75,75,67,64,70,60,72,69,78,98,72,57,73,96,48,38,20,34,50,35,53,28,22,24,21,45,34,20,18,28,29,22,26,24,31,56,4,3,9,15,2,15,11,13,14,10,9,10,7,13,3,390000,8,16,4,2023,21,10,2028,49,2018,National Draft,Half Back Flanker,"defensive profile: Half Back Flanker:0.20, Back Pocket:-0.40, Key Defender:-1.44, Intercept Defender:-2.37",61,65,3,35,16,19,11,8,1,0,0,0,5,31,3,-0.357,"2021,2022,2023,2024,2025,2026",0,0,,,,
1424,North Melbourne,North Melbourne,12,22,Robert,Hansen,VIC,84,29,2,2004,192,91,67,70,67,67,67,67,67,70,64,67,66,66,66,66,72,66,70,70,70,78,88,67,72,79,86,55,31,51,64,57,35,60,50,26,22,36,35,45,30,29,42,44,33,20,25,23,23,7,11,2,6,3,6,3,8,6,9,9,3,10,10,5,231000,46,21,5,2023,12,12,2028,58,2022,Rookie Draft,Medium Forward,"forward profile: Small Forward:-0.16, Key Forward:-2.01, Pressure Forward:-2.40 -> fallback Medium Forward (no standout)",57,59,12,104,62,42,26,8,9,3,0,0,31,73,6,1.621,"2023,2024,2025,2026",0,0,Delisted,2026,delisted,draftguru.com.au 2024-2026 retirements/delistings (year/type sub-classification not preserved in this round's flat source list)
1425,North Melbourne,North Melbourne,12,24,Will,Phillips,VIC,93,1,7,2002,179,82,65,66,86,73,77,82,81,76,85,65,76,73,73,75,72,82,73,73,79,74,88,78,64,73,67,46,57,26,41,65,49,67,17,31,19,27,30,26,53,20,30,21,46,41,45,50,29,13,10,10,6,6,2,1,4,6,12,6,9,9,8,13,574000,29,27,12,2026,25,10,2030,3,2020,National Draft,Inside Mid,"midfield profile: Inside Mid:9.52, Outside Mid:-4.48",79,83,7,101,36,65,17,35,30,0,0,1,43,59,5,0.604,"2021,2023,2024,2025",0,0,Delisted,2026,delisted,draftguru.com.au 2024-2026 retirements/delistings (year/type sub-classification not preserved in this round's flat source list)
1426,North Melbourne,North Melbourne,12,29,Darcy,Tucker,NT,85,23,1,1997,190,90,75,70,67,74,70,68,68,67,67,74,74,73,73,70,66,68,70,79,71,71,96,70,74,82,81,61,36,49,18,49,30,58,26,43,48,42,26,44,24,22,21,21,27,31,19,33,30,11,4,10,12,12,4,11,12,6,10,11,3,2,2,10,262000,13,1,9,2024,10,9,2027,27,2015,National Draft,Medium Defender,"defensive profile: Half Back Flanker:0.00, Back Pocket:-0.74, Key Defender:-0.95, Intercept Defender:-1.59 -> fallback Medium Defender (no standout)",70,71,7,93,51,42,26,10,1,0,0,0,16,75,4,0.357,"2021,2022,2023,2024,2025",0,0,Delisted,2026,delisted,draftguru.com.au 2024-2026 retirements/delistings (year/type sub-classification not preserved in this round's flat source list)
1427,North Melbourne,North Melbourne,12,28,Zac,Fisher,VIC,89,15,6,1998,194,92,66,65,63,74,69,62,61,63,66,66,65,69,69,63,62,63,55,70,69,69,91,65,78,52,90,64,36,30,43,58,30,59,18,28,43,39,24,36,18,19,23,21,23,18,26,18,18,14,1,13,12,5,6,14,1,15,2,14,3,3,6,3,262000,16,23,7,2025,23,4,2031,27,2016,National Draft,Medium Defender,"defensive profile: Half Back Flanker:0.01, Back Pocket:-1.10, Key Defender:-1.68, Intercept Defender:-2.30 -> fallback Medium Defender (no standout)",53,54,1,14,8,6,3,2,0,0,0,0,3,10,0,-0.105,"2021,2022,2023,2024,2025,2026",0,0,,,,
1428,North Melbourne,North Melbourne,12,21,Zane,Duursma,WA,83,1,7,2005,193,90,77,77,62,65,62,64,64,68,60,77,64,62,62,66,76,61,72,64,67,94,65,67,87,99,67,53,27,73,48,44,30,57,43,46,26,23,20,34,24,27,43,25,23,26,21,21,24,9,3,15,8,7,16,11,13,5,8,11,12,2,7,9,216000,7,27,7,2025,19,9,2028,4,2023,National Draft,Key Forward,"forward profile: Key Forward:1.89, Small Forward:-0.60, Pressure Forward:-3.98",63,70,15,99,64,35,43,14,5,15,0,7,40,60,9,-0.73,"2024,2025,2026",0,0,,,,
1429,North Melbourne,North Melbourne,12,22,Cooper,Harvey,TAS,91,1,7,2004,174,74,65,68,67,67,69,66,67,70,65,65,65,67,67,66,73,68,68,71,69,49,89,68,74,80,83,49,40,66,45,57,45,60,21,19,27,33,59,35,50,34,44,58,22,35,31,33,24,8,4,6,13,3,12,5,2,2,13,7,8,2,6,9,216000,37,3,3,2024,27,4,2029,56,2022,National Draft,Small Forward,"forward profile: Small Forward:5.02, Key Forward:4.19, Pressure Forward:-3.28",59,61,7,138,82,56,39,11,1,0,0,3,20,103,7,0.759,"2023,2024,2026",0,0,,,,
1430,North Melbourne,North Melbourne,12,23,Finnbar,Maley,VIC,76,18,7,2003,202,103,79,79,64,65,63,66,66,69,61,79,65,63,63,66,77,63,72,66,67,100,65,68,73,66,61,52,45,42,30,48,42,58,62,53,26,23,20,35,19,29,58,21,26,24,29,31,20,12,1,10,13,3,3,14,6,4,5,12,14,5,11,15,370000,39,24,11,2023,22,9,2026,2,2023,Rookie Draft,Key Forward,"forward profile: Key Forward:6.17, Small Forward:-1.96, Pressure Forward:-2.60",65,68,6,41,20,21,20,12,2,4,29,9,21,22,10,,,0,0,,,,
1431,North Melbourne,North Melbourne,12,26,Brynn,Teakle,VIC,99,16,10,1999,210,109,71,98,81,63,63,84,82,72,79,71,77,66,66,85,68,68,72,69,74,92,58,70,82,70,89,74,57,47,25,43,49,60,16,28,28,17,25,25,24,50,21,24,17,19,19,28,22,14,5,4,16,12,17,17,7,11,14,4,5,11,14,9,432000,43,23,12,2023,16,12,2029,8,2021,Mid-Season Draft,Ruck,Dominant hitouts (15.8/game),81,83,4,41,27,14,11,17,14,1,63,2,26,16,4,-2.181,"2022,2023,2025",0,0,Delisted,2026,delisted,draftguru.com.au 2024-2026 retirements/delistings (year/type sub-classification not preserved in this round's flat source list)
1432,North Melbourne,North Melbourne,12,20,Wil,Dawson,NSW,74,1,7,2006,198,96,77,71,63,66,60,66,66,62,63,77,78,65,65,66,62,57,68,84,67,93,66,62,56,86,74,52,49,93,18,45,37,54,17,34,54,48,17,24,24,25,22,20,26,17,16,23,17,7,15,15,5,15,14,4,8,4,15,17,11,1,8,7,390000,18,1,8,2026,17,10,2031,22,2023,National Draft,Key Defender,"defensive profile: Key Defender:6.12, Back Pocket:5.18, Intercept Defender:3.48, Half Back Flanker:-3.04",61,65,10,58,29,29,18,27,7,0,88,2,24,34,13,-1.535,"2024,2025,2026",0,0,,,,
1433,North Melbourne,North Melbourne,12,24,Zac,Banch,VIC,98,1,7,2002,185,83,67,70,67,66,67,67,68,70,64,67,66,66,66,66,72,67,69,70,69,69,98,67,63,54,76,69,33,44,54,63,41,56,38,20,29,25,24,41,28,19,45,38,31,27,28,29,18,4,4,14,14,5,4,9,2,8,7,14,3,2,9,8,231000,45,18,3,2026,26,3,2030,2,2024,Mid-Season Draft,Medium Forward,"forward profile: Key Forward:-0.37, Small Forward:-0.89, Pressure Forward:-2.79 -> fallback Medium Forward (no standout)",57,59,8,80,47,33,24,18,4,7,0,0,20,59,7,,,0,0,,,,
1434,North Melbourne,North Melbourne,12,20,Cooper,Trembath,QLD,89,17,10,2005,199,100,79,79,64,66,63,65,66,69,62,79,65,63,63,67,78,63,73,66,68,99,67,68,58,94,83,78,32,48,4,44,32,51,54,70,29,22,23,47,21,34,58,21,21,25,32,28,29,4,7,8,12,4,10,7,14,5,6,3,2,13,5,9,709000,47,7,11,2026,8,7,2028,16,2025,National Draft,Key Forward,"forward profile: Key Forward:21.29, Small Forward:5.69, Pressure Forward:-9.96",65,71,23,229,131,98,103,49,16,32,119,27,99,130,24,,,0,0,,,,
1435,North Melbourne,North Melbourne,12,23,Jackson,Archer,VIC,87,1,7,2003,183,79,65,66,68,70,68,68,67,66,68,65,69,68,68,65,65,67,62,68,71,74,97,67,71,95,82,58,35,26,24,54,22,51,33,29,44,68,28,27,42,34,29,30,23,26,23,34,33,4,11,10,8,13,7,6,5,14,2,13,9,8,6,10,150000,34,6,9,2024,25,3,2027,59,2021,National Draft,Back Pocket,"defensive profile: Back Pocket:1.02, Key Defender:0.20, Intercept Defender:-1.78, Half Back Flanker:-2.50",56,60,3,24,13,11,3,3,0,0,0,0,6,18,4,-0.02,"2022,2023,2024,2025,2026",0,0,Injured,2026,knee (season-ending),"SEN Injury Hub 04/08/2026 (cross-checked AFL.com.au Medical Room, Sep 23 2026)"
1436,North Melbourne,North Melbourne,12,28,Kallan,Dawson,VIC,75,1,7,1998,189,86,74,67,65,72,68,66,66,65,65,74,72,71,71,68,64,66,68,79,68,68,93,68,58,73,77,42,55,36,8,65,45,59,16,28,37,27,21,34,22,16,16,25,25,14,26,24,20,4,14,11,12,6,3,2,4,10,12,4,2,16,7,11,262000,42,23,5,2025,23,1,2027,2,2021,Mid-Season Draft,Medium Defender,"defensive profile: Key Defender:5.42, Back Pocket:5.16, Intercept Defender:4.84, Half Back Flanker:-0.97 -> fallback Medium Defender (no standout)",66,67,3,23,11,12,10,5,0,0,0,0,4,17,16,-0.938,"2022,2023,2024,2025",0,0,Delisted,2026,delisted,draftguru.com.au 2024-2026 retirements/delistings (year/type sub-classification not preserved in this round's flat source list)
1437,North Melbourne,North Melbourne,12,21,Geordie,Payne,WA,74,1,7,2005,176,79,64,68,67,67,69,67,67,70,64,64,66,67,67,66,74,68,68,71,69,49,99,68,71,90,84,59,56,67,35,52,39,43,32,32,25,34,70,43,48,26,45,56,28,48,23,21,25,9,3,2,3,7,12,5,11,7,2,10,2,14,8,7,175000,23,16,6,2025,3,8,2029,1,2023,Mid-Season Draft,Small Forward,"forward profile: Small Forward:4.38, Key Forward:0.38, Pressure Forward:-0.01",59,60,3,16,7,9,2,6,0,3,0,0,9,8,3,,,0,0,Delisted,2026,delisted,draftguru.com.au 2024-2026 retirements/delistings (year/type sub-classification not preserved in this round's flat source list)
1438,North Melbourne,North Melbourne,12,20,Matt,Whitlock,TAS,95,1,7,2006,177,80,64,68,67,67,68,67,67,70,64,64,66,67,67,66,74,68,68,71,69,54,99,68,52,65,82,44,36,57,39,55,30,57,26,25,32,24,70,40,47,26,54,69,26,51,24,32,27,14,6,8,12,2,5,13,2,13,10,9,12,9,4,14,140000,35,9,8,2026,13,6,2030,27,2024,National Draft,Small Forward,"forward profile: Small Forward:1.54, Key Forward:-1.62, Pressure Forward:-2.06",58,60,3,19,12,7,9,1,0,2,0,0,6,14,2,,,0,0,,,,
1439,North Melbourne,North Melbourne,12,27,Callum,Coleman-Jones,QLD,98,1,7,1999,174,74,60,69,66,64,62,70,71,67,66,60,66,64,64,64,67,61,60,61,67,50,101,61,63,83,90,39,47,50,83,46,69,49,19,16,21,17,32,26,48,21,18,27,40,35,17,38,17,12,14,10,2,13,16,2,6,18,8,13,7,11,12,10,140000,21,24,3,2025,10,1,2028,20,2017,National Draft,Pressure Forward,"forward profile: Pressure Forward:0.13, Small Forward:-0.42, Key Forward:-2.54",53,55,5,46,21,25,7,7,18,0,52,0,27,19,7,-1.733,"2021,2022,2023,2024,2025",0,0,,,,
1440,Port Adelaide,Port Adelaide,13,26,Connor,Rozee,VIC,72,22,1,2000,180,79,69,64,77,74,82,75,79,74,79,69,71,81,81,71,68,85,56,76,68,74,98,85,59,90,61,62,57,64,18,52,90,64,35,34,23,23,62,63,37,22,35,31,23,41,41,52,65,10,5,5,14,2,5,2,9,13,6,11,1,8,13,5,1220000,1,12,3,2023,1,5,2026,5,2018,National Draft,Outside Mid,"midfield profile: Outside Mid:13.15, Inside Mid:6.76",78,82,2,45,25,20,9,6,5,0,0,0,14,30,3,0.758,"2021,2022,2023,2024,2025,2026",0,0,,,,
1441,Port Adelaide,Port Adelaide,13,25,Zak,Butters,QLD,86,8,9,2000,183,85,66,64,94,78,90,89,86,85,96,66,78,84,84,77,78,95,73,75,81,66,88,90,83,99,82,73,62,67,8,53,76,52,20,32,29,23,27,38,40,32,23,34,51,52,57,47,34,10,9,2,13,6,1,9,10,6,9,8,3,7,3,13,1794000,9,16,10,2026,23,11,2030,12,2018,National Draft,Inside Mid,"midfield profile: Inside Mid:20.53, Outside Mid:10.02",103,106,17,506,289,217,59,72,104,5,0,2,208,292,23,1.3,"2021,2022,2023,2024,2025,2026",0,0,,,,
1442,Port Adelaide,Port Adelaide,13,31,Ollie,Wines,VIC,90,7,10,1994,188,88,66,66,91,72,74,87,82,81,97,66,75,70,70,78,73,84,77,71,81,68,96,74,44,66,95,58,60,75,28,62,60,62,26,25,15,25,20,25,42,16,19,23,40,40,49,39,30,10,9,8,2,4,8,1,17,9,11,6,10,10,8,3,1181000,16,12,11,2023,24,8,2025,7,2012,National Draft,Inside Mid,"midfield profile: Inside Mid:17.90, Outside Mid:1.13",88,89,19,414,147,267,74,76,65,3,0,1,174,236,8,-0.941,"2021,2022,2023,2024,2025,2026",0,0,,,,
1443,Port Adelaide,Port Adelaide,13,27,Kane,Farrell,TAS,75,17,3,1999,187,85,73,63,64,81,81,66,69,65,63,73,68,86,86,72,64,74,69,81,66,66,93,82,64,52,99,47,52,71,29,48,46,54,25,29,27,29,41,40,31,28,18,31,25,19,20,38,48,4,2,9,5,11,12,4,10,9,11,5,9,3,11,7,799000,6,9,4,2023,2,6,2027,51,2017,National Draft,Half Back Flanker,"defensive profile: Half Back Flanker:12.74, Intercept Defender:8.10, Key Defender:1.72, Back Pocket:-0.49",74,76,13,251,210,41,86,25,10,2,0,1,46,154,23,0.974,"2021,2022,2023,2024,2025,2026",0,0,,,,
1444,Port Adelaide,Port Adelaide,13,27,Willem,Drew,WA,80,1,10,1998,184,86,61,64,93,70,74,87,85,80,86,61,84,71,71,76,69,81,79,72,82,73,88,78,51,77,79,55,69,69,20,57,59,56,20,18,19,23,33,36,52,27,29,21,46,50,46,55,38,8,5,2,8,11,3,8,10,14,8,12,13,9,8,13,962000,28,21,3,2025,20,9,2031,33,2016,National Draft,Inside Mid,"midfield profile: Inside Mid:13.25, Outside Mid:-1.65",81,83,22,415,224,191,58,119,101,2,0,2,205,210,46,-0.287,"2021,2022,2023,2024,2025,2026",0,0,,,,
1445,Port Adelaide,Port Adelaide,13,23,Jase,Burgoyne,VIC,93,15,7,2003,187,83,71,67,77,77,79,73,72,75,77,71,71,77,77,75,72,82,75,75,73,80,103,82,63,54,54,54,43,30,1,47,59,60,36,36,32,30,78,66,40,25,28,24,37,47,35,44,73,7,12,10,6,6,1,5,5,6,10,6,4,2,12,4,626000,7,13,4,2025,1,9,2029,60,2021,National Draft,Outside Mid,"midfield profile: Outside Mid:4.24, Inside Mid:1.47",74,81,23,503,321,182,121,85,58,10,0,4,185,283,30,0.996,"2022,2023,2024,2025,2026",0,0,,,,
1446,Port Adelaide,Port Adelaide,13,24,Miles,Bergman,TAS,75,18,10,2001,185,85,77,67,69,77,77,68,69,69,69,77,69,79,79,72,65,76,72,77,69,79,102,79,44,83,66,56,51,59,25,41,50,59,28,33,22,28,54,53,30,30,31,31,22,30,31,39,64,9,5,8,1,2,6,6,3,11,11,8,12,8,8,8,862000,14,22,10,2024,10,3,2029,14,2019,National Draft,Half Back Flanker,"defensive profile: Half Back Flanker:7.04, Intercept Defender:4.99, Key Defender:1.57, Back Pocket:0.65",71,77,16,270,179,91,94,39,17,4,0,12,85,175,26,0.491,"2021,2022,2023,2024,2025,2026",0,0,,,,
1447,Port Adelaide,Port Adelaide,13,26,Joe,Richards,SA,74,23,11,1999,188,86,69,68,83,74,80,80,79,80,80,69,74,76,76,75,77,84,78,87,76,77,95,83,72,66,76,55,44,34,20,63,51,63,18,31,28,30,35,27,41,20,36,50,19,37,47,39,31,2,6,7,8,12,6,2,4,2,7,1,6,15,2,1,477000,35,2,9,2023,3,4,2029,48,2022,National Draft,Hybrid Mid Forward,Strong in both forward (fwd_c=0.84) and midfield (mid_c=0.74) signals,79,82,20,370,227,143,88,90,58,9,0,2,129,233,22,-0.131,"2024,2025,2026",0,0,,,,
1448,Port Adelaide,Port Adelaide,13,38,Travis,Boak,SA,89,1,8,1988,186,84,64,65,87,72,76,83,81,77,86,64,76,73,73,75,71,82,73,73,78,71,94,78,61,49,82,49,55,7,15,54,69,57,17,25,25,19,32,24,42,26,25,18,54,50,47,45,39,18,18,16,4,6,5,18,14,10,17,16,9,14,1,14,709000,10,19,3,2026,22,6,2032,5,2006,National Draft,Inside Mid,"midfield profile: Inside Mid:5.87, Outside Mid:3.61",78,79,16,328,143,185,67,52,42,6,0,2,113,217,17,-1.915,"2021,2022,2023,2024,2025",0,0,Delisted,2026,delisted,draftguru.com.au 2024-2026 retirements/delistings (year/type sub-classification not preserved in this round's flat source list)
1449,Port Adelaide,Port Adelaide,13,23,Jason,Horne-Francis,VIC,74,21,6,2003,195,96,72,71,85,74,84,86,86,82,84,72,70,79,79,77,82,88,80,90,72,73,94,89,71,77,59,55,63,46,37,52,81,55,28,31,35,30,35,31,40,32,35,42,25,38,54,37,30,5,12,2,8,8,4,2,6,3,10,2,12,10,6,6,1068000,18,20,6,2023,24,7,2025,1,2021,National Draft,Hybrid Mid Forward,Strong in both midfield (mid_c=4.63) and forward (fwd_c=2.75) signals,89,110,21,489,335,154,104,70,121,27,0,9,208,274,20,1.691,"2022,2023,2024,2025,2026",0,0,,,,
1450,Port Adelaide,Port Adelaide,13,31,Aliir,Aliir,SA,79,5,9,1994,200,97,93,74,64,70,62,69,69,60,63,93,76,68,68,70,60,61,78,89,64,96,62,68,86,60,66,51,48,45,1,42,57,63,23,48,57,54,20,34,19,25,26,26,26,25,22,19,29,16,4,4,3,16,12,2,11,12,5,1,15,14,6,1,738000,21,22,9,2024,5,3,2026,44,2013,National Draft,Key Defender,"defensive profile: Key Defender:9.70, Intercept Defender:9.08, Back Pocket:3.54, Half Back Flanker:1.57",78,79,22,335,268,67,174,24,1,1,0,31,116,210,97,-0.641,"2021,2022,2023,2024,2025,2026",0,0,,,,
1451,Port Adelaide,Port Adelaide,13,30,Darcy,Byrne-Jones,SA,94,20,9,1995,176,74,67,65,68,72,70,64,63,68,68,67,66,71,71,71,70,69,79,67,70,53,94,71,72,71,81,63,36,3,37,62,50,63,20,19,17,17,51,24,38,15,36,47,24,33,23,23,28,2,7,2,4,14,8,2,2,7,10,15,13,3,14,7,370000,33,10,1,2025,5,9,2029,52,2013,National Draft,Small Forward,"forward profile: Small Forward:2.80, Key Forward:0.61, Pressure Forward:-1.15",63,64,22,447,287,160,113,41,18,4,0,2,124,277,30,-0.802,"2021,2022,2023,2024,2025,2026",0,0,,,,
1452,Port Adelaide,Port Adelaide,13,24,Mitch,Georgiades,SA,89,28,9,2001,198,98,86,84,62,65,64,67,70,67,61,86,63,61,61,68,80,63,77,64,64,87,61,70,77,99,67,62,50,39,1,62,63,62,44,57,21,27,22,34,28,20,52,25,27,21,26,31,26,13,5,11,3,11,13,11,2,11,12,10,7,14,5,11,894000,19,8,6,2026,3,5,2028,18,2019,National Draft,Key Forward,"forward profile: Key Forward:19.99, Small Forward:5.65, Pressure Forward:-7.55",72,75,21,260,188,72,136,25,8,51,0,27,86,170,22,0.349,"2021,2022,2023,2024,2025,2026",0,0,,,,
1453,Port Adelaide,Port Adelaide,13,24,Jackson,Mead,SA,87,30,9,2001,179,81,67,65,70,74,77,69,69,71,70,67,67,75,75,70,69,77,67,72,70,67,95,76,49,89,83,45,51,34,26,61,43,54,19,19,32,24,56,37,25,22,27,30,30,33,28,43,56,11,7,12,8,7,6,10,1,7,10,3,10,9,11,1,370000,44,23,8,2024,12,3,2028,25,2019,National Draft,Outside Mid,"midfield profile: Outside Mid:-0.72, Inside Mid:-1.09",67,71,10,125,83,42,33,25,17,1,0,1,38,77,4,0.286,"2022,2023,2024,2025,2026",0,0,,,,
1454,Port Adelaide,Port Adelaide,13,28,Sam,Powell-Pepper,VIC,97,8,1,1998,191,90,71,71,81,75,81,81,80,78,82,70,74,78,78,78,80,84,80,85,77,81,99,83,76,62,99,53,58,33,25,54,63,50,28,23,30,26,42,23,48,21,43,46,24,45,56,49,26,2,9,14,13,12,6,9,4,3,11,7,5,2,7,14,548000,2,1,12,2025,5,11,2027,18,2016,National Draft,Hybrid Mid Forward,Strong in both forward (fwd_c=2.84) and midfield (mid_c=0.56) signals,81,83,16,234,118,116,62,44,11,18,0,3,79,162,18,-0.543,"2021,2022,2023,2024,2025,2026",0,0,Injured,2026,"training block (soft-tissue/conditioning, treated as season-ending)","SEN Injury Hub 04/08/2026 (cross-checked AFL.com.au Medical Room, Sep 23 2026)"
1455,Port Adelaide,Port Adelaide,13,23,Josh,Sinn,SA,99,7,1,2003,194,91,74,68,65,72,68,66,66,65,65,74,72,71,71,68,64,66,68,79,69,71,96,68,77,66,96,53,36,28,44,52,39,64,35,46,56,61,28,47,38,32,25,30,31,37,29,35,35,8,2,10,4,8,2,4,9,8,6,3,6,8,11,8,278000,8,23,7,2024,19,12,2028,12,2021,National Draft,Medium Defender,"defensive profile: Intercept Defender:2.61, Half Back Flanker:2.18, Key Defender:1.97, Back Pocket:1.27 -> fallback Medium Defender (no standout)",66,70,20,229,172,57,63,25,6,0,0,2,53,136,43,1.664,"2022,2023,2024,2025,2026",0,0,Injured,2026,shoulder (season-ending),"SEN Injury Hub 04/08/2026 (cross-checked AFL.com.au Medical Room, Sep 23 2026)"
1456,Port Adelaide,Port Adelaide,13,28,Jordon,Sweet,VIC,94,2,2,1998,207,105,70,101,81,62,64,86,84,70,79,70,78,67,67,89,67,69,76,70,73,106,68,71,51,78,97,53,72,56,20,47,68,57,30,56,48,28,36,34,27,68,24,36,32,36,34,50,25,9,12,11,9,11,3,1,13,11,8,2,6,4,7,9,524000,24,3,1,2023,1,2,2026,45,2025,Father-Son,Ruck,Dominant hitouts (37.3/game),84,87,22,280,148,132,51,53,109,11,664,12,202,99,80,0.996,"2021,2022,2024,2025,2026",0,0,,,,
1457,Port Adelaide,Port Adelaide,13,24,Lachie,Jones,WA,75,9,4,2002,201,103,73,68,64,68,62,64,64,64,63,73,77,67,67,67,63,59,73,86,69,84,54,64,70,79,97,59,44,68,38,51,41,53,23,27,38,34,21,23,24,20,20,21,24,17,22,22,21,14,13,3,3,4,6,11,15,6,9,7,5,10,9,4,390000,34,17,3,2025,20,12,2030,16,2020,National Draft,Key Defender,"defensive profile: Key Defender:3.80, Intercept Defender:2.81, Back Pocket:2.45, Half Back Flanker:-0.72",59,62,20,252,158,94,71,45,3,2,0,3,77,136,73,-0.375,"2021,2022,2023,2024,2025,2026",0,0,,,,
1458,Port Adelaide,Port Adelaide,13,31,Willie,Rioli,WA,98,4,6,1995,179,80,66,70,68,69,70,68,68,71,66,66,67,68,68,68,74,69,70,73,71,54,103,69,70,74,57,48,47,37,9,59,47,52,33,20,30,27,61,41,53,20,49,59,22,38,27,29,26,13,3,7,9,14,7,3,15,5,11,5,7,8,8,8,350000,15,22,12,2023,19,10,2026,52,2016,National Draft,Small Forward,"forward profile: Small Forward:5.36, Key Forward:3.35, Pressure Forward:-1.78",61,62,19,186,128,58,49,34,14,27,0,3,72,111,13,-0.21,"2022,2023,2024,2025",0,0,Delisted,2026,delisted,draftguru.com.au 2024-2026 retirements/delistings (year/type sub-classification not preserved in this round's flat source list)
1459,Port Adelaide,Port Adelaide,13,19,Christian,Moraes,VIC,91,8,11,2006,185,81,66,70,66,67,68,67,67,70,65,66,66,66,66,66,71,67,69,70,69,76,86,66,63,72,70,55,35,59,36,58,41,57,39,28,20,18,18,34,27,25,46,31,17,29,18,18,20,13,4,8,4,3,13,13,6,7,6,2,3,3,7,7,313000,31,25,1,2025,27,4,2029,38,2024,National Draft,Medium Forward,"forward profile: Pressure Forward:-0.06, Small Forward:-0.67, Key Forward:-2.12 -> fallback Medium Forward (no standout)",57,60,12,169,77,92,34,21,8,3,0,0,43,129,3,,,0,0,,,,
1460,Port Adelaide,Port Adelaide,13,29,Ryan,Burton,NSW,88,31,1,1997,184,82,73,67,68,80,79,67,69,69,70,73,69,81,81,76,70,76,74,79,70,75,98,80,99,69,79,46,47,35,36,53,49,56,21,21,28,31,50,46,25,25,32,20,26,26,21,36,50,13,6,11,15,16,4,11,3,9,5,8,2,6,3,1,432000,3,10,2,2024,20,11,2029,19,2015,National Draft,Half Back Flanker,"defensive profile: Half Back Flanker:5.83, Intercept Defender:4.59, Key Defender:0.91, Back Pocket:-1.07",75,76,8,154,109,45,37,9,2,1,0,0,31,92,16,-0.46,"2021,2022,2023,2024,2025",0,0,Delisted,2026,delisted,draftguru.com.au 2024-2026 retirements/delistings (year/type sub-classification not preserved in this round's flat source list)
1461,Port Adelaide,Port Adelaide,13,27,Brandon,Zerk-Thatcher,NSW,82,25,8,1998,200,101,74,68,58,63,59,64,67,60,59,74,76,64,64,61,60,54,60,84,63,96,62,59,55,74,91,52,50,50,20,45,52,65,32,40,54,48,22,35,19,26,22,24,22,26,31,31,24,2,9,6,12,5,12,3,4,12,1,7,15,3,4,9,500000,25,21,2,2026,9,4,2028,66,2017,National Draft,Key Defender,"defensive profile: Key Defender:7.60, Intercept Defender:6.67, Back Pocket:4.20, Half Back Flanker:-0.49",56,58,4,29,16,13,17,3,0,0,0,1,8,20,19,0.043,"2021,2022,2023,2024,2025,2026",0,0,,,,
1462,Port Adelaide,Port Adelaide,13,28,Esava,Ratugolea,SA,92,24,7,1998,197,93,87,73,64,68,58,67,65,62,63,87,79,65,65,64,61,56,63,87,69,99,60,62,68,99,55,45,53,33,21,55,37,52,31,35,52,56,30,34,29,24,23,34,26,22,25,23,30,7,4,3,3,5,11,10,13,10,7,2,5,9,9,4,768000,27,13,12,2023,8,9,2029,43,2016,National Draft,Key Defender,"defensive profile: Key Defender:12.81, Intercept Defender:10.07, Back Pocket:5.30, Half Back Flanker:-1.13",68,70,8,86,58,28,43,10,2,0,0,13,37,42,38,0.716,"2021,2022,2023,2024,2025,2026",0,0,,,,
1463,Port Adelaide,Port Adelaide,13,20,Logan,Evans,SA,74,7,10,2005,185,86,75,67,64,73,68,66,67,64,64,75,72,72,72,69,63,66,70,81,68,74,89,68,58,70,99,63,41,42,59,58,55,51,21,33,45,39,20,31,26,24,19,30,27,25,27,26,21,5,3,15,7,12,4,15,1,9,2,6,10,4,5,13,313000,22,15,7,2026,14,8,2028,12,2023,Mid-Season Draft,Medium Defender,"defensive profile: Intercept Defender:2.33, Key Defender:2.02, Back Pocket:1.61, Half Back Flanker:0.75 -> fallback Medium Defender (no standout)",67,72,19,332,247,85,107,40,7,2,0,7,67,223,60,-0.379,"2024,2025,2026",0,0,,,,
1464,Port Adelaide,Port Adelaide,13,24,Mani,Liddy,SA,78,20,2,2002,187,87,69,66,72,76,80,70,70,72,76,69,68,77,77,73,71,80,71,74,70,82,101,79,75,74,89,58,41,18,14,53,59,53,33,22,23,25,77,56,37,27,25,22,25,49,38,42,66,10,6,8,10,12,1,6,7,11,9,14,4,6,10,3,370000,50,26,1,2026,9,2,2031,52,2025,National Draft,Outside Mid,"midfield profile: Outside Mid:1.80, Inside Mid:-2.92",71,73,9,127,80,47,37,20,9,1,0,0,31,94,2,,,0,0,Delisted,2026,delisted,draftguru.com.au 2024-2026 retirements/delistings (year/type sub-classification not preserved in this round's flat source list)
1465,Port Adelaide,Port Adelaide,13,20,Joe,Berry,SA,73,18,4,2006,191,91,66,69,66,67,68,66,67,69,65,66,65,67,67,67,72,68,72,72,69,72,83,67,71,69,61,58,40,50,26,58,44,68,30,16,29,23,22,37,23,18,31,31,17,20,28,24,23,13,11,7,9,1,7,10,4,4,7,14,7,11,11,11,262000,5,18,10,2023,23,2,2028,15,2024,National Draft,Medium Forward,"forward profile: Small Forward:0.54, Pressure Forward:0.48, Key Forward:-2.18 -> fallback Medium Forward (no standout)",57,60,23,298,173,125,75,39,17,14,0,1,106,200,11,,,0,0,,,,
1466,Port Adelaide,Port Adelaide,13,24,Ollie,Lord,TAS,88,2,1,2002,199,100,75,78,65,65,62,65,65,68,62,75,64,62,62,66,75,61,68,63,68,106,61,66,78,69,59,43,51,69,39,48,45,61,60,68,31,30,23,41,21,27,62,23,21,30,32,24,29,11,4,2,3,1,3,11,3,16,13,2,1,3,2,15,278000,30,22,10,2023,1,1,2029,49,2020,National Draft,Key Forward,"forward profile: Key Forward:4.35, Small Forward:1.20, Pressure Forward:-2.84",61,66,1,7,4,3,1,2,1,0,7,0,5,2,0,-0.821,"2023,2024,2025,2026",0,0,,,,
1467,Port Adelaide,Port Adelaide,13,23,Hugh,Jackson,NSW,86,3,5,2003,183,83,65,65,69,69,68,68,67,67,67,65,69,68,68,65,64,67,62,68,71,68,86,66,65,61,73,46,41,67,41,54,33,64,26,22,46,56,19,22,32,23,18,18,23,30,18,30,22,2,5,3,6,9,12,10,3,10,4,12,8,15,13,15,202000,39,9,5,2025,5,4,2028,55,2021,National Draft,Back Pocket,"defensive profile: Back Pocket:0.19, Key Defender:-1.43, Half Back Flanker:-4.47, Intercept Defender:-4.50",57,58,9,84,43,41,12,15,12,1,0,0,25,52,6,,,0,0,Delisted,2026,delisted,draftguru.com.au 2024-2026 retirements/delistings (year/type sub-classification not preserved in this round's flat source list)
1468,Port Adelaide,Port Adelaide,13,30,Jeremy,Finlayson,TAS,94,9,2,1996,198,96,79,84,71,65,64,74,74,73,71,79,71,66,66,69,73,65,69,68,70,93,57,69,71,59,74,47,49,73,47,59,49,60,22,44,27,26,23,17,24,45,36,21,23,24,23,24,27,2,2,8,14,10,8,8,8,11,8,7,11,1,10,3,350000,11,4,4,2023,3,11,2028,85,2014,National Draft,Hybrid Key Forward Ruck,"Ruck minutes (3.6 HO/g) plus forward output (CM/g=0.62, GL/g=0.62)",71,72,8,71,51,20,29,8,6,5,29,5,26,45,11,-0.728,"2021,2022,2023,2024,2025",0,0,Delisted,2026,delisted,draftguru.com.au 2024-2026 retirements/delistings (year/type sub-classification not preserved in this round's flat source list)
1469,Port Adelaide,Port Adelaide,13,21,Will,Lorenz,VIC,85,19,2,2005,179,79,65,65,69,69,68,68,67,67,68,65,69,68,68,65,64,67,62,68,71,74,93,67,71,84,92,62,37,69,38,65,65,62,30,21,31,50,26,25,38,28,28,17,28,27,28,27,24,10,8,1,6,14,4,4,5,14,11,7,11,4,15,12,313000,36,4,2,2026,20,7,2032,57,2023,National Draft,Back Pocket,"defensive profile: Back Pocket:0.77, Intercept Defender:-0.53, Half Back Flanker:-0.56, Key Defender:-0.64",57,59,3,56,32,24,13,5,6,0,0,0,20,31,3,,,0,0,,,,
1470,Port Adelaide,Port Adelaide,13,23,Dante,Visentini,NSW,94,13,2,2003,205,102,70,96,79,62,63,83,81,71,77,70,76,65,65,85,68,67,72,68,73,98,65,69,73,72,99,48,74,60,41,45,49,59,34,48,55,36,24,24,36,82,35,24,30,38,27,45,40,11,4,12,11,4,9,10,10,8,11,2,3,4,8,3,350000,38,14,10,2026,10,9,2032,56,2021,National Draft,Ruck,Dominant hitouts (21.5/game),79,83,15,103,54,49,36,26,15,6,175,2,56,51,61,1.374,"2023,2024,2025,2026",0,0,,,,
1471,Port Adelaide,Port Adelaide,13,25,Jack,Lukosius,SA,78,9,8,2000,191,90,78,75,62,68,66,65,66,68,59,78,67,66,66,64,76,67,64,73,67,101,66,74,66,74,86,45,50,44,45,57,43,55,48,57,20,29,25,44,28,24,50,21,21,29,19,30,25,12,4,12,14,14,11,9,16,7,1,2,1,10,8,10,350000,12,5,10,2025,12,12,2029,2,2018,National Draft,Key Forward,"forward profile: Key Forward:5.22, Small Forward:3.43, Pressure Forward:-2.74",65,71,8,92,74,18,45,18,1,6,0,5,31,64,19,-0.899,"2021,2022,2023,2024,2025,2026",0,0,,,,
1472,Port Adelaide,Port Adelaide,13,25,Jed,McEntee,VIC,79,15,2,2001,176,76,65,69,68,68,69,67,68,71,65,65,66,68,68,66,73,68,68,72,70,53,99,68,79,83,94,57,48,67,23,48,36,59,20,22,22,17,44,38,38,18,30,46,17,34,29,27,22,5,11,5,16,11,3,5,2,3,11,10,6,1,14,6,262000,41,22,5,2026,1,1,2031,13,2020,Mid-Season Draft,Small Forward,"forward profile: Small Forward:3.73, Pressure Forward:1.89, Key Forward:-0.91",60,64,6,52,33,19,8,18,0,5,0,0,24,28,1,-0.66,"2022,2023,2024,2025",0,0,Delisted,2026,delisted,draftguru.com.au 2024-2026 retirements/delistings (year/type sub-classification not preserved in this round's flat source list)
1473,Port Adelaide,Port Adelaide,13,32,Rory,Atkins,VIC,99,12,7,1994,178,75,73,67,67,80,79,67,68,69,69,73,69,81,81,75,69,75,71,79,70,78,101,79,71,67,87,48,40,47,42,51,33,48,24,27,34,26,45,39,27,32,22,23,34,27,26,41,64,9,8,5,13,2,7,13,8,13,2,6,11,13,6,14,278000,32,3,9,2023,23,5,2029,81,2012,National Draft,Half Back Flanker,"defensive profile: Half Back Flanker:3.53, Intercept Defender:2.08, Key Defender:0.44, Back Pocket:-0.30",73,74,3,38,23,15,9,2,1,0,0,0,10,24,3,0.251,"2021,2022,2023,2024,2025",0,0,Delisted,2026,delisted,draftguru.com.au 2024-2026 retirements/delistings (year/type sub-classification not preserved in this round's flat source list)
1474,Port Adelaide,Port Adelaide,13,20,Jack,Whitlock,SA,82,16,5,2006,186,83,68,71,66,66,66,66,67,70,64,68,66,66,66,67,72,65,71,69,69,74,95,65,55,72,88,50,50,3,26,51,41,49,45,20,33,32,28,36,38,21,51,41,26,22,29,22,26,2,13,13,2,1,9,8,7,4,9,2,12,4,8,5,231000,17,1,6,2026,9,4,2029,33,2024,National Draft,Medium Forward,"forward profile: Small Forward:4.06, Key Forward:3.68, Pressure Forward:2.32 -> fallback Medium Forward (no standout)",57,62,23,199,123,76,88,20,6,24,30,19,86,119,32,,,0,0,,,,
1475,Port Adelaide,Port Adelaide,13,20,Tom,Cochrane,VIC,97,27,1,2006,171,70,64,68,67,67,68,66,67,70,64,64,66,67,67,66,74,67,68,71,69,50,86,68,71,59,53,50,31,84,89,58,70,52,19,21,28,18,41,34,38,21,35,41,27,31,22,29,27,12,11,14,10,3,11,2,2,15,4,6,3,8,7,4,140000,37,26,2,2023,15,2,2028,13,2024,Rookie Draft,Small Forward,"forward profile: Small Forward:2.04, Key Forward:1.37, Pressure Forward:-1.81",58,59,3,22,17,5,6,7,1,2,0,0,10,12,2,,,0,0,,,,
1476,Port Adelaide,Port Adelaide,13,23,Ewan,Mackinlay,SA,81,18,7,2003,191,92,68,68,82,73,80,80,79,80,82,68,72,76,76,75,79,84,78,87,75,74,92,83,93,72,70,56,57,49,14,50,44,50,28,29,23,23,49,30,48,20,48,54,20,47,44,51,25,10,4,9,8,10,13,10,4,7,9,11,3,3,3,3,477000,49,10,6,2025,23,4,2030,37,2024,National Draft,Hybrid Mid Forward,Strong in both midfield (mid_c=1.45) and forward (fwd_c=0.56) signals,79,81,14,162,104,58,39,36,11,6,0,2,58,108,7,,,0,0,,,,
1477,Port Adelaide,Port Adelaide,13,25,Dylan,Williams,TAS,81,1,7,2001,187,86,65,66,68,70,68,68,67,66,68,65,69,68,68,65,65,67,62,68,71,72,92,67,94,63,96,44,38,72,40,47,28,59,30,32,46,60,22,31,37,30,28,36,32,29,31,28,29,11,11,10,4,5,3,8,9,6,1,3,12,9,9,2,140000,23,4,6,2024,9,9,2026,23,2019,National Draft,Back Pocket,"defensive profile: Back Pocket:1.42, Key Defender:-0.55, Half Back Flanker:-4.91, Intercept Defender:-5.13",56,58,2,9,8,1,2,2,0,0,0,0,3,4,2,0.999,"2021,2023,2024,2025",0,0,Delisted,2026,delisted,draftguru.com.au 2024-2026 retirements/delistings (year/type sub-classification not preserved in this round's flat source list)
1478,Port Adelaide,Port Adelaide,13,19,Harrison,Ramm,VIC,90,5,12,2006,180,76,65,65,69,69,68,68,67,67,67,65,69,68,68,65,64,67,62,68,71,76,94,66,75,99,61,50,33,63,24,61,42,49,23,25,38,56,20,24,37,31,21,28,30,29,21,29,26,5,5,4,13,15,7,4,7,14,10,4,14,15,10,6,188000,48,9,1,2026,11,6,2030,3,2024,Mid-Season Draft,Back Pocket,"defensive profile: Back Pocket:3.93, Key Defender:2.39, Intercept Defender:0.99, Half Back Flanker:-2.04",57,59,6,32,17,15,12,9,1,0,3,5,22,9,35,,,0,0,,,,
1479,Port Adelaide,Port Adelaide,13,30,Ivan,Soldo,SA,80,14,4,1996,183,82,66,66,69,70,69,68,68,67,68,66,70,69,69,65,65,68,63,69,72,72,91,68,56,97,71,39,47,65,67,51,45,50,24,17,37,53,22,16,34,23,26,24,24,20,20,24,26,17,5,9,5,16,15,15,5,17,2,5,12,17,8,2,150000,13,10,5,2025,16,4,2029,57,2023,National Draft,Back Pocket,"defensive profile: Back Pocket:2.10, Key Defender:0.57, Intercept Defender:-4.16, Half Back Flanker:-6.97",58,59,1,5,3,2,1,1,1,0,9,0,3,3,2,-1.069,"2022,2023,2024,2025,2026",0,0,Delisted,2026,delisted,draftguru.com.au 2024-2026 retirements/delistings (year/type sub-classification not preserved in this round's flat source list)
1480,Richmond,Richmond,14,29,Jacob,Hopper,VIC,91,6,2,1997,180,83,61,64,88,69,78,86,87,73,94,61,70,73,73,73,68,86,67,73,72,75,92,80,30,65,74,52,64,1,51,62,97,66,24,25,23,24,24,29,47,29,27,29,49,39,48,42,37,6,9,9,11,13,7,14,9,14,6,5,13,5,9,2,1181000,2,7,3,2024,5,3,2029,7,2015,National Draft,Inside Mid,"midfield profile: Inside Mid:16.42, Outside Mid:4.23",80,81,12,257,116,141,28,31,58,0,0,0,129,132,9,-0.209,"2021,2022,2023,2024,2025,2026",0,0,,,,
1481,Richmond,Richmond,14,28,Tim,Taranto,NSW,95,28,1,1998,190,89,65,67,96,75,78,87,82,83,97,65,77,74,74,79,77,89,80,88,83,76,90,84,84,85,71,63,55,60,10,56,62,57,30,22,29,28,45,21,40,21,39,44,30,46,48,49,30,7,12,12,5,12,8,12,2,9,3,7,14,11,1,13,1220000,14,11,5,2026,4,7,2032,2,2016,National Draft,Hybrid Mid Forward,Strong in both midfield (mid_c=7.04) and forward (fwd_c=0.88) signals,90,92,21,520,237,283,62,109,134,15,0,4,264,243,15,-0.072,"2021,2022,2023,2024,2025,2026",0,0,,,,
1482,Richmond,Richmond,14,23,Sam,Banks,NT,92,1,7,2003,185,86,68,64,64,78,76,64,66,65,67,68,65,78,78,73,65,72,73,76,67,81,94,76,78,69,99,58,40,39,7,49,40,57,37,26,34,30,64,47,32,26,33,28,32,30,26,45,71,7,1,2,11,10,4,9,10,3,11,8,11,1,2,2,574000,41,27,2,2025,2,10,2029,29,2021,National Draft,Half Back Flanker,"defensive profile: Half Back Flanker:9.16, Intercept Defender:4.81, Key Defender:-0.69, Back Pocket:-2.06",68,73,18,295,179,116,58,27,9,1,0,0,61,203,11,1.558,"2023,2024,2025,2026",0,0,,,,
1483,Richmond,Richmond,14,25,Jack,Ross,WA,74,3,9,2000,182,80,66,65,87,71,78,81,79,76,89,66,74,74,74,76,69,84,75,73,78,74,88,78,68,52,91,44,58,82,38,49,66,56,31,23,32,28,28,32,55,22,28,24,64,59,50,53,33,4,6,3,12,4,7,9,9,7,10,8,11,8,14,7,830000,5,5,9,2025,20,3,2027,43,2018,National Draft,Inside Mid,"midfield profile: Inside Mid:6.94, Outside Mid:3.49",79,82,19,441,165,276,66,81,75,6,1,4,199,248,19,0.204,"2021,2022,2023,2024,2025,2026",0,0,,,,
1484,Richmond,Richmond,14,32,Nick,Vlastuin,VIC,91,19,4,1994,187,87,82,68,68,74,64,70,72,65,69,82,71,75,75,75,62,64,81,86,68,76,99,70,66,81,70,64,53,54,21,54,52,63,24,42,48,27,19,44,19,26,31,24,26,19,22,24,41,13,11,8,13,2,13,14,10,6,2,3,4,9,6,13,653000,1,4,1,2026,13,8,2028,9,2012,National Draft,Intercept Defender,"defensive profile: Intercept Defender:8.95, Half Back Flanker:8.16, Key Defender:5.62, Back Pocket:0.46",71,71,22,348,231,117,95,50,11,1,0,11,117,178,34,-0.216,"2021,2022,2023,2024,2025,2026",0,0,,,,
1485,Richmond,Richmond,14,31,Toby,Nankervis,NT,99,12,8,1994,206,105,67,101,87,62,63,91,89,71,86,67,81,65,65,89,65,70,67,68,76,93,56,69,53,86,93,50,74,36,2,54,70,58,25,43,42,29,32,32,20,63,31,25,29,29,24,43,25,2,3,13,13,11,12,4,11,5,8,8,13,10,12,14,681000,25,18,3,2023,1,12,2027,35,2013,National Draft,Ruck,Dominant hitouts (33.0/game),85,86,12,205,71,134,18,40,74,3,314,4,127,76,46,0.09,"2021,2022,2023,2024,2025,2026",0,0,,,,
1486,Richmond,Richmond,14,32,Kamdyn,McIntosh,WA,86,3,4,1994,190,91,74,71,68,74,71,69,69,68,68,74,74,74,74,72,67,69,72,79,72,70,88,71,75,83,83,47,47,79,46,62,56,67,22,31,30,32,26,31,26,17,22,26,22,16,17,22,22,3,7,15,5,14,16,5,5,15,13,17,16,6,6,2,477000,33,19,3,2026,25,11,2031,31,2012,National Draft,Medium Defender,"defensive profile: Half Back Flanker:0.71, Intercept Defender:0.49, Key Defender:0.20, Back Pocket:0.02 -> fallback Medium Defender (no standout)",70,71,23,333,185,148,83,58,31,8,6,7,109,236,35,-1.144,"2021,2022,2023,2024,2025",0,0,Delisted,2026,delisted,draftguru.com.au 2024-2026 retirements/delistings (year/type sub-classification not preserved in this round's flat source list)
1487,Richmond,Richmond,14,23,Tom,Brown,NSW,75,1,7,2003,186,81,74,68,64,73,67,65,65,64,64,74,69,72,72,69,65,66,70,79,67,68,94,69,54,74,82,46,40,67,32,47,47,54,16,31,39,34,22,32,17,24,21,25,27,20,25,25,20,15,5,3,5,3,5,14,6,9,14,11,2,2,14,8,432000,30,4,1,2024,26,8,2030,17,2021,National Draft,Medium Defender,"defensive profile: Half Back Flanker:5.19, Intercept Defender:4.98, Key Defender:2.17, Back Pocket:0.70 -> fallback Medium Defender (no standout)",64,69,18,273,200,73,76,19,11,1,0,10,79,153,34,-0.694,"2023,2024,2025,2026",0,0,,,,
1488,Richmond,Richmond,14,30,Jayden,Short,VIC,84,24,1,1996,184,82,75,64,62,83,79,62,64,64,64,75,63,81,81,77,63,77,78,80,64,74,89,85,74,84,99,61,42,8,15,64,50,70,15,15,24,23,35,29,22,15,14,24,16,24,14,28,38,3,8,10,7,3,4,1,2,12,2,6,6,7,9,9,681000,15,6,2,2025,18,4,2027,11,2014,Rookie Draft,Half Back Flanker,"defensive profile: Half Back Flanker:11.32, Intercept Defender:6.78, Key Defender:-0.08, Back Pocket:-1.82",76,77,21,472,363,109,143,29,7,3,0,1,74,326,20,-0.902,"2021,2022,2023,2024,2025,2026",0,0,,,,
1489,Richmond,Richmond,14,33,Nathan,Broad,VIC,72,15,4,1993,194,89,80,66,60,73,66,60,61,60,62,80,75,70,70,72,61,61,79,88,65,72,91,65,78,79,82,54,38,31,7,63,40,59,25,40,51,16,21,37,16,27,24,24,26,24,24,20,27,8,14,7,11,5,1,10,2,12,2,3,9,15,11,5,411000,35,2,12,2025,16,7,2027,67,2015,National Draft,Intercept Defender,"defensive profile: Intercept Defender:7.36, Key Defender:5.62, Half Back Flanker:3.71, Back Pocket:2.83",66,66,21,296,175,121,114,16,7,0,0,10,73,206,107,-0.798,"2021,2022,2023,2024,2025,2026",0,0,,,,
1490,Richmond,Richmond,14,20,Luke,Trainor,NSW,78,1,7,2006,191,90,74,67,64,70,68,67,69,64,64,74,72,71,71,67,63,65,67,80,67,80,92,67,69,66,74,58,46,79,16,43,74,56,31,43,44,45,31,48,24,19,30,23,21,30,30,33,26,14,6,13,14,15,4,14,14,15,10,9,12,9,12,9,390000,31,14,6,2024,6,9,2027,21,2024,National Draft,Medium Defender,"defensive profile: Intercept Defender:2.15, Half Back Flanker:1.96, Key Defender:1.57, Back Pocket:0.38 -> fallback Medium Defender (no standout)",66,71,11,149,105,44,56,20,3,0,0,5,30,111,34,,,0,0,,,,
1491,Richmond,Richmond,14,26,Ben,Miller,WA,80,31,8,1999,191,89,81,68,62,73,66,65,67,62,63,81,80,73,73,72,61,62,78,95,65,69,85,66,53,70,72,52,44,78,1,57,45,68,25,47,43,26,17,36,26,17,18,17,22,20,22,21,33,11,7,1,1,9,13,1,12,6,9,5,14,7,10,11,432000,12,16,9,2023,24,12,2028,63,2017,National Draft,Intercept Defender,"defensive profile: Intercept Defender:10.00, Key Defender:9.20, Back Pocket:4.68, Half Back Flanker:2.27",70,70,21,288,209,79,123,32,3,0,3,14,72,183,142,0.572,"2021,2022,2023,2024,2025,2026",0,0,,,,
1492,Richmond,Richmond,14,21,Seth,Campbell,VIC,99,1,7,2005,190,89,67,68,78,71,80,77,77,77,78,67,70,77,77,75,77,81,80,84,72,71,91,80,63,73,69,54,42,60,26,53,61,67,31,23,29,35,43,22,50,24,49,57,28,43,49,41,23,8,3,3,10,3,8,1,3,12,5,9,11,9,3,12,454000,44,27,11,2025,26,10,2029,12,2022,Rookie Draft,Hybrid Mid Forward,Strong in both forward (fwd_c=2.24) and midfield (mid_c=0.51) signals,74,79,23,359,218,141,62,49,39,18,0,5,128,217,20,1.376,"2024,2025,2026",0,0,,,,
1493,Richmond,Richmond,14,33,Dion,Prestia,VIC,79,12,10,1992,178,79,64,64,81,73,77,78,77,73,85,64,72,72,72,74,68,83,73,73,74,70,93,78,75,78,85,55,49,47,39,55,60,49,26,16,27,26,20,23,41,23,26,27,45,39,48,44,28,16,12,7,3,14,7,6,1,4,8,3,11,9,17,3,768000,3,15,11,2023,6,11,2025,9,2010,National Draft,Inside Mid,"midfield profile: Inside Mid:10.01, Outside Mid:3.14",75,76,17,334,165,169,60,52,43,1,0,1,106,227,14,-0.935,"2021,2022,2023,2024,2025,2026",0,0,,,,
1494,Richmond,Richmond,14,23,Tyler,Sonsie,VIC,93,1,7,2003,181,83,68,66,71,75,77,69,68,70,75,68,66,74,74,72,69,78,70,73,70,69,89,77,70,61,87,52,40,12,30,48,44,58,18,24,14,25,37,34,24,18,20,15,23,21,26,27,42,8,7,6,15,15,17,3,4,8,6,1,16,15,6,10,370000,40,22,2,2024,24,7,2027,28,2021,National Draft,Outside Mid,"midfield profile: Outside Mid:1.51, Inside Mid:-2.14",68,72,15,245,144,101,56,23,16,5,0,2,90,153,5,-0.969,"2022,2023,2024,2025,2026",0,0,,,,
1495,Richmond,Richmond,14,26,Rhyan,Mansell,QLD,90,4,6,2000,169,72,68,71,68,66,67,68,69,71,62,68,67,66,66,63,74,67,62,73,70,47,100,69,93,85,76,58,55,64,25,50,52,60,30,19,20,19,61,39,43,32,41,58,18,38,18,21,26,2,8,12,9,9,4,10,9,8,7,14,13,10,9,4,411000,7,15,6,2023,10,1,2029,33,2023,National Draft,Small Forward,"forward profile: Small Forward:3.34, Pressure Forward:2.45, Key Forward:1.38",58,62,6,66,48,18,25,20,2,8,0,3,22,42,5,0.159,"2021,2022,2023,2024,2025,2026",0,0,,,,
1496,Richmond,Richmond,14,24,James,Trezise,NSW,95,15,6,2002,188,85,73,67,65,71,68,66,66,66,66,73,71,70,70,68,63,66,68,77,69,79,101,67,60,67,78,53,39,52,33,58,47,59,21,32,36,41,24,32,21,17,25,23,19,25,22,19,25,1,15,15,4,11,4,5,12,4,17,11,16,4,17,7,313000,36,6,1,2026,6,1,2028,44,2025,National Draft,Medium Defender,"defensive profile: Back Pocket:-0.33, Half Back Flanker:-0.56, Key Defender:-0.77, Intercept Defender:-1.47 -> fallback Medium Defender (no standout)",64,68,14,225,110,115,65,37,11,1,0,5,66,160,24,-2.778,"2023,2024,2025,2026",0,0,,,,
1497,Richmond,Richmond,14,25,Thomson,Dow,WA,93,1,7,2001,183,84,64,66,86,73,76,83,81,76,86,64,76,73,73,75,72,82,73,73,78,70,96,78,47,68,88,65,44,74,19,50,57,52,32,27,28,23,28,40,55,33,21,29,56,49,57,60,39,13,10,8,3,11,4,7,7,7,11,6,2,4,8,7,574000,27,14,1,2024,19,4,2029,21,2019,National Draft,Inside Mid,"midfield profile: Inside Mid:5.79, Outside Mid:-0.59",78,81,11,204,73,131,38,32,30,1,0,1,78,129,8,0.531,"2021,2022,2023,2024,2025",0,0,Delisted,2026,delisted,draftguru.com.au 2024-2026 retirements/delistings (year/type sub-classification not preserved in this round's flat source list)
1498,Richmond,Richmond,14,24,Hugo,Ralphsmith,TAS,75,9,11,2001,188,86,69,66,64,71,69,65,65,65,66,69,69,71,71,67,65,69,67,75,67,66,93,69,40,81,75,56,47,68,34,55,48,63,31,27,35,42,19,36,22,25,24,25,20,23,29,32,18,9,2,3,2,5,7,13,7,7,4,2,10,2,7,6,500000,13,28,4,2026,1,6,2029,46,2019,National Draft,Medium Defender,"defensive profile: Half Back Flanker:0.50, Back Pocket:0.43, Key Defender:-0.05, Intercept Defender:-0.45 -> fallback Medium Defender (no standout)",61,65,13,190,101,89,40,18,12,6,0,0,66,118,25,0.34,"2021,2022,2023,2024,2025,2026",0,0,,,,
1499,Richmond,Richmond,14,33,Tom,Lynch,SA,96,31,10,1992,192,91,87,84,64,62,60,69,70,67,62,87,62,60,60,65,78,60,70,62,65,103,69,66,83,76,59,52,56,66,9,51,48,45,56,52,28,21,23,40,19,29,49,24,24,20,19,26,25,11,16,5,12,10,12,6,6,4,12,4,7,6,6,17,738000,19,11,4,2023,28,2,2028,13,2008,National Draft,Key Forward,"forward profile: Key Forward:16.34, Small Forward:1.11, Pressure Forward:-6.25",69,70,15,138,93,45,52,23,5,20,5,26,75,64,21,-1.675,"2021,2022,2023,2024,2025,2026",0,0,,,,
1500,Richmond,Richmond,14,26,Noah,Balta,TAS,92,23,10,1999,188,88,83,76,65,67,67,68,69,63,65,83,70,72,72,70,66,66,70,77,65,69,89,69,66,48,63,44,54,64,18,52,64,52,18,31,35,36,20,34,15,26,26,23,26,25,22,27,19,1,13,2,7,16,4,12,2,10,10,8,14,10,7,9,477000,21,4,10,2025,2,7,2029,25,2017,National Draft,Medium Defender,"defensive profile: Key Defender:4.27, Intercept Defender:3.90, Back Pocket:1.46, Half Back Flanker:1.26 -> fallback Medium Defender (no standout)",65,68,17,214,145,69,83,17,30,11,121,28,109,108,41,-0.383,"2021,2022,2023,2024,2025,2026",0,0,,,,
1501,Richmond,Richmond,14,22,Steely,Green,TAS,75,1,7,2004,179,83,63,67,66,66,68,66,67,71,64,63,65,66,66,67,74,67,71,70,69,53,87,67,99,63,82,53,41,60,1,54,47,52,24,17,17,22,45,34,36,18,28,46,28,28,24,17,17,14,11,4,15,4,11,4,5,6,8,4,1,16,9,12,231000,48,9,2,2023,4,8,2027,55,2022,National Draft,Small Forward,"forward profile: Small Forward:1.77, Pressure Forward:-0.35, Key Forward:-1.04",58,61,20,218,130,88,57,44,13,16,0,0,73,137,10,-0.425,"2024,2025,2026",0,0,,,,
1502,Richmond,Richmond,14,20,Sam,Lalor,VIC,96,1,7,2006,201,97,78,78,65,66,64,67,67,70,62,78,65,64,64,66,78,64,72,68,67,101,62,70,84,85,74,64,39,53,33,54,56,57,65,67,27,24,30,48,29,31,64,24,23,32,24,31,23,15,13,13,7,9,2,7,2,3,6,3,14,11,14,1,432000,22,16,12,2023,7,2,2029,1,2024,National Draft,Key Forward,"forward profile: Key Forward:2.82, Small Forward:1.48, Pressure Forward:-1.66",68,83,12,167,103,64,40,38,26,13,1,6,73,97,8,,,0,0,,,,
1503,Richmond,Richmond,14,20,Jonty,Faull,NSW,84,1,7,2006,200,101,78,78,64,65,63,65,65,68,61,78,65,63,63,66,77,62,71,65,67,89,63,68,51,92,73,53,43,71,23,63,37,60,50,43,22,21,19,43,25,22,42,17,19,22,26,30,26,5,4,4,6,8,13,11,2,3,5,2,4,8,7,3,390000,26,6,3,2025,23,2,2027,14,2024,National Draft,Key Forward,"forward profile: Key Forward:6.81, Small Forward:-1.27, Pressure Forward:-3.26",64,68,10,69,45,24,27,14,0,7,4,5,29,41,21,,,0,0,,,,
1504,Richmond,Richmond,14,23,Maurice,Rioli,SA,82,1,9,2002,172,72,61,66,67,65,63,69,69,70,64,61,68,64,64,63,68,61,61,64,70,54,102,61,84,87,98,57,52,37,30,52,40,61,31,26,31,31,47,24,68,22,32,45,53,42,23,60,31,4,6,2,3,7,5,4,9,9,11,7,6,2,9,2,390000,17,5,3,2023,2,8,2029,51,2020,National Draft,Pressure Forward,"forward profile: Pressure Forward:2.37, Small Forward:0.89, Key Forward:-1.47",53,59,10,69,35,34,15,32,8,1,0,3,38,39,7,0.657,"2021,2022,2023,2024,2025,2026",0,0,,,,
1505,Richmond,Richmond,14,27,Tylar,Young,NSW,78,5,9,1998,191,86,79,66,62,74,66,65,66,62,64,79,75,71,71,72,61,64,78,89,66,68,87,68,65,68,57,43,48,51,14,67,42,56,29,42,53,21,21,29,24,29,17,18,18,32,21,21,42,10,4,6,7,13,4,10,12,5,3,12,3,7,10,6,477000,45,12,6,2024,19,10,2030,26,2022,Rookie Draft,Intercept Defender,"defensive profile: Intercept Defender:12.61, Key Defender:9.82, Half Back Flanker:7.63, Back Pocket:2.74",68,68,23,311,237,74,128,19,2,0,0,9,89,212,115,1.045,"2023,2024,2025,2026",0,0,,,,
1506,Richmond,Richmond,14,21,Kane,McAuliffe,NSW,79,1,7,2005,182,81,63,65,86,72,76,83,82,77,85,63,76,73,73,74,71,82,72,73,77,76,96,78,65,60,78,41,56,51,45,59,81,67,26,27,21,29,27,30,51,25,35,29,62,61,57,58,42,10,2,1,8,9,3,2,5,2,2,8,11,7,2,10,830000,28,6,9,2026,6,4,2029,40,2023,National Draft,Inside Mid,"midfield profile: Inside Mid:6.29, Outside Mid:1.99",77,81,10,190,106,84,28,33,27,3,0,1,72,122,9,2.187,"2024,2025,2026",0,0,,,,
1507,Richmond,Richmond,14,20,Taj,Hotton,VIC,75,1,7,2006,200,100,78,78,65,65,63,66,66,69,62,78,65,63,63,66,77,63,72,66,68,96,64,69,66,74,79,60,41,20,41,57,46,54,52,44,20,17,18,32,29,29,43,18,19,20,22,18,31,4,7,8,1,11,10,12,6,9,8,13,9,12,14,14,390000,24,3,7,2024,3,2,2027,12,2024,National Draft,Key Forward,"forward profile: Key Forward:1.03, Small Forward:-0.80, Pressure Forward:-0.84",64,68,10,130,41,89,16,37,24,1,0,3,72,67,9,,,0,0,,,,
1508,Richmond,Richmond,14,22,Kaleb,Smith,VIC,72,1,7,2004,194,90,79,71,63,67,61,66,66,62,63,79,78,65,65,66,62,58,68,85,67,100,64,63,46,50,81,50,40,46,53,51,47,54,31,47,60,55,31,44,26,32,35,27,35,27,31,33,26,6,3,9,6,5,13,4,4,9,13,11,3,10,13,2,278000,49,27,11,2025,13,8,2028,49,2022,National Draft,Key Defender,"defensive profile: Key Defender:1.14, Half Back Flanker:0.26, Intercept Defender:0.26, Back Pocket:0.21",63,66,8,89,58,31,29,7,5,0,0,2,29,56,10,0.773,"2024,2025,2026",0,0,Delisted,2026,delisted,draftguru.com.au 2024-2026 retirements/delistings (year/type sub-classification not preserved in this round's flat source list)
1509,Richmond,Richmond,14,25,Jacob,Blight,VIC,74,1,7,2001,193,89,79,71,63,66,61,66,66,62,63,79,78,65,65,66,62,58,68,86,67,94,57,63,70,78,66,59,34,24,15,50,49,49,26,39,54,58,26,27,33,30,21,31,25,20,30,33,20,6,1,11,13,6,11,7,2,9,10,13,2,13,3,4,548000,46,27,1,2026,27,9,2030,2,2023,Mid-Season Draft,Key Defender,"defensive profile: Key Defender:5.90, Intercept Defender:5.15, Back Pocket:1.82, Half Back Flanker:-0.77",63,64,7,82,53,29,42,7,6,3,19,9,30,53,28,,,0,0,Delisted,2026,delisted,draftguru.com.au 2024-2026 retirements/delistings (year/type sub-classification not preserved in this round's flat source list)
1510,Richmond,Richmond,14,20,Tom,Sims,VIC,77,1,7,2006,194,91,79,79,64,66,63,66,66,69,62,79,65,63,63,67,78,63,73,66,67,81,53,69,74,76,73,64,42,30,46,60,38,55,39,35,21,15,21,30,27,24,38,17,20,23,18,21,14,17,13,11,5,15,16,10,12,15,15,4,10,12,14,5,296000,38,17,10,2025,7,5,2028,28,2024,National Draft,Key Forward,"forward profile: Key Forward:1.86, Pressure Forward:-0.99, Small Forward:-1.49",65,66,11,75,42,33,24,22,3,4,37,7,45,39,21,,,0,0,Injured,2026,toe (season-ending),"SEN Injury Hub 04/08/2026 (cross-checked AFL.com.au Medical Room, Sep 23 2026)"
1511,Richmond,Richmond,14,20,Harry,Armstrong,NSW,81,1,7,2006,201,100,78,79,64,66,63,65,66,69,61,78,65,63,63,66,78,63,72,66,67,91,63,68,96,69,63,53,32,47,18,44,26,48,58,49,20,22,27,33,31,23,54,29,32,26,29,20,24,8,1,10,13,13,13,6,9,7,13,14,10,6,14,11,350000,34,14,9,2025,8,6,2029,23,2024,National Draft,Key Forward,"forward profile: Key Forward:8.41, Small Forward:-1.55, Pressure Forward:-5.82",64,67,4,13,8,5,7,1,0,1,0,2,5,10,3,,,0,0,,,,
1512,Richmond,Richmond,14,23,Campbell,Gray,VIC,91,1,7,2003,196,91,79,67,63,74,67,66,67,63,65,79,76,72,72,71,62,64,75,88,67,65,91,68,69,53,56,50,28,38,37,64,45,55,27,29,37,17,26,35,24,15,18,23,16,17,25,17,32,3,17,17,11,3,12,13,2,14,16,11,5,11,10,16,278000,50,24,7,2026,20,10,2032,16,2023,Mid-Season Draft,Intercept Defender,"defensive profile: Intercept Defender:12.79, Key Defender:12.14, Back Pocket:7.09, Half Back Flanker:0.63",68,68,10,70,47,23,29,20,2,1,12,3,26,46,54,,,0,0,,,,
1513,Richmond,Richmond,14,25,Jacob,Bauer,VIC,84,1,7,2001,193,88,79,79,64,66,63,66,66,69,62,79,65,63,63,66,78,63,73,66,67,83,61,69,52,81,76,56,36,27,42,62,35,69,52,51,21,27,26,35,33,26,40,17,29,35,20,25,20,7,5,2,5,7,11,11,8,11,8,9,7,9,10,11,175000,43,12,12,2026,7,6,2031,10,2021,Mid-Season Draft,Key Forward,"forward profile: Key Forward:4.81, Small Forward:1.15, Pressure Forward:-2.65",65,66,5,26,16,10,11,4,1,3,1,1,7,18,4,3.186,"2023,2024,2025",0,0,Delisted,2026,delisted,draftguru.com.au 2024-2026 retirements/delistings (year/type sub-classification not preserved in this round's flat source list)
1514,Richmond,Richmond,14,19,Jasper,Alger,VIC,76,1,7,2007,177,80,64,68,67,67,68,66,67,70,64,64,65,67,67,66,74,67,68,71,69,48,101,67,99,99,81,56,33,63,66,47,41,61,24,29,30,26,58,36,50,20,37,59,32,40,25,30,33,10,12,10,13,13,6,6,13,10,8,13,3,10,7,14,140000,29,3,8,2025,27,2,2031,58,2024,National Draft,Small Forward,"forward profile: Small Forward:1.19, Key Forward:-0.09, Pressure Forward:-2.54",58,62,8,65,33,32,21,12,3,13,0,4,30,37,10,,,0,0,,,,
1515,Richmond,Richmond,14,26,Jacob,Koschitzke,VIC,83,1,7,2000,200,98,79,80,65,67,64,67,67,71,63,79,66,64,64,67,77,64,73,67,68,97,64,69,50,88,66,62,36,33,41,51,36,55,60,51,31,31,22,37,30,28,57,21,30,24,25,26,29,8,8,5,8,2,11,4,10,13,2,15,8,5,7,14,411000,20,8,2,2023,13,4,2027,52,2018,National Draft,Key Forward,"forward profile: Key Forward:9.93, Pressure Forward:-5.62, Small Forward:-6.47",66,69,2,15,6,9,6,1,0,0,2,3,8,7,6,-0.239,"2021,2022,2023,2024,2025",0,0,Delisted,2026,delisted,draftguru.com.au 2024-2026 retirements/delistings (year/type sub-classification not preserved in this round's flat source list)
1516,Richmond,Richmond,14,26,Samson,Ryan,WA,74,1,7,2000,203,101,70,97,79,62,63,83,81,71,76,70,75,66,66,84,68,67,70,68,73,102,58,69,71,92,77,63,67,83,33,44,52,48,24,50,45,28,29,39,24,68,39,25,29,35,32,46,28,7,7,10,11,10,6,2,8,10,12,1,8,7,2,4,231000,32,14,12,2026,27,11,2032,40,2020,National Draft,Ruck,Dominant hitouts (17.0/game),79,82,6,43,22,21,10,10,9,2,85,4,21,22,9,1.281,"2021,2023,2024,2025,2026",0,0,,,,
1517,Richmond,Richmond,14,23,Josh,Gibcus,VIC,97,1,7,2003,198,98,78,71,64,67,60,66,65,63,63,78,79,65,65,65,61,57,66,85,68,100,62,62,58,91,88,39,43,47,45,60,30,54,21,33,51,48,23,23,29,27,25,23,26,18,20,22,29,9,7,4,14,9,5,15,3,12,4,5,15,11,11,15,202000,18,12,10,2025,12,2,2031,9,2021,National Draft,Key Defender,"defensive profile: Key Defender:6.17, Intercept Defender:5.20, Back Pocket:4.76, Half Back Flanker:-2.42",62,66,1,9,6,3,4,4,0,0,0,1,4,3,5,-0.44,"2022,2024,2025,2026",0,0,,,,
1518,Richmond,Richmond,14,21,Liam,Fawcett,VIC,84,1,7,2005,180,81,64,68,67,67,68,66,67,70,64,64,66,67,67,66,74,67,68,71,69,51,94,68,67,83,57,39,43,6,49,61,43,48,27,19,27,21,56,31,49,23,46,58,29,36,27,30,26,9,6,12,5,10,11,3,9,14,3,1,10,8,7,3,175000,37,2,11,2023,16,12,2029,43,2023,National Draft,Small Forward,"forward profile: Small Forward:3.16, Key Forward:0.10, Pressure Forward:-4.82",58,60,7,38,29,9,18,6,0,11,0,3,16,24,7,,,0,0,,,,
1519,Richmond,Richmond,14,21,Mykelti,Lefau,VIC,87,3,1,2005,183,81,68,71,67,66,67,68,68,69,64,68,67,66,66,67,71,66,71,70,70,76,89,66,82,54,86,39,47,32,80,55,48,51,38,20,25,23,18,38,24,26,38,36,17,29,19,25,31,3,7,14,12,6,3,14,11,12,13,4,8,14,1,12,140000,42,14,3,2023,13,5,2029,68,2023,National Draft,Medium Forward,"forward profile: Pressure Forward:-0.72, Small Forward:-0.77, Key Forward:-2.74 -> fallback Medium Forward (no standout)",57,61,21,166,97,69,72,60,10,23,31,20,90,84,46,-0.261,"2024,2025",0,0,,,,
1520,St Kilda,St Kilda,15,23,Nasiah,Wanganeen-Milera,ACT,73,22,2,2003,186,83,69,67,74,82,98,72,77,79,77,69,67,97,97,77,80,87,72,79,65,69,91,94,69,84,68,58,46,55,35,46,85,52,35,27,24,27,64,47,40,37,32,26,21,40,38,40,60,8,2,5,2,5,3,9,5,11,7,10,4,1,8,8,1794000,7,20,3,2023,5,5,2025,11,2021,National Draft,Outside Mid,"midfield profile: Outside Mid:29.07, Inside Mid:5.36",96,106,17,495,365,130,50,44,53,19,0,4,129,276,10,2.572,"2022,2023,2024,2025,2026",0,0,,,,
1521,St Kilda,St Kilda,15,31,Jack,Sinclair,NT,92,12,2,1995,179,76,74,64,69,88,82,65,63,71,72,74,68,85,85,77,70,82,70,82,71,75,90,89,63,96,97,59,40,39,15,62,47,72,26,19,19,31,37,35,17,23,20,25,19,25,20,38,43,10,5,6,14,13,8,12,2,10,6,11,2,8,12,12,1032000,35,5,7,2025,21,8,2027,1,2014,Rookie Draft,Half Back Flanker,"defensive profile: Half Back Flanker:13.61, Intercept Defender:8.51, Key Defender:0.60, Back Pocket:-2.35",86,87,15,407,286,121,94,24,16,2,0,1,75,267,26,0.441,"2021,2022,2023,2024,2025,2026",0,0,,,,
1522,St Kilda,St Kilda,15,32,Jack,Macrae,WA,80,3,8,1994,183,84,62,63,93,72,74,87,81,79,95,62,79,69,69,72,67,84,67,71,83,69,91,75,81,87,81,65,60,54,26,45,64,68,19,20,18,22,29,21,37,14,25,18,45,41,47,44,34,4,14,7,7,18,8,17,18,16,13,18,11,12,11,4,1426000,6,10,10,2024,27,6,2027,6,2012,National Draft,Inside Mid,"midfield profile: Inside Mid:21.64, Outside Mid:0.15",82,83,12,260,89,171,36,56,53,0,0,0,121,142,13,-1.686,"2021,2022,2023,2024,2025,2026",0,0,,,,
1523,St Kilda,St Kilda,15,23,Marcus,Windhager,QLD,86,16,5,2003,181,83,65,63,81,74,78,78,80,73,82,65,72,74,74,77,69,84,78,74,73,79,100,81,55,96,90,61,55,76,1,56,70,58,24,38,33,32,31,40,65,38,34,32,62,66,67,67,41,5,8,9,9,12,4,4,4,9,4,10,9,1,7,4,830000,2,6,10,2026,8,3,2030,47,2021,National Draft,Inside Mid,"midfield profile: Inside Mid:6.13, Outside Mid:5.84",77,84,23,526,303,223,106,63,57,4,0,0,141,378,21,1.173,"2022,2023,2024,2025,2026",0,0,,,,
1524,St Kilda,St Kilda,15,30,Jack,Steele,NSW,86,13,12,1995,186,88,67,65,101,74,78,93,88,85,95,67,87,73,73,78,70,86,82,73,88,74,99,79,43,56,76,56,78,87,46,55,60,63,28,20,18,28,27,34,53,29,22,21,56,48,50,61,42,14,9,6,11,6,14,13,11,16,11,16,10,5,16,17,1341000,9,23,8,2024,16,5,2030,24,2014,National Draft,Inside Mid,"midfield profile: Inside Mid:17.75, Outside Mid:0.53",94,95,24,564,220,344,77,145,120,4,0,3,254,305,26,-1.143,"2021,2022,2023,2024,2025,2026",0,0,,,,
1525,St Kilda,St Kilda,15,33,Bradley,Hill,VIC,96,9,7,1993,187,87,70,65,71,77,81,69,70,72,76,70,68,77,77,74,70,81,72,74,70,71,98,80,70,91,80,49,41,46,20,52,56,63,25,23,19,26,62,45,28,19,32,23,24,34,33,42,59,14,16,2,12,15,7,8,15,8,14,16,14,7,15,12,709000,8,18,2,2023,8,5,2026,40,2024,National Draft,Outside Mid,"midfield profile: Outside Mid:10.68, Inside Mid:-3.88",72,73,23,630,407,223,153,39,18,9,0,0,87,502,36,-0.338,"2021,2022,2023,2024,2025,2026",0,0,,,,
1526,St Kilda,St Kilda,15,30,Callum,Wilkie,QLD,81,10,3,1996,189,86,95,70,66,81,70,66,64,64,68,95,78,75,75,75,64,66,81,94,70,68,86,71,78,66,63,53,45,72,1,58,42,64,28,37,43,21,23,38,18,31,23,30,19,22,22,19,29,14,12,8,8,11,9,8,14,11,7,3,11,12,9,2,653000,44,5,3,2026,12,7,2028,41,2021,Rookie Draft,Intercept Defender,"defensive profile: Intercept Defender:11.68, Half Back Flanker:8.39, Key Defender:7.98, Back Pocket:2.01",86,86,23,512,349,163,221,35,3,0,0,26,129,338,108,0.481,"2021,2022,2023,2024,2025,2026",0,0,,,,
1527,St Kilda,St Kilda,15,30,Rowan,Marshall,NT,84,24,11,1995,201,98,78,98,85,66,67,89,88,74,82,78,76,68,68,89,71,75,78,71,74,90,61,78,72,74,84,56,81,75,19,46,66,67,24,35,35,28,27,31,19,59,23,30,26,32,24,37,31,9,8,3,12,13,12,7,2,1,10,11,8,7,7,2,996000,19,18,8,2025,18,9,2030,10,2016,Rookie Draft,Ruck,Dominant hitouts (27.3/game),90,91,21,368,199,169,90,49,105,14,309,19,219,152,42,0.311,"2021,2022,2023,2024,2025,2026",0,0,,,,
1528,St Kilda,St Kilda,15,25,Max,Hall,NSW,85,1,7,2001,189,90,69,68,84,74,83,80,78,80,84,69,73,77,77,77,79,87,80,90,76,82,93,84,67,83,88,59,42,89,10,44,53,45,28,31,26,27,44,24,56,28,47,50,28,43,58,53,26,2,11,13,5,4,2,4,1,15,9,11,1,9,5,2,548000,40,18,7,2026,26,6,2031,4,2023,Mid-Season Draft,Hybrid Mid Forward,Strong in both forward (fwd_c=1.93) and midfield (mid_c=1.78) signals,81,84,23,534,263,271,106,87,97,26,0,3,206,337,19,,,0,0,,,,
1529,St Kilda,St Kilda,15,32,Mason,Wood,VIC,72,13,9,1993,193,91,82,75,67,71,68,66,66,68,66,82,68,66,66,70,74,70,76,70,69,103,64,75,79,82,48,53,47,14,15,61,39,59,60,64,19,25,28,44,28,26,56,25,21,20,28,29,28,5,11,13,3,5,1,15,1,9,13,14,12,4,8,8,626000,32,27,7,2023,5,8,2026,41,2012,National Draft,Key Forward,"forward profile: Key Forward:6.45, Small Forward:1.73, Pressure Forward:-2.81",68,69,20,336,203,133,119,39,23,8,0,12,111,227,43,-0.269,"2021,2022,2023,2024,2025,2026",0,0,,,,
1530,St Kilda,St Kilda,15,25,Ryan,Byrnes,VIC,87,3,5,2001,180,82,69,64,65,76,75,64,65,68,69,69,65,75,75,72,68,73,71,73,67,74,94,74,84,66,83,56,37,44,40,55,48,63,32,26,25,21,57,37,29,32,19,21,22,31,30,34,58,9,4,1,1,9,13,13,8,6,13,11,13,3,7,9,454000,13,17,3,2024,11,5,2028,52,2019,National Draft,Half Back Flanker,"defensive profile: Half Back Flanker:2.75, Intercept Defender:1.52, Key Defender:-0.39, Back Pocket:-1.22",66,70,15,253,136,117,64,29,20,4,0,0,63,192,11,0.187,"2021,2022,2023,2024,2025,2026",0,0,,,,
1531,St Kilda,St Kilda,15,21,Darcy,Wilson,VIC,89,1,7,2005,179,80,66,67,68,70,76,68,68,71,70,66,66,72,72,69,74,74,73,77,69,48,87,73,80,64,66,52,44,50,32,49,56,52,27,26,19,26,39,24,34,27,30,47,20,32,17,17,21,3,14,6,7,13,15,8,15,9,14,2,13,7,5,10,411000,22,12,12,2024,10,5,2030,18,2023,National Draft,Small Forward,"forward profile: Small Forward:2.79, Pressure Forward:0.13, Key Forward:-0.94",65,70,22,482,252,230,102,54,36,16,0,3,126,348,23,-0.366,"2024,2025,2026",0,0,,,,
1532,St Kilda,St Kilda,15,22,Anthony,Caminiti,QLD,72,9,12,2003,192,86,75,70,64,64,59,67,67,62,62,75,79,63,63,65,63,56,71,83,68,95,63,61,83,60,99,53,49,75,10,54,45,65,23,40,55,44,31,29,26,27,22,29,27,22,28,25,32,6,5,6,6,10,4,12,7,11,10,3,6,5,6,10,599000,47,5,8,2025,21,4,2027,41,2022,National Draft,Key Defender,"defensive profile: Key Defender:8.97, Intercept Defender:8.45, Back Pocket:4.85, Half Back Flanker:-0.94",60,66,18,138,70,68,41,33,3,8,3,12,75,63,88,0.663,"2023,2024,2025,2026",0,0,,,,
1533,St Kilda,St Kilda,15,21,Hugo,Garcia,TAS,85,1,7,2005,185,85,63,64,90,73,77,84,82,79,89,63,79,73,73,76,72,83,76,72,80,73,90,79,70,72,59,47,64,72,21,48,63,56,31,33,24,33,35,31,71,30,33,29,73,56,62,63,54,7,4,7,1,3,6,10,9,5,11,5,7,4,11,11,681000,34,25,4,2024,11,9,2026,50,2023,National Draft,Inside Mid,"midfield profile: Inside Mid:9.35, Outside Mid:0.33",81,86,23,542,245,297,60,129,137,11,0,0,229,308,36,1.177,"2024,2025,2026",0,0,,,,
1534,St Kilda,St Kilda,15,22,Mitch,Owens,WA,81,24,9,2003,199,95,80,80,68,67,65,67,67,70,67,80,66,64,64,68,78,65,75,68,69,94,59,70,54,83,95,73,48,43,15,57,49,63,54,60,31,28,30,33,20,23,58,22,19,26,29,25,25,16,5,11,4,7,7,9,1,15,6,14,13,12,5,12,599000,10,17,9,2023,23,11,2029,33,2021,National Draft,Key Forward,"forward profile: Key Forward:7.81, Small Forward:1.63, Pressure Forward:-3.56",69,75,20,263,136,127,70,40,18,29,20,24,137,138,35,-0.595,"2022,2023,2024,2025,2026",0,0,,,,
1535,St Kilda,St Kilda,15,31,Zak,Jones,VIC,74,15,3,1995,189,91,67,68,84,75,77,81,79,75,84,66,75,74,74,77,74,81,75,75,79,65,85,78,62,85,62,47,49,59,16,64,50,71,24,22,16,17,23,20,34,21,17,17,39,41,40,37,25,11,14,10,2,2,3,15,7,13,3,17,1,3,4,9,432000,3,2,2,2023,11,10,2028,15,2013,National Draft,Inside Mid,"midfield profile: Inside Mid:0.76, Outside Mid:0.75",79,80,15,242,112,130,50,26,30,0,0,2,82,173,8,-0.848,"2021,2022,2023,2024,2025",0,0,Delisted,2026,delisted,draftguru.com.au 2024-2026 retirements/delistings (year/type sub-classification not preserved in this round's flat source list)
1536,St Kilda,St Kilda,15,26,Cooper,Sharman,VIC,88,25,7,2000,194,93,81,80,62,66,64,63,63,73,63,81,64,64,64,68,81,64,76,68,66,100,56,70,73,76,56,56,42,23,22,59,46,47,56,64,21,24,30,41,31,21,55,20,32,22,32,32,29,12,8,7,7,4,10,15,15,11,12,1,14,15,9,3,738000,43,10,7,2024,7,1,2030,30,2024,National Draft,Key Forward,"forward profile: Key Forward:13.17, Small Forward:2.36, Pressure Forward:-5.05",68,72,21,236,144,92,94,24,7,26,3,23,97,144,41,-0.191,"2021,2022,2023,2024,2025,2026",0,0,,,,
1537,St Kilda,St Kilda,15,27,Jack,Higgins,SA,84,19,3,1999,175,77,61,71,67,67,63,65,64,70,65,61,65,62,62,66,78,62,71,63,72,49,89,62,83,56,68,60,42,70,25,59,39,65,19,17,16,20,38,28,37,20,24,33,19,32,22,23,20,4,10,12,5,6,10,1,15,6,6,8,14,15,10,14,370000,1,12,4,2024,6,10,2026,17,2017,National Draft,Small Forward,"forward profile: Small Forward:8.02, Key Forward:5.54, Pressure Forward:-2.04",56,58,16,166,98,68,39,29,4,29,0,2,75,94,17,-0.658,"2021,2022,2023,2024,2025,2026",0,0,,,,
1538,St Kilda,St Kilda,15,27,Hunter,Clark,VIC,74,26,3,1999,188,90,66,65,81,71,72,79,78,73,78,66,73,71,71,69,67,77,64,71,76,70,89,74,71,94,75,32,78,51,48,53,36,55,26,29,21,28,28,28,46,29,24,23,53,44,46,43,32,2,13,8,3,2,8,3,4,1,15,7,2,11,8,8,599000,11,18,2,2023,16,2,2027,7,2017,National Draft,Inside Mid,"midfield profile: Inside Mid:5.12, Outside Mid:-0.21",71,73,7,99,63,36,28,16,3,0,0,2,33,64,6,-0.025,"2021,2022,2023,2024,2025,2026",0,0,,,,
1539,St Kilda,St Kilda,15,26,Liam,Stocker,NT,99,23,1,2000,199,99,75,68,64,68,62,68,67,62,65,75,74,67,67,67,60,59,71,81,67,89,59,64,67,74,76,57,52,72,20,56,44,55,27,31,51,37,26,21,28,18,16,21,20,26,28,21,28,3,11,6,13,5,14,14,10,1,9,8,6,2,6,7,411000,14,26,4,2023,19,3,2027,19,2018,National Draft,Key Defender,"defensive profile: Key Defender:3.12, Back Pocket:1.92, Intercept Defender:1.47, Half Back Flanker:-1.30",60,62,18,258,154,104,81,28,7,0,0,5,70,161,46,-0.193,"2021,2022,2023,2024,2025,2026",0,0,,,,
1540,St Kilda,St Kilda,15,33,Jimmy,Webster,VIC,74,28,6,1993,196,93,80,70,66,76,70,69,70,67,67,79,77,74,74,74,66,67,78,85,70,73,94,71,81,83,84,52,39,50,33,49,32,56,24,51,53,25,24,46,23,25,28,28,28,25,28,24,43,13,1,8,6,6,11,8,15,2,14,3,16,5,11,7,296000,29,26,2,2026,22,1,2028,42,2011,National Draft,Intercept Defender,"defensive profile: Intercept Defender:2.56, Key Defender:1.76, Half Back Flanker:1.75, Back Pocket:1.54",71,71,15,176,110,66,71,24,3,0,0,0,50,127,35,-0.475,"2021,2022,2023,2024,2025",0,0,Delisted,2026,delisted,draftguru.com.au 2024-2026 retirements/delistings (year/type sub-classification not preserved in this round's flat source list)
1541,St Kilda,St Kilda,15,20,Hugh,Boxshall,VIC,84,1,7,2006,180,80,64,65,87,71,75,83,82,77,85,64,77,72,72,74,70,81,73,72,78,74,96,77,70,76,87,52,56,41,43,61,69,65,20,30,19,26,32,39,56,33,31,27,66,54,61,56,45,1,5,11,3,7,3,7,13,11,2,10,8,9,14,11,477000,38,18,7,2025,8,6,2030,45,2024,National Draft,Inside Mid,"midfield profile: Inside Mid:3.00, Outside Mid:-4.73",77,81,10,141,65,76,29,56,24,4,0,2,65,79,23,,,0,0,,,,
1542,St Kilda,St Kilda,15,20,Tobie,Travaglia,VIC,84,1,7,2006,186,85,65,65,68,70,68,68,66,66,68,65,69,67,67,65,64,67,62,68,71,74,83,66,59,67,77,65,33,28,64,60,28,65,26,17,29,38,28,20,29,23,16,18,18,15,27,26,21,4,8,6,10,11,3,10,14,9,10,10,12,3,14,3,216000,5,8,5,2023,21,12,2027,8,2024,National Draft,Back Pocket,"defensive profile: Back Pocket:0.24, Key Defender:-1.63, Half Back Flanker:-2.97, Intercept Defender:-3.95",56,58,7,96,40,56,23,10,6,0,0,3,26,66,9,,,0,0,,,,
1543,St Kilda,St Kilda,15,20,Alix,Tauru,ACT,83,1,7,2006,195,92,78,70,62,66,60,65,65,62,63,78,77,65,65,65,62,57,68,85,67,90,56,62,56,84,70,54,47,73,19,45,35,58,22,36,59,57,23,29,28,25,24,31,20,24,29,20,29,11,5,13,14,9,4,1,6,11,1,9,1,3,14,13,477000,26,24,5,2026,25,9,2029,10,2024,National Draft,Key Defender,"defensive profile: Key Defender:8.45, Intercept Defender:5.60, Back Pocket:5.02, Half Back Flanker:-3.85",61,64,9,72,46,26,31,9,2,4,0,4,26,46,24,,,0,0,,,,
1544,St Kilda,St Kilda,15,21,Angus,Hastie,NT,93,1,7,2005,190,89,73,67,64,72,68,65,65,65,64,73,72,70,70,68,64,65,67,78,68,79,96,67,65,69,63,46,41,49,42,53,34,47,38,47,53,60,37,46,27,31,31,27,38,27,26,40,35,5,9,11,5,8,2,2,8,10,2,2,2,3,10,5,246000,24,19,5,2024,11,5,2026,33,2023,National Draft,Medium Defender,"defensive profile: Back Pocket:1.51, Key Defender:1.37, Intercept Defender:-0.57, Half Back Flanker:-1.79 -> fallback Medium Defender (no standout)",65,69,7,79,55,24,24,14,0,0,0,0,11,65,10,2.246,"2024,2025,2026",0,0,,,,
1545,St Kilda,St Kilda,15,22,Isaac,Keeler,WA,78,1,7,2004,193,91,78,78,64,65,63,65,66,69,62,78,65,63,63,66,77,63,72,66,67,88,61,69,82,92,69,46,41,34,24,60,60,51,44,55,22,25,17,37,20,19,47,23,23,30,27,22,30,10,6,6,3,12,3,3,4,14,14,4,10,12,4,2,278000,17,4,12,2023,16,8,2025,44,2022,National Draft,Key Forward,"forward profile: Key Forward:3.45, Small Forward:1.43, Pressure Forward:-3.17",64,66,2,21,9,12,5,1,1,1,3,0,11,12,4,,,0,0,,,,
1546,St Kilda,St Kilda,15,21,Lance,Collard,SA,79,1,7,2005,180,83,64,68,67,67,68,66,67,70,64,64,66,67,67,66,74,67,68,71,69,46,99,67,93,74,99,49,40,61,52,56,33,60,31,29,32,20,61,36,51,33,37,55,20,41,24,23,21,7,6,14,8,3,12,12,4,3,8,13,8,3,4,14,175000,4,8,11,2023,20,12,2027,28,2023,National Draft,Small Forward,"forward profile: Small Forward:2.29, Key Forward:-0.05, Pressure Forward:-0.64",58,62,12,65,39,26,13,20,2,8,0,1,29,38,5,,,0,0,,,,
1547,St Kilda,St Kilda,15,21,Mattaes,Phillipou,NT,94,27,12,2004,178,78,63,67,70,68,70,69,69,72,69,63,67,68,68,68,73,70,72,73,71,49,91,69,68,54,96,50,39,84,27,61,51,58,19,28,25,20,51,33,44,26,35,52,19,43,17,21,22,6,7,15,5,16,5,11,5,3,15,3,2,10,11,6,188000,25,1,6,2023,26,12,2028,10,2022,National Draft,Small Forward,"forward profile: Small Forward:1.96, Pressure Forward:-0.38, Key Forward:-1.05",61,66,21,358,154,204,68,75,48,10,0,2,125,231,9,-0.503,"2023,2024,2025,2026",0,0,,,,
1548,St Kilda,St Kilda,15,21,Arie,Schoenmaker,SA,80,1,7,2005,186,83,71,65,66,79,79,65,66,67,68,71,67,81,81,74,66,74,73,78,67,72,93,79,72,81,66,42,49,63,1,57,45,46,23,23,32,30,62,42,26,32,24,24,32,29,26,46,60,8,9,11,14,10,4,7,12,12,2,11,12,3,3,10,454000,27,20,4,2024,9,4,2028,62,2023,National Draft,Half Back Flanker,"defensive profile: Half Back Flanker:12.15, Intercept Defender:8.67, Key Defender:2.12, Back Pocket:-0.54",72,74,3,48,38,10,16,0,0,0,0,0,10,30,5,,,0,0,Delisted,2026,delisted,draftguru.com.au 2024-2026 retirements/delistings (year/type sub-classification not preserved in this round's flat source list)
1549,St Kilda,St Kilda,15,30,Dan,Butler,VIC,86,3,6,1996,178,80,61,66,69,64,66,69,73,70,60,61,68,64,64,63,71,62,64,65,69,49,95,63,77,71,91,51,43,47,37,57,52,61,21,29,31,30,60,34,49,23,36,48,23,35,28,26,31,3,13,8,2,8,16,11,15,10,15,14,3,6,2,8,188000,16,5,11,2025,26,4,2027,67,2014,National Draft,Small Forward,"forward profile: Small Forward:4.86, Key Forward:1.26, Pressure Forward:-1.25",56,57,10,98,58,40,16,43,4,6,0,3,32,68,3,-0.616,"2021,2022,2023,2024,2025,2026",0,0,,,,
1550,St Kilda,St Kilda,15,24,Liam,Henry,VIC,80,28,8,2001,183,79,64,69,65,65,66,64,66,69,62,64,65,65,65,64,71,65,65,69,68,66,86,65,62,71,95,61,29,40,15,64,49,60,34,23,29,17,17,31,23,26,39,33,17,27,23,16,19,13,7,12,7,14,6,15,11,1,12,10,14,7,12,15,175000,23,14,5,2023,17,1,2026,9,2019,National Draft,Medium Forward,"forward profile: Small Forward:-0.25, Key Forward:-0.28, Pressure Forward:-2.63 -> fallback Medium Forward (no standout)",54,57,8,82,48,34,23,16,2,7,0,0,21,58,3,-0.114,"2021,2022,2023,2024,2025,2026",0,0,,,,
1551,St Kilda,St Kilda,15,21,Liam,O'Connell,NSW,74,15,10,2005,182,79,65,65,69,69,67,68,67,66,67,65,69,67,67,65,64,66,62,68,71,74,96,66,79,77,80,54,47,59,34,60,36,57,34,23,36,61,31,25,33,29,18,22,19,23,22,29,23,9,12,10,13,14,6,14,13,15,7,13,15,4,7,3,246000,45,23,7,2024,11,5,2030,49,2023,National Draft,Back Pocket,"defensive profile: Back Pocket:2.90, Key Defender:0.93, Intercept Defender:-3.72, Half Back Flanker:-5.96",56,60,13,139,73,66,42,40,7,0,0,2,50,88,19,,,0,0,,,,
1552,St Kilda,St Kilda,15,30,Dougal,Howard,VIC,78,25,3,1996,191,90,79,65,58,71,63,63,67,61,58,79,73,67,67,65,60,59,64,85,63,69,96,64,85,90,88,68,51,26,41,50,49,60,17,43,49,25,24,35,21,28,18,20,23,19,21,21,39,9,17,14,17,8,2,17,15,6,13,4,1,12,12,13,332000,20,18,6,2023,3,2,2026,56,2014,National Draft,Intercept Defender,"defensive profile: Intercept Defender:6.05, Key Defender:5.47, Back Pocket:4.01, Half Back Flanker:1.36",61,61,7,76,61,15,43,1,2,0,0,1,11,61,27,-0.876,"2021,2022,2023,2024,2025,2026",0,0,,,,
1553,St Kilda,St Kilda,15,24,Max,Heath,WA,96,1,7,2002,197,96,79,86,69,63,62,72,72,69,68,79,69,63,63,71,72,63,68,65,68,91,58,67,43,68,82,67,56,65,37,50,38,58,18,47,30,21,29,18,18,45,42,19,21,22,23,18,26,14,14,13,5,10,11,9,5,6,1,4,7,11,5,14,370000,42,19,8,2026,28,12,2029,7,2020,Mid-Season Draft,Hybrid Key Forward Ruck,"Ruck minutes (8.8 HO/g) plus forward output (CM/g=1.00, GL/g=0.75)",69,70,7,46,19,27,9,10,11,2,96,5,32,17,7,,,0,0,,,,
1554,St Kilda,St Kilda,15,23,Jack,Carroll,VIC,87,1,7,2003,189,84,67,65,67,70,70,66,67,67,66,67,68,70,70,65,65,68,63,69,70,73,81,68,86,83,85,45,48,21,56,62,44,66,21,22,25,33,22,24,30,19,22,21,26,17,20,15,20,3,3,5,10,7,7,9,8,7,7,4,4,6,15,12,162000,18,25,11,2026,4,5,2028,41,2020,National Draft,Back Pocket,"defensive profile: Back Pocket:1.07, Key Defender:-1.11, Intercept Defender:-6.13, Half Back Flanker:-6.83",56,58,12,185,124,61,73,23,3,0,0,3,33,151,18,-0.208,"2022,2024,2025,2026",0,0,,,,
1555,St Kilda,St Kilda,15,28,Harry,Boyd,TAS,75,11,2,1998,200,98,71,99,81,63,63,84,83,72,79,71,77,66,66,87,68,69,72,69,74,101,66,70,90,82,83,84,33,77,14,45,11,53,29,38,31,28,21,24,31,60,31,31,26,20,32,39,30,4,12,11,14,2,9,7,14,4,15,12,9,11,6,8,262000,31,12,2,2023,26,12,2028,50,2024,National Draft,Ruck,Dominant hitouts (27.0/game),82,82,1,12,4,8,1,2,4,0,27,0,8,4,2,,,0,0,Delisted,2026,delisted,draftguru.com.au 2024-2026 retirements/delistings (year/type sub-classification not preserved in this round's flat source list)
1556,St Kilda,St Kilda,15,20,Alex,Dodson,VIC,79,1,7,2006,202,100,79,79,64,66,63,66,66,69,62,79,65,63,63,67,78,63,73,66,67,89,62,69,59,64,72,29,60,54,46,56,45,57,51,60,32,31,24,44,28,20,57,25,20,18,30,30,31,8,2,4,2,7,7,12,5,3,4,14,11,2,9,9,140000,30,5,4,2025,8,9,2031,53,2024,National Draft,Key Forward,"forward profile: Key Forward:1.41, Small Forward:-1.77, Pressure Forward:-3.19",65,65,1,8,3,5,2,0,0,0,2,0,0,6,0,,,0,0,,,,
1557,St Kilda,St Kilda,15,22,Angus,McLennan,VIC,73,2,9,2003,195,93,79,71,62,67,60,66,66,62,63,79,78,65,65,66,61,58,69,86,67,104,61,63,55,60,66,56,50,35,69,46,61,63,31,45,53,61,29,27,33,20,31,22,20,21,24,32,22,4,12,3,1,9,8,9,4,11,11,15,14,3,13,10,278000,41,6,1,2025,8,9,2028,59,2024,Rookie Draft,Key Defender,"defensive profile: Key Defender:3.24, Back Pocket:1.68, Intercept Defender:-1.69, Half Back Flanker:-4.34",63,64,1,7,3,4,3,2,0,0,0,1,3,4,1,,,0,0,Delisted,2026,delisted,draftguru.com.au 2024-2026 retirements/delistings (year/type sub-classification not preserved in this round's flat source list)
1558,St Kilda,St Kilda,15,29,Zaine,Cordy,WA,82,27,10,1996,181,78,67,67,69,69,68,67,68,67,67,67,71,70,70,65,67,66,64,70,71,75,87,68,75,99,83,50,29,98,24,57,28,52,19,21,36,40,22,25,27,23,25,27,22,18,20,25,27,5,11,4,10,10,4,7,10,11,13,10,13,11,14,2,140000,21,16,10,2023,26,2,2029,62,2014,National Draft,Back Pocket,"defensive profile: Back Pocket:2.50, Key Defender:-0.69, Intercept Defender:-1.85, Half Back Flanker:-5.68",59,60,1,4,2,2,2,1,0,1,0,0,1,3,4,-0.491,"2021,2022,2023,2024,2025",0,0,Delisted,2026,delisted,draftguru.com.au 2024-2026 retirements/delistings (year/type sub-classification not preserved in this round's flat source list)
1559,Sydney,Sydney,16,30,Isaac,Heeney,NSW,89,5,5,1996,185,81,72,72,95,76,81,88,83,88,97,72,76,77,77,79,88,91,79,91,81,71,87,87,85,84,79,69,50,23,23,51,76,63,25,32,25,22,34,19,40,19,47,48,27,41,42,47,25,4,9,7,8,13,10,6,2,3,7,6,6,5,5,5,1300000,5,25,6,2024,13,5,2026,18,2014,National Draft,Hybrid Mid Forward,Strong in both midfield (mid_c=6.05) and forward (fwd_c=4.30) signals,99,100,20,538,258,280,69,98,124,32,0,11,261,260,18,0.742,"2021,2022,2023,2024,2025,2026",0,0,,,,
1560,Sydney,Sydney,16,25,Chad,Warner,TAS,82,19,5,2001,186,85,67,68,85,74,96,83,82,85,85,67,72,90,90,78,86,94,81,99,73,66,94,92,70,70,57,56,59,63,25,55,76,62,19,20,20,17,30,28,40,26,42,47,29,32,47,39,31,2,8,13,6,11,11,6,9,4,3,10,6,6,10,9,1426000,1,6,8,2023,16,5,2025,39,2019,National Draft,Hybrid Mid Forward,Strong in both midfield (mid_c=5.65) and forward (fwd_c=1.94) signals,91,95,22,514,310,204,69,80,98,34,0,4,204,305,21,0.629,"2021,2022,2023,2024,2025,2026",0,0,,,,
1561,Sydney,Sydney,16,26,Nick,Blakey,NSW,89,27,2,2000,183,79,74,67,63,82,91,65,69,70,69,74,71,98,98,77,69,78,79,92,65,77,96,87,75,70,71,59,38,39,12,42,70,54,27,38,30,31,58,45,33,24,27,34,32,38,23,35,70,10,7,4,6,5,4,2,3,11,5,1,12,4,9,9,1220000,22,17,6,2025,8,11,2027,10,2018,National Draft,Half Back Flanker,"defensive profile: Half Back Flanker:15.85, Intercept Defender:12.28, Key Defender:5.57, Back Pocket:-0.05",89,93,22,564,381,183,90,31,20,5,0,6,112,335,87,1.142,"2021,2022,2023,2024,2025,2026",0,0,,,,
1562,Sydney,Sydney,16,32,Jake,Lloyd,SA,93,20,9,1993,177,75,72,66,68,78,77,65,65,69,71,72,67,73,73,76,70,77,81,72,70,76,99,77,73,63,88,54,42,60,7,59,40,63,25,18,28,25,53,47,33,21,27,23,24,38,32,45,54,10,9,14,11,16,5,8,2,14,9,11,10,9,1,2,681000,44,6,2,2024,4,11,2030,16,2012,Rookie Draft,Outside Mid,"midfield profile: Outside Mid:8.64, Inside Mid:-2.38",69,70,23,390,217,173,102,47,18,18,0,1,107,278,41,-1.186,"2021,2022,2023,2024,2025,2026",0,0,,,,
1563,Sydney,Sydney,16,32,Brodie,Grundy,QLD,99,15,4,1994,205,105,68,106,93,59,68,98,98,76,96,68,81,70,70,98,69,75,78,71,76,94,61,73,60,70,90,70,73,57,30,62,94,53,20,38,32,20,25,33,22,60,28,32,24,22,19,42,30,5,3,11,14,11,9,4,13,13,13,5,3,2,14,8,962000,4,20,10,2025,5,9,2027,18,2012,National Draft,Ruck,Dominant hitouts (36.7/game),95,96,21,430,154,276,46,78,134,9,720,11,279,152,60,0.026,"2021,2022,2023,2024,2025,2026",0,0,,,,
1564,Sydney,Sydney,16,23,Matt,Roberts,VIC,88,1,7,2003,182,78,69,64,67,78,78,64,65,67,69,69,67,78,78,73,65,75,74,75,69,81,95,78,66,60,69,58,42,70,18,43,42,52,43,38,36,36,80,60,42,38,36,31,36,31,32,44,71,2,4,5,5,3,5,2,5,10,8,5,5,9,8,7,709000,34,1,5,2026,1,6,2028,34,2021,National Draft,Half Back Flanker,"defensive profile: Half Back Flanker:9.66, Intercept Defender:7.49, Key Defender:2.03, Back Pocket:-0.51",69,74,19,331,185,146,78,42,26,3,0,0,98,231,27,1.92,"2023,2024,2025,2026",0,0,,,,
1565,Sydney,Sydney,16,25,James,Rowbottom,WA,72,19,9,2000,185,86,60,65,95,70,72,88,85,84,84,60,85,70,70,73,71,80,78,71,85,71,86,76,82,97,82,63,71,61,15,53,53,56,25,25,23,24,26,26,49,18,29,31,44,52,45,55,31,7,13,13,13,4,11,5,10,12,13,9,10,4,10,13,996000,8,1,7,2024,5,5,2030,25,2018,National Draft,Inside Mid,"midfield profile: Inside Mid:12.96, Outside Mid:-2.39",81,84,21,327,167,160,30,136,65,9,0,1,165,168,33,-0.008,"2021,2022,2023,2024,2025,2026",0,0,,,,
1566,Sydney,Sydney,16,25,Justin,McInerney,NSW,80,18,8,2000,181,82,70,66,73,74,81,72,73,74,81,70,67,75,75,73,75,84,69,74,69,75,86,80,54,73,69,60,49,44,1,58,63,53,28,19,30,19,46,38,27,23,25,24,19,37,22,40,44,13,7,3,4,9,10,5,13,3,14,12,12,12,3,8,738000,27,22,10,2025,26,5,2029,44,2018,National Draft,Outside Mid,"midfield profile: Outside Mid:5.38, Inside Mid:4.45",71,74,13,304,127,177,54,33,39,14,0,1,90,218,14,0.331,"2021,2022,2023,2024,2025,2026",0,0,,,,
1567,Sydney,Sydney,16,25,James,Jordon,WA,74,20,12,2000,182,85,61,65,81,70,72,78,75,75,80,61,74,70,70,73,69,76,79,70,78,79,91,72,90,78,62,52,59,62,21,57,38,53,20,24,25,26,29,26,47,28,21,19,56,51,55,57,37,8,13,10,4,4,15,5,13,1,3,4,11,9,3,9,574000,17,7,5,2025,20,12,2031,33,2018,National Draft,Inside Mid,"midfield profile: Inside Mid:5.51, Outside Mid:-2.61",70,74,22,334,131,203,42,86,42,5,0,1,120,214,12,-0.729,"2021,2022,2023,2024,2025,2026",0,0,,,,
1568,Sydney,Sydney,16,23,Angus,Sheldrick,NSW,73,1,7,2003,184,85,62,64,86,72,76,83,82,77,87,62,75,73,73,74,71,83,74,73,77,74,93,78,63,71,38,51,50,35,51,57,68,64,31,24,34,34,40,34,57,26,24,30,66,59,65,56,49,9,8,2,3,7,10,2,7,11,6,11,1,5,4,12,626000,12,1,2,2026,10,6,2032,18,2021,National Draft,Inside Mid,"midfield profile: Inside Mid:6.59, Outside Mid:-1.68",78,82,18,361,163,198,40,64,55,4,0,0,147,204,10,1.537,"2022,2023,2024,2026",0,0,,,,
1569,Sydney,Sydney,16,26,Sam,Wicks,TAS,97,14,9,1999,186,83,67,65,67,74,78,67,70,68,67,67,68,79,79,72,64,72,74,73,67,75,93,74,46,78,75,54,46,57,1,60,58,54,33,26,22,23,59,44,20,27,25,24,22,22,31,33,59,5,11,8,5,1,7,8,10,2,11,8,15,5,15,3,477000,15,11,6,2025,27,5,2031,44,2025,Mid-Season Draft,Half Back Flanker,"defensive profile: Half Back Flanker:3.74, Intercept Defender:0.93, Back Pocket:0.21, Key Defender:-0.20",68,71,18,299,168,131,60,50,9,1,0,6,78,204,20,-0.312,"2021,2022,2023,2024,2025,2026",0,0,,,,
1570,Sydney,Sydney,16,29,Callum,Mills,NSW,98,2,4,1997,178,76,75,65,69,82,76,67,65,65,75,75,71,81,81,77,63,73,79,85,71,80,94,76,65,77,69,54,44,38,15,52,45,53,20,20,19,24,47,31,17,20,23,20,19,18,17,33,48,9,7,2,8,9,2,7,13,7,17,12,14,17,16,10,830000,14,18,8,2023,5,11,2027,3,2015,National Draft,Half Back Flanker,"defensive profile: Half Back Flanker:12.41, Intercept Defender:7.52, Key Defender:1.47, Back Pocket:-1.41",80,81,22,527,277,250,116,58,14,0,0,10,118,333,68,-1.378,"2021,2022,2023,2024,2025,2026",0,0,,,,
1571,Sydney,Sydney,16,24,Braeden,Campbell,NSW,72,4,2,2002,179,78,62,67,70,69,73,68,69,74,67,62,67,70,70,64,75,73,61,80,71,47,95,73,76,71,64,51,50,47,45,48,52,62,31,29,23,23,58,35,52,29,45,59,24,46,24,23,33,13,13,1,2,11,14,2,5,5,10,7,15,13,5,11,432000,16,17,8,2024,16,5,2027,5,2020,National Draft,Small Forward,"forward profile: Small Forward:2.92, Pressure Forward:1.99, Key Forward:-0.78",64,69,6,108,59,49,12,20,11,4,0,1,40,66,3,0.007,"2021,2022,2023,2024,2025,2026",0,0,,,,
1572,Sydney,Sydney,16,36,Dane,Rampe,NSW,87,2,6,1990,188,83,68,64,63,69,64,65,66,62,65,68,76,69,69,67,60,61,71,85,68,69,91,64,57,54,97,48,49,15,21,55,42,53,15,38,39,25,15,32,18,27,23,15,23,26,26,19,32,4,8,9,6,8,6,13,5,14,3,13,14,3,5,8,390000,24,17,8,2023,1,2,2029,37,2012,Rookie Draft,Intercept Defender,"defensive profile: Intercept Defender:4.95, Half Back Flanker:3.72, Key Defender:2.80, Back Pocket:2.03",59,59,15,200,91,109,38,28,6,0,0,3,69,126,64,-0.642,"2021,2022,2023,2024,2025,2026",0,0,,,,
1573,Sydney,Sydney,16,24,Errol,Gulden,VIC,82,18,7,2002,182,83,68,64,81,78,90,80,84,82,82,68,73,85,85,75,76,94,66,79,72,77,93,94,58,65,77,53,71,63,4,60,86,51,32,27,35,22,57,51,34,20,29,30,25,44,32,49,68,8,4,7,13,10,4,5,4,10,5,10,9,6,12,12,1142000,21,1,1,2026,27,9,2032,32,2020,National Draft,Outside Mid,"midfield profile: Outside Mid:12.55, Inside Mid:7.91",87,92,11,346,214,132,40,55,47,3,0,0,95,247,3,0.995,"2021,2022,2023,2024,2025,2026",0,0,,,,
1574,Sydney,Sydney,16,26,Tom,McCartin,NSW,94,30,12,1999,200,96,88,72,63,69,63,69,69,60,68,88,79,68,68,70,60,62,75,92,64,99,64,66,66,94,62,51,49,59,5,50,57,55,28,47,65,64,33,36,20,28,31,27,29,33,31,22,27,14,10,5,12,5,7,15,14,5,8,6,12,6,13,14,738000,30,21,3,2024,8,5,2030,33,2017,National Draft,Key Defender,"defensive profile: Key Defender:9.22, Intercept Defender:8.45, Back Pocket:2.65, Half Back Flanker:1.73",73,77,20,376,194,182,136,26,7,0,0,23,110,252,118,-0.242,"2021,2022,2023,2024,2025,2026",0,0,,,,
1575,Sydney,Sydney,16,28,Oliver,Florent,VIC,81,22,7,1998,188,87,71,64,68,77,77,68,70,65,71,71,66,80,80,77,63,76,82,78,67,74,88,80,83,83,72,53,43,71,15,51,59,67,29,18,26,30,50,34,24,27,28,23,25,23,27,35,49,14,5,3,13,7,11,11,4,14,14,6,9,15,13,9,500000,13,9,3,2025,11,6,2029,11,2016,National Draft,Half Back Flanker,"defensive profile: Half Back Flanker:1.83, Intercept Defender:0.45, Key Defender:0.05, Back Pocket:-0.24",74,75,24,541,365,176,122,49,27,2,0,3,135,333,30,-0.429,"2021,2022,2023,2024,2025,2026",0,0,,,,
1576,Sydney,Sydney,16,27,Will,Hayward,SA,73,26,10,1998,191,91,76,73,68,68,68,70,71,69,67,76,65,65,65,70,75,70,77,71,68,73,94,69,99,65,69,50,51,56,12,55,56,57,39,22,27,30,20,41,24,30,42,37,18,21,26,22,24,6,13,13,8,4,7,7,6,9,12,12,5,11,12,3,454000,9,28,6,2025,13,3,2027,21,2016,National Draft,Medium Forward,"forward profile: Key Forward:4.92, Small Forward:4.52, Pressure Forward:-0.53 -> fallback Medium Forward (no standout)",66,69,21,343,201,142,120,39,6,24,0,20,110,232,17,-0.256,"2021,2022,2023,2024,2025,2026",0,0,,,,
1577,Sydney,Sydney,16,26,Riley,Bice,SA,83,1,7,2000,183,82,71,65,66,78,80,65,66,68,68,71,68,82,82,74,67,74,74,78,67,73,94,78,57,83,71,52,40,68,53,46,55,53,22,27,25,24,44,30,22,17,25,27,24,30,27,27,43,12,12,5,11,7,12,12,14,11,6,7,7,6,12,2,681000,26,27,7,2024,24,4,2028,41,2024,National Draft,Half Back Flanker,"defensive profile: Half Back Flanker:6.83, Intercept Defender:1.94, Key Defender:0.88, Back Pocket:0.34",72,74,20,408,230,178,99,41,9,3,0,3,87,280,51,,,0,0,,,,
1578,Sydney,Sydney,16,27,Hayden,McLean,NSW,92,20,1,1999,203,102,77,84,67,63,60,69,69,67,66,77,70,61,61,69,74,61,64,62,68,98,60,65,65,49,58,57,47,16,41,45,40,54,25,52,45,21,26,26,33,62,49,31,24,22,27,25,31,7,9,7,12,5,7,4,4,11,11,3,2,5,12,14,477000,2,16,4,2026,2,10,2028,41,2025,National Draft,Hybrid Key Forward Ruck,"Ruck minutes (3.8 HO/g) plus forward output (CM/g=0.68, GL/g=1.32)",65,68,10,83,44,39,23,15,10,13,62,10,46,32,31,-0.077,"2021,2022,2023,2024,2025,2026",0,0,,,,
1579,Sydney,Sydney,16,23,Corey,Warner,NSW,72,1,7,2003,171,73,62,68,66,67,69,66,67,70,64,62,65,67,67,65,74,68,66,72,69,46,91,67,54,80,86,52,47,1,29,49,45,53,32,30,28,19,42,38,31,27,36,44,31,41,30,20,30,8,5,3,10,6,8,6,11,9,8,8,10,10,3,13,332000,37,28,10,2024,7,7,2028,40,2021,National Draft,Small Forward,"forward profile: Small Forward:1.74, Pressure Forward:-0.25, Key Forward:-1.05",58,61,5,55,31,24,7,6,0,2,0,0,11,46,3,1.337,"2023,2024,2025,2026",0,0,,,,
1580,Sydney,Sydney,16,29,Lewis,Melican,NSW,98,4,11,1996,197,96,77,69,62,68,61,64,63,62,61,77,78,65,65,64,61,59,64,84,69,94,58,64,86,82,76,50,44,33,19,52,34,59,27,32,44,51,26,32,27,18,25,26,18,17,18,27,24,1,11,8,1,4,14,9,9,9,7,1,8,14,9,9,477000,43,20,12,2025,19,6,2031,48,2023,National Draft,Key Defender,"defensive profile: Key Defender:7.47, Intercept Defender:5.37, Back Pocket:4.56, Half Back Flanker:-1.80",60,61,10,114,64,50,38,14,0,0,0,7,44,60,48,-0.813,"2021,2023,2024,2025,2026",0,0,,,,
1581,Sydney,Sydney,16,30,Tom,Papley,WA,80,13,7,1996,191,91,65,70,73,69,83,75,76,80,73,65,69,78,78,72,84,83,75,92,68,69,85,84,70,69,79,52,53,67,17,65,66,60,21,21,19,20,35,23,36,28,30,41,27,38,37,41,16,1,5,6,10,9,3,13,4,3,9,3,4,15,1,9,574000,11,7,4,2024,10,3,2030,14,2015,Rookie Draft,Hybrid Mid Forward,Strong in both forward (fwd_c=2.71) and midfield (mid_c=0.83) signals,79,80,18,272,173,99,49,46,23,27,0,1,98,176,22,-0.277,"2021,2022,2023,2024,2025,2026",0,0,,,,
1582,Sydney,Sydney,16,32,Harry,Cunningham,VIC,79,6,12,1993,193,92,70,65,64,73,66,63,62,65,61,70,71,67,67,66,62,62,66,73,72,78,94,63,70,78,95,51,44,62,1,46,32,50,24,32,45,34,19,40,23,17,27,25,17,22,27,20,22,15,3,15,10,12,4,3,1,6,6,6,8,14,2,1,313000,7,5,9,2024,18,2,2026,53,2023,National Draft,Medium Defender,"defensive profile: Back Pocket:0.40, Key Defender:0.11, Intercept Defender:0.01, Half Back Flanker:-0.22 -> fallback Medium Defender (no standout)",60,61,13,156,86,70,43,36,4,2,0,3,36,120,27,-0.668,"2021,2022,2023,2024,2025,2026",0,0,,,,
1583,Sydney,Sydney,16,21,Caiden,Cleary,NSW,99,1,7,2005,186,86,63,65,86,71,75,82,81,77,85,63,76,72,72,73,71,81,72,72,78,78,96,77,85,71,74,55,43,34,24,48,58,48,22,25,23,35,34,38,51,28,29,23,55,62,61,61,46,2,1,5,6,9,6,6,9,5,9,9,6,2,2,8,313000,33,26,2,2025,8,3,2030,24,2023,National Draft,Inside Mid,"midfield profile: Inside Mid:-0.51, Outside Mid:-4.00",76,81,9,119,44,75,23,29,9,3,0,0,52,73,11,0.705,"2024,2025,2026",0,0,,,,
1584,Sydney,Sydney,16,28,Peter,Ladhams,NSW,74,14,1,1998,199,97,76,89,73,63,60,75,72,66,75,76,67,62,62,72,69,63,61,62,70,103,63,65,99,82,80,56,46,17,60,62,60,47,17,45,25,17,25,20,25,41,28,25,19,26,17,20,25,7,13,8,12,4,12,2,14,10,2,5,8,4,13,17,332000,19,28,7,2025,12,7,2031,9,2016,Rookie Draft,Hybrid Key Forward Ruck,"Ruck minutes (10.0 HO/g) plus forward output (CM/g=0.40, GL/g=0.70)",69,71,2,29,14,15,3,3,11,1,45,2,22,9,3,-1.701,"2021,2022,2023,2024,2025,2026",0,0,,,,
1585,Sydney,Sydney,16,33,Joel,Hamling,NSW,92,9,4,1993,197,92,77,71,61,66,59,64,61,61,63,77,80,63,63,63,62,56,63,86,69,97,60,59,58,99,99,60,40,40,26,62,32,60,27,38,57,48,22,24,22,19,28,19,27,22,25,19,21,7,13,13,13,7,15,14,2,8,7,15,6,3,3,10,332000,29,1,4,2024,16,2,2029,32,2011,National Draft,Key Defender,"defensive profile: Key Defender:6.54, Back Pocket:5.14, Intercept Defender:4.27, Half Back Flanker:-4.17",60,61,9,79,29,50,35,11,1,1,0,10,35,45,57,-0.846,"2021,2022,2023,2024,2026",0,0,,,,
1586,Sydney,Sydney,16,29,Aaron,Francis,SA,80,1,7,1997,200,100,79,80,65,67,65,67,67,72,63,79,66,64,64,68,77,65,73,67,68,96,65,70,93,77,64,56,46,65,53,61,46,49,49,52,16,17,23,39,23,18,47,28,28,25,19,27,20,9,12,9,9,4,1,16,2,14,6,13,10,6,13,10,296000,10,21,7,2026,20,7,2031,6,2015,National Draft,Key Forward,"forward profile: Key Forward:2.82, Small Forward:0.46, Pressure Forward:-1.85",67,68,10,88,55,33,33,12,3,5,0,3,35,59,20,-0.405,"2021,2022,2023,2024,2025",0,0,Delisted,2026,delisted,draftguru.com.au 2024-2026 retirements/delistings (year/type sub-classification not preserved in this round's flat source list)
1587,Sydney,Sydney,16,25,Jack,Buller,NSW,92,16,5,2001,192,89,79,79,64,65,63,66,66,68,61,79,65,63,63,66,77,62,72,65,67,93,62,68,50,90,81,50,53,1,21,53,51,69,55,53,25,33,31,47,22,25,51,21,29,20,33,25,31,8,2,1,5,4,7,6,4,2,1,6,1,2,3,5,454000,39,13,9,2023,16,2,2025,34,2021,National Draft,Key Forward,"forward profile: Key Forward:9.03, Small Forward:2.02, Pressure Forward:-2.86",65,67,10,80,41,39,36,14,2,7,3,10,30,50,12,2.408,"2023,2024,2026",0,0,,,,
1588,Sydney,Sydney,16,26,Joel,Amartey,NSW,87,2,9,1999,196,95,78,80,63,64,61,64,65,68,60,78,66,62,62,65,78,61,72,63,66,101,58,66,73,66,63,53,56,41,48,47,47,62,53,58,26,33,29,43,32,27,50,25,27,27,29,22,29,13,8,6,14,3,13,1,7,11,10,12,2,2,10,4,500000,36,13,5,2025,5,9,2031,31,2024,National Draft,Key Forward,"forward profile: Key Forward:13.19, Small Forward:3.38, Pressure Forward:-3.61",63,67,15,123,79,44,48,26,5,28,14,13,60,65,24,0.026,"2021,2022,2023,2024,2025,2026",0,0,,,,
1589,Sydney,Sydney,16,22,Tom,Hanily,VIC,80,1,7,2004,173,72,64,68,67,67,69,67,67,70,64,64,66,67,67,66,74,68,68,72,69,47,91,68,83,89,75,53,40,54,44,60,39,48,18,20,25,19,54,36,44,24,34,45,25,33,20,25,21,14,4,13,12,14,12,12,5,1,2,4,5,8,11,14,188000,40,25,4,2026,19,12,2030,14,2023,Mid-Season Draft,Small Forward,"forward profile: Small Forward:2.82, Key Forward:0.46, Pressure Forward:-0.91",59,61,5,57,28,29,17,12,2,3,0,2,17,41,5,,,0,0,,,,
1590,Sydney,Sydney,16,32,Taylor,Adams,TAS,82,20,9,1993,189,87,67,68,83,71,73,79,81,74,82,67,75,73,73,73,74,79,70,75,78,72,83,76,59,87,80,41,57,86,48,51,65,55,21,17,13,18,24,18,28,21,14,19,38,34,36,36,21,16,4,14,4,14,15,1,10,2,11,2,11,12,12,7,262000,3,18,6,2024,1,4,2029,13,2011,National Draft,Inside Mid,"midfield profile: Inside Mid:0.68, Outside Mid:-6.71",74,75,4,37,15,22,6,11,6,1,0,0,18,19,1,-2.153,"2021,2022,2023,2024,2025,2026",0,0,Delisted,2026,delisted,draftguru.com.au 2024-2026 retirements/delistings (year/type sub-classification not preserved in this round's flat source list)
1591,Sydney,Sydney,16,27,Ben,Paton,NSW,85,19,10,1998,188,85,66,66,69,70,69,69,68,67,68,66,70,69,69,66,65,68,62,69,72,73,96,68,53,49,88,44,40,45,34,57,32,51,16,18,32,39,23,19,28,20,24,24,26,19,17,17,18,14,12,9,17,3,7,2,13,2,6,14,6,13,9,12,175000,25,23,10,2026,7,10,2031,46,2017,National Draft,Back Pocket,"defensive profile: Back Pocket:1.53, Key Defender:0.47, Intercept Defender:-2.28, Half Back Flanker:-3.38",58,60,4,33,18,15,8,6,0,0,0,0,6,24,7,-1.251,"2022,2023,2024,2025",0,0,Delisted,2026,delisted,draftguru.com.au 2024-2026 retirements/delistings (year/type sub-classification not preserved in this round's flat source list)
1592,Sydney,Sydney,16,20,Jesse,Dattoli,VIC,89,1,7,2006,172,73,62,67,66,66,64,68,68,68,66,62,67,65,65,64,67,62,61,63,69,47,99,62,80,71,75,46,37,40,60,53,60,58,23,29,23,21,34,30,56,23,17,31,36,43,29,48,20,3,14,11,10,3,6,6,11,10,8,4,3,8,12,8,175000,18,2,6,2024,2,2,2029,22,2024,National Draft,Pressure Forward,"forward profile: Pressure Forward:0.60, Key Forward:-0.54, Small Forward:-0.58",53,55,3,56,30,26,13,7,6,4,0,0,23,33,3,,,0,0,,,,
1593,Sydney,Sydney,16,22,Caleb,Mitchell,SA,98,1,7,2004,189,90,74,67,65,72,68,66,66,65,65,74,72,71,71,68,64,65,68,79,68,73,96,67,76,97,54,39,50,59,10,62,61,64,25,34,44,49,23,33,25,23,19,32,21,21,22,21,29,4,6,9,7,9,14,2,12,3,7,5,5,15,14,3,262000,35,8,11,2024,3,7,2026,40,2022,National Draft,Medium Defender,"defensive profile: Back Pocket:0.08, Key Defender:-0.41, Half Back Flanker:-1.78, Intercept Defender:-1.97 -> fallback Medium Defender (no standout)",66,67,1,13,8,5,4,2,1,0,0,0,5,7,1,,,0,0,Delisted,2026,delisted,draftguru.com.au 2024-2026 retirements/delistings (year/type sub-classification not preserved in this round's flat source list)
1594,West Coast,West Coast,17,28,Liam,Baker,QLD,81,27,1,1998,180,83,64,65,81,69,77,83,84,74,83,64,73,75,75,75,69,81,76,74,71,73,93,78,72,59,65,58,64,65,3,54,66,68,23,21,24,22,32,28,46,22,27,26,49,44,55,57,38,4,5,11,12,7,11,15,11,1,1,10,14,6,2,2,1032000,3,13,4,2023,19,12,2029,18,2017,Rookie Draft,Inside Mid,"midfield profile: Inside Mid:8.67, Outside Mid:5.86",76,78,20,338,178,160,62,39,22,8,0,3,127,214,33,0.098,"2021,2022,2023,2024,2025,2026",0,0,,,,
1595,West Coast,West Coast,17,21,Ryan,Maric,WA,85,6,9,2004,181,81,70,64,67,78,76,66,65,67,69,70,66,77,77,72,65,74,70,73,69,76,93,76,43,95,95,54,39,5,35,51,39,53,22,35,24,30,51,32,19,35,25,29,26,35,20,31,54,11,2,2,3,6,11,1,7,2,3,2,10,2,7,8,768000,23,7,6,2025,6,12,2030,1,2022,Mid-Season Draft,Half Back Flanker,"defensive profile: Half Back Flanker:11.81, Intercept Defender:6.44, Key Defender:1.75, Back Pocket:-0.84",68,74,12,213,119,94,46,25,11,1,0,2,60,147,8,1.627,"2023,2024,2025,2026",0,0,,,,
1596,West Coast,West Coast,17,29,Liam,Duggan,VIC,86,11,12,1996,179,80,75,65,65,79,79,65,68,67,64,75,70,83,83,76,65,77,80,82,66,71,94,82,67,69,99,50,45,92,25,45,46,56,30,30,28,27,47,39,31,26,31,22,32,25,29,34,62,4,10,11,11,5,9,3,13,15,8,12,12,6,9,11,768000,14,10,7,2026,16,3,2030,11,2014,National Draft,Half Back Flanker,"defensive profile: Half Back Flanker:12.23, Intercept Defender:8.44, Key Defender:2.05, Back Pocket:-0.64",76,77,22,401,289,112,132,44,9,1,0,3,79,303,60,0.047,"2021,2022,2023,2024,2025,2026",0,0,,,,
1597,West Coast,West Coast,17,21,Harley,Reid,NSW,76,17,4,2005,194,91,63,66,90,66,87,95,95,75,94,63,72,83,83,78,74,90,81,91,70,73,91,86,40,58,93,49,92,79,27,57,99,57,16,28,26,20,40,19,37,22,34,40,24,40,42,36,21,14,16,2,17,13,9,14,14,16,13,17,9,6,13,8,799000,9,9,10,2023,11,3,2028,1,2023,National Draft,Hybrid Mid Forward,Strong in both midfield (mid_c=3.98) and forward (fwd_c=1.07) signals,86,110,23,566,267,299,45,75,151,15,0,4,308,273,25,-1.308,"2024,2025,2026",0,0,,,,
1598,West Coast,West Coast,17,32,Tim,Kelly,VIC,78,26,7,1994,180,79,63,63,86,74,79,81,78,75,89,63,73,76,76,77,69,88,78,75,77,70,91,82,70,64,81,51,52,64,17,55,66,68,25,22,19,18,27,25,43,21,25,17,36,35,46,38,32,10,10,12,11,5,12,13,8,1,3,6,9,2,6,15,681000,11,14,4,2023,10,10,2029,24,2017,National Draft,Inside Mid,"midfield profile: Inside Mid:6.99, Outside Mid:0.78",81,82,21,504,246,258,85,71,100,2,0,0,200,305,15,-0.667,"2021,2022,2023,2024,2025,2026",0,0,,,,
1599,West Coast,West Coast,17,28,Jack,Graham,SA,92,25,2,1998,185,84,61,63,93,70,74,91,92,82,84,61,82,71,71,72,69,80,69,72,81,71,96,76,71,70,83,58,84,71,32,62,70,52,28,29,29,21,39,38,59,21,23,20,57,52,54,57,37,9,14,12,3,3,15,1,6,7,8,1,14,13,3,15,1105000,17,21,1,2024,17,4,2027,53,2016,National Draft,Inside Mid,"midfield profile: Inside Mid:13.52, Outside Mid:1.47",80,82,13,236,128,108,29,81,38,4,0,0,94,149,3,-0.198,"2021,2022,2023,2024,2025,2026",0,0,,,,
1600,West Coast,West Coast,17,23,Brady,Hough,VIC,94,5,3,2003,179,79,68,64,69,73,73,69,69,70,71,68,70,72,72,72,68,72,77,71,70,81,101,71,85,88,45,53,50,80,18,49,42,51,23,33,31,25,67,65,30,23,28,36,32,35,42,54,63,12,2,9,6,6,11,13,13,13,3,2,3,6,4,5,500000,19,22,12,2026,28,9,2028,31,2021,National Draft,Outside Mid,"midfield profile: Outside Mid:1.36, Inside Mid:0.51",65,72,23,292,157,135,100,58,15,6,0,2,81,218,44,0.607,"2022,2023,2024,2025,2026",0,0,,,,
1601,West Coast,West Coast,17,22,Elijah,Hewett,NSW,82,27,5,2004,185,85,63,64,84,70,74,81,80,76,82,63,74,71,71,72,70,78,69,71,76,78,89,75,66,80,79,58,52,54,25,55,57,62,25,25,32,29,35,30,52,34,31,31,55,62,55,57,43,4,4,13,4,2,3,8,8,12,7,6,10,7,4,13,626000,8,2,12,2023,28,10,2029,14,2022,National Draft,Inside Mid,"midfield profile: Inside Mid:7.21, Outside Mid:-2.18",72,76,6,69,33,36,17,16,6,0,0,1,24,45,1,0.86,"2023,2024,2026",0,0,,,,
1602,West Coast,West Coast,17,21,Reuben,Ginbey,TAS,83,10,9,2004,187,83,79,68,65,73,66,65,64,64,66,79,79,71,71,69,62,63,72,89,70,74,95,66,99,82,98,61,47,93,6,51,34,56,26,51,62,22,30,42,25,26,22,32,25,32,27,21,42,11,3,10,3,4,6,7,5,4,11,11,12,14,7,13,548000,7,11,2,2024,11,2,2026,9,2022,National Draft,Intercept Defender,"defensive profile: Intercept Defender:9.08, Key Defender:6.87, Half Back Flanker:6.56, Back Pocket:4.49",68,69,13,171,107,64,57,28,4,0,0,8,70,98,80,0.138,"2023,2024,2025,2026",0,0,,,,
1603,West Coast,West Coast,17,29,Tom,Cole,TAS,76,28,5,1997,185,82,72,65,67,69,70,68,69,67,66,72,72,71,71,69,66,68,71,74,70,79,91,68,89,65,99,50,52,36,34,52,47,63,29,32,54,50,20,40,30,24,24,29,29,31,26,24,32,9,3,3,9,3,2,4,3,8,11,13,7,7,13,3,574000,28,11,6,2024,9,12,2029,36,2015,National Draft,Medium Defender,"defensive profile: Half Back Flanker:4.00, Intercept Defender:3.87, Key Defender:2.51, Back Pocket:1.38 -> fallback Medium Defender (no standout)",64,65,17,210,124,86,66,42,10,9,0,3,66,147,25,0.588,"2021,2023,2024,2025,2026",0,0,,,,
1604,West Coast,West Coast,17,34,Jamie,Cripps,WA,92,23,4,1992,180,80,65,67,65,67,68,64,65,70,61,65,66,66,66,61,74,68,55,74,69,54,99,69,44,69,66,57,43,56,21,59,42,52,21,23,30,19,54,35,39,27,35,47,19,43,29,24,18,13,6,14,12,13,6,8,14,15,11,14,4,2,6,13,432000,15,23,5,2026,18,10,2030,24,2010,National Draft,Small Forward,"forward profile: Small Forward:3.97, Key Forward:1.64, Pressure Forward:0.24",57,58,5,51,31,20,17,9,2,4,0,0,15,35,5,-0.598,"2021,2022,2023,2024,2025,2026",0,0,,,,
1605,West Coast,West Coast,17,26,Tom,McCarthy,WA,90,12,7,2000,188,87,72,66,66,80,79,65,66,67,67,72,67,82,82,74,65,74,74,80,68,75,93,80,64,94,56,54,45,66,22,48,46,57,32,28,25,33,47,36,22,21,30,19,20,30,21,39,55,10,13,2,2,2,4,14,14,9,10,11,10,5,2,3,862000,45,14,3,2024,9,6,2026,1,2024,Mid-Season Draft,Half Back Flanker,"defensive profile: Half Back Flanker:13.83, Intercept Defender:8.62, Key Defender:2.09, Back Pocket:-1.31",73,75,22,496,378,118,125,47,22,1,0,9,101,295,33,,,0,0,,,,
1606,West Coast,West Coast,17,28,Matt,Flynn,NSW,98,13,9,1997,206,105,71,99,81,63,63,84,83,72,79,71,77,66,66,87,68,69,72,69,74,104,61,70,48,73,85,54,57,69,9,44,60,51,28,45,31,21,20,27,28,58,28,27,31,22,29,42,19,13,3,8,10,8,4,14,15,3,1,4,11,11,7,5,768000,25,13,8,2024,9,3,2027,37,2025,National Draft,Ruck,Dominant hitouts (24.6/game),82,82,4,39,16,23,3,17,15,1,75,1,27,15,8,-0.701,"2021,2022,2023,2024,2025,2026",0,0,,,,
1607,West Coast,West Coast,17,23,Tyler,Brockman,WA,83,22,11,2002,174,77,65,69,68,68,69,67,68,71,65,65,67,68,68,67,73,68,68,72,70,50,90,68,99,77,62,54,53,2,3,62,51,59,31,22,26,27,52,35,38,25,37,50,23,41,24,19,18,8,11,13,8,12,2,8,5,8,5,3,2,14,5,6,370000,10,6,7,2023,10,2,2025,46,2020,National Draft,Small Forward,"forward profile: Small Forward:2.17, Pressure Forward:1.21, Key Forward:0.02",60,64,20,228,112,116,49,55,32,14,0,5,107,124,23,-0.049,"2021,2023,2024,2025,2026",0,0,Delisted,2026,delisted,draftguru.com.au 2024-2026 retirements/delistings (year/type sub-classification not preserved in this round's flat source list)
1608,West Coast,West Coast,17,29,Liam,Ryan,WA,96,2,10,1996,185,84,66,72,65,67,67,65,65,71,61,66,64,66,66,66,77,64,72,71,67,72,84,67,67,99,84,62,42,51,5,63,41,68,26,17,22,18,19,27,24,19,33,35,20,14,23,23,24,17,10,3,12,7,18,14,8,16,14,8,14,14,9,12,500000,1,19,3,2023,27,9,2028,26,2017,National Draft,Medium Forward,"forward profile: Small Forward:3.55, Key Forward:3.24, Pressure Forward:-0.91 -> fallback Medium Forward (no standout)",60,61,17,132,101,31,39,17,4,33,0,7,58,78,11,-0.29,"2021,2022,2023,2024,2025,2026",0,0,,,,
1609,West Coast,West Coast,17,24,Jack,Hutchinson,ACT,78,10,11,2001,188,83,64,66,69,68,66,68,68,67,67,64,69,66,66,64,64,66,61,67,72,79,104,65,74,79,58,56,48,57,51,48,42,47,28,31,48,65,33,33,47,32,24,21,33,29,29,28,29,9,10,14,12,4,5,14,7,9,3,14,15,5,10,5,477000,44,6,8,2024,28,2,2029,3,2023,Mid-Season Draft,Back Pocket,"defensive profile: Back Pocket:1.23, Half Back Flanker:0.36, Intercept Defender:0.26, Key Defender:0.19",56,60,6,41,19,22,10,21,4,3,0,1,22,19,5,-0.063,"2024,2025,2026",0,0,,,,
1610,West Coast,West Coast,17,21,Clay,Hall,NSW,86,12,5,2005,186,85,64,65,87,72,76,83,81,77,86,64,76,73,73,75,71,82,73,73,78,76,95,78,40,80,78,44,55,48,31,56,57,61,42,27,31,36,38,45,71,29,29,27,86,72,82,73,47,8,11,6,9,6,2,6,9,2,2,10,2,2,5,8,548000,29,10,11,2024,25,7,2026,38,2023,National Draft,Inside Mid,"midfield profile: Inside Mid:6.34, Outside Mid:-2.31",78,81,13,211,83,128,29,37,38,2,0,0,97,119,11,3.169,"2024,2025,2026",0,0,,,,
1611,West Coast,West Coast,17,22,Tyrell,Dewar,QLD,83,27,3,2004,186,84,71,65,65,79,78,65,67,67,67,71,67,81,81,74,66,74,73,78,68,72,94,79,80,75,81,50,40,47,32,49,58,63,21,19,24,28,44,38,28,25,24,32,25,23,25,31,49,7,4,14,4,9,13,6,1,10,6,15,7,4,14,13,411000,43,28,7,2026,19,8,2029,46,2022,National Draft,Half Back Flanker,"defensive profile: Half Back Flanker:3.48, Intercept Defender:-0.02, Back Pocket:-1.31, Key Defender:-1.31",71,74,16,204,145,59,54,11,3,5,0,1,43,157,12,0.237,"2024,2025,2026",0,0,,,,
1612,West Coast,West Coast,17,31,Jayden,Hunt,WA,73,3,4,1995,188,89,72,70,67,74,71,68,69,68,68,72,74,73,73,71,67,68,71,79,71,77,91,70,67,49,99,45,49,35,29,51,53,68,18,41,36,42,18,41,25,28,21,20,24,26,21,26,24,2,7,2,10,7,2,5,12,9,9,6,13,3,8,7,313000,5,4,4,2026,23,5,2028,57,2013,National Draft,Medium Defender,"defensive profile: Back Pocket:-0.34, Key Defender:-1.02, Half Back Flanker:-1.47, Intercept Defender:-2.01 -> fallback Medium Defender (no standout)",70,71,15,184,101,83,30,25,18,5,0,0,61,118,18,0.592,"2021,2022,2023,2024,2025",0,0,Delisted,2026,delisted,draftguru.com.au 2024-2026 retirements/delistings (year/type sub-classification not preserved in this round's flat source list)
1613,West Coast,West Coast,17,23,Sandy,Brock,VIC,76,14,12,2002,188,84,79,67,63,73,67,66,67,63,64,79,75,71,71,71,62,64,74,88,67,74,101,67,93,75,64,53,34,79,4,47,42,55,30,49,58,25,30,46,23,31,21,21,34,29,34,26,42,13,13,9,3,2,1,5,7,4,1,14,13,8,7,9,332000,41,25,7,2023,5,9,2028,25,2021,Rookie Draft,Intercept Defender,"defensive profile: Intercept Defender:9.79, Key Defender:9.01, Back Pocket:5.22, Half Back Flanker:1.38",68,68,6,51,30,21,20,8,2,0,0,2,17,38,25,,,0,0,,,,
1614,West Coast,West Coast,17,25,Harry,Edwards,NSW,77,1,10,2000,200,98,70,69,60,64,58,63,63,61,58,70,74,63,63,61,61,53,62,79,67,92,59,58,81,88,68,55,42,72,17,55,22,55,26,33,38,40,26,20,26,20,19,14,19,26,16,18,14,8,7,8,11,10,17,5,7,9,10,5,9,4,6,7,574000,42,15,1,2023,21,5,2028,60,2020,National Draft,Key Defender,"defensive profile: Key Defender:11.52, Intercept Defender:9.84, Back Pocket:6.06, Half Back Flanker:-0.85",53,56,2,1,1,0,0,2,0,0,0,0,2,1,3,-0.363,"2021,2022,2023,2024,2025,2026",0,0,,,,
1615,West Coast,West Coast,17,29,Matthew,Owies,VIC,92,19,3,1997,190,91,67,70,67,66,67,67,68,70,65,67,66,66,66,67,72,67,70,70,69,69,86,66,84,61,83,53,42,53,18,56,45,63,40,23,18,20,27,36,33,22,33,31,19,21,17,21,21,7,11,7,16,2,5,2,2,12,11,15,7,6,16,7,296000,16,2,9,2023,4,10,2025,48,2022,National Draft,Medium Forward,"forward profile: Key Forward:0.97, Small Forward:0.61, Pressure Forward:0.56 -> fallback Medium Forward (no standout)",57,57,3,24,18,6,10,10,0,2,0,3,12,14,3,-0.514,"2021,2022,2023,2024,2025,2026",0,0,,,,
1616,West Coast,West Coast,17,26,Bailey J.,Williams,SA,87,17,4,2000,198,97,79,87,70,63,62,73,72,69,69,79,69,63,63,72,72,64,69,66,69,89,56,67,93,83,75,62,49,59,32,48,60,65,20,42,27,21,26,18,27,42,40,25,26,27,25,28,22,11,3,12,12,6,7,3,10,7,11,11,4,4,8,13,370000,32,21,5,2025,4,5,2030,35,2018,National Draft,Hybrid Key Forward Ruck,"Ruck minutes (14.7 HO/g) plus forward output (CM/g=0.62, GL/g=0.69)",70,71,19,251,141,110,39,57,99,8,570,21,188,71,50,,,0,0,,,,
1617,West Coast,West Coast,17,34,Jeremy,McGovern,WA,88,15,4,1992,188,87,82,71,67,77,70,69,70,67,68,82,79,75,75,74,67,68,76,88,70,77,95,72,71,94,88,53,52,17,26,60,64,65,25,48,54,25,25,45,31,21,28,27,19,28,27,26,35,11,11,5,12,6,11,9,9,10,9,6,3,7,8,7,454000,20,3,2,2024,8,9,2030,43,2022,National Draft,Intercept Defender,"defensive profile: Intercept Defender:13.91, Key Defender:9.63, Half Back Flanker:9.06, Back Pocket:2.59",74,74,6,107,73,34,30,6,2,0,0,6,28,49,30,0.355,"2021,2022,2023,2024,2025",0,0,Delisted,2026,delisted,draftguru.com.au 2024-2026 retirements/delistings (year/type sub-classification not preserved in this round's flat source list)
1618,West Coast,West Coast,17,27,Oscar,Allen,SA,91,19,3,1999,197,93,75,77,62,67,62,64,64,67,58,75,64,62,62,65,77,61,67,63,68,94,55,67,88,73,78,63,46,58,6,57,35,52,47,47,25,22,29,38,19,24,47,29,17,23,26,22,28,11,16,15,8,5,6,5,9,2,2,3,3,12,3,1,411000,12,8,1,2023,21,1,2029,21,2017,National Draft,Key Forward,"forward profile: Key Forward:4.37, Small Forward:2.28, Pressure Forward:-0.83",61,63,11,88,68,20,39,14,4,19,10,4,31,57,10,-0.664,"2021,2023,2024,2025,2026",0,0,,,,
1619,West Coast,West Coast,17,22,Jack,Williams,WA,82,1,7,2004,202,101,77,78,65,65,63,67,67,70,62,77,65,62,62,66,76,62,70,65,68,96,69,68,75,70,78,49,43,35,41,53,41,44,67,88,38,31,38,56,42,31,71,40,29,26,36,26,33,3,7,5,9,2,4,8,5,5,7,3,11,1,4,8,411000,34,7,4,2025,12,6,2029,57,2021,National Draft,Key Forward,"forward profile: Key Forward:8.72, Small Forward:1.42, Pressure Forward:-3.62",63,69,12,114,64,50,35,24,15,9,46,9,56,62,14,2.746,"2022,2023,2024,2025,2026",0,0,,,,
1620,West Coast,West Coast,17,20,Hamish,Davis,TAS,93,2,5,2006,178,77,64,65,85,72,75,81,79,76,84,64,75,72,72,74,71,80,74,72,78,82,103,76,78,71,73,55,37,60,58,47,40,52,28,33,25,35,30,41,60,28,31,27,67,63,65,68,55,12,7,5,7,10,7,10,3,8,1,13,13,4,12,8,262000,38,1,3,2023,26,4,2027,65,2024,National Draft,Inside Mid,"midfield profile: Inside Mid:-2.19, Outside Mid:-4.22",75,82,21,289,141,148,67,45,21,2,0,3,102,190,23,,,0,0,,,,
1621,West Coast,West Coast,17,28,Jake,Waterman,VIC,98,6,5,1998,192,88,84,81,60,68,65,62,63,67,59,84,61,63,63,69,81,65,79,68,65,94,59,71,82,91,89,54,39,66,28,55,47,56,56,61,34,28,25,50,33,30,52,26,26,25,22,22,33,2,12,12,10,5,4,8,5,9,12,11,11,6,10,10,500000,2,1,8,2026,20,9,2029,77,2016,National Draft,Key Forward,"forward profile: Key Forward:12.76, Small Forward:6.06, Pressure Forward:-7.16",70,72,23,282,221,61,141,28,2,49,0,19,81,195,19,0.334,"2021,2022,2023,2024,2025,2026",0,0,,,,
1622,West Coast,West Coast,17,20,Archer,Reid,VIC,98,19,9,2005,200,101,78,86,68,63,62,71,71,69,68,78,68,62,62,70,73,63,67,64,68,101,62,66,78,66,56,66,35,82,47,44,37,51,27,46,44,25,20,28,28,55,46,26,30,24,22,24,26,5,11,13,6,7,10,9,4,14,9,5,5,13,12,11,313000,22,20,9,2025,14,8,2029,30,2023,National Draft,Hybrid Key Forward Ruck,"Ruck minutes (5.2 HO/g) plus forward output (CM/g=0.79, GL/g=0.36)",68,73,6,36,21,15,14,7,5,3,24,5,20,16,6,,,0,0,,,,
1623,West Coast,West Coast,17,22,Rhett,Bazzo,WA,88,17,10,2003,195,90,78,70,62,66,61,66,66,62,64,78,79,65,65,66,61,58,68,86,66,98,62,62,50,53,69,44,49,25,26,63,46,54,16,36,42,45,26,21,27,26,28,17,28,16,23,23,19,13,4,12,8,7,2,1,12,9,7,6,7,1,8,4,454000,33,3,5,2024,1,1,2029,37,2021,National Draft,Key Defender,"defensive profile: Key Defender:7.23, Intercept Defender:6.53, Back Pocket:4.35, Half Back Flanker:-0.87",62,67,14,164,73,91,68,17,0,0,0,7,60,106,92,-0.307,"2022,2023,2024,2025,2026",0,0,,,,
1624,West Coast,West Coast,17,21,Noah,Long,VIC,82,23,8,2004,189,85,67,71,67,67,68,67,68,70,65,67,67,67,67,66,71,67,69,71,70,81,99,67,47,71,83,50,38,50,36,46,30,51,40,23,30,21,30,41,33,21,38,38,18,26,28,30,28,16,7,7,16,2,12,13,9,8,8,9,6,3,12,6,216000,13,25,3,2024,20,12,2030,58,2022,National Draft,Medium Forward,"forward profile: Small Forward:0.76, Pressure Forward:0.40, Key Forward:-1.83 -> fallback Medium Forward (no standout)",57,63,10,76,40,36,18,20,7,3,0,0,24,57,8,-1.0,"2023,2024,2025,2026",0,0,Injured,2026,knee (season-ending),"SEN Injury Hub 04/08/2026 (cross-checked AFL.com.au Medical Room, Sep 23 2026)"
1625,West Coast,West Coast,17,19,Tom,Gross,TAS,98,15,9,2006,188,89,64,65,87,72,76,83,81,77,86,64,76,73,73,74,71,82,73,72,78,79,99,78,67,92,66,52,49,70,74,54,22,56,25,29,20,30,27,31,56,21,27,26,59,51,62,64,41,10,7,11,5,14,13,14,11,13,9,2,13,7,11,12,246000,27,16,12,2025,18,5,2031,46,2024,National Draft,Inside Mid,"midfield profile: Inside Mid:-2.13, Outside Mid:-3.52",78,82,4,40,21,19,10,11,1,2,0,0,16,27,1,,,0,0,,,,
1626,West Coast,West Coast,17,20,Jobe,Shanahan,TAS,99,2,8,2006,191,91,80,79,63,65,63,65,66,68,61,80,65,63,63,67,77,62,74,65,68,106,66,68,77,70,70,63,37,62,21,51,39,54,58,61,32,28,28,50,27,26,56,31,33,31,32,25,27,6,7,12,2,5,12,12,9,2,13,6,14,3,2,10,454000,35,2,8,2023,24,7,2027,30,2024,National Draft,Key Forward,"forward profile: Key Forward:11.33, Small Forward:1.45, Pressure Forward:-4.95",65,73,23,198,128,70,102,32,1,29,0,30,93,113,43,,,0,0,,,,
1627,West Coast,West Coast,17,23,Campbell,Chesser,WA,73,27,4,2003,185,85,69,65,72,74,78,70,71,72,74,69,69,75,75,71,70,78,67,73,69,71,89,76,67,70,53,57,42,27,22,57,65,56,34,24,31,28,74,50,42,24,26,31,25,37,44,43,65,3,10,5,3,10,6,11,11,5,11,8,10,4,12,2,500000,18,14,10,2026,28,10,2028,14,2021,National Draft,Outside Mid,"midfield profile: Outside Mid:2.47, Inside Mid:1.70",68,71,3,46,23,23,12,10,2,0,0,0,10,36,5,1.654,"2023,2024,2025,2026",0,0,,,,
1628,West Coast,West Coast,17,20,Bo,Allan,WA,76,16,2,2006,180,77,65,65,68,69,68,68,68,66,67,65,69,68,68,65,65,67,64,67,71,74,91,67,62,84,77,47,38,50,36,59,58,61,33,26,44,53,27,28,38,28,22,21,22,27,29,25,21,10,5,11,11,1,8,12,11,11,6,6,6,12,7,5,150000,26,23,11,2026,11,8,2032,16,2024,National Draft,Back Pocket,"defensive profile: Back Pocket:1.01, Key Defender:0.01, Intercept Defender:-3.12, Half Back Flanker:-4.02",56,60,19,247,143,104,60,39,21,5,0,9,96,154,17,,,0,0,,,,
1629,West Coast,West Coast,17,20,Lucca,Grego,NSW,84,1,7,2006,192,91,79,71,62,67,60,66,66,62,63,79,78,65,65,66,61,58,69,86,67,93,64,63,98,73,85,50,29,42,21,50,45,51,29,47,58,61,30,39,26,29,23,25,20,27,26,22,25,15,14,15,4,4,13,2,2,3,5,9,10,6,13,12,626000,31,28,5,2026,6,12,2031,48,2024,National Draft,Key Defender,"defensive profile: Key Defender:7.45, Intercept Defender:4.93, Half Back Flanker:2.39, Back Pocket:-0.26",63,63,1,14,9,5,5,1,1,0,0,2,6,5,1,,,0,0,,,,
1630,West Coast,West Coast,17,20,Malakai,Champion,SA,86,17,5,2006,189,89,67,70,67,66,67,67,67,70,64,67,66,66,66,66,72,66,69,70,69,69,91,66,67,63,78,50,26,40,62,55,43,59,29,24,26,29,25,35,21,20,43,39,27,17,28,27,28,5,11,5,4,14,13,2,2,10,4,9,5,8,4,2,140000,37,4,1,2026,28,1,2028,62,2021,National Draft,Medium Forward,"forward profile: Small Forward:-1.38, Key Forward:-2.20, Pressure Forward:-3.12 -> fallback Medium Forward (no standout)",57,59,8,59,28,31,15,16,5,4,0,1,28,37,7,,,0,0,,,,
1631,West Coast,West Coast,17,27,Jack,Petruccelle,WA,97,12,4,1999,172,70,65,70,68,68,69,68,68,71,66,65,67,68,68,67,72,68,68,72,70,49,94,68,56,93,73,53,40,60,86,44,28,62,33,33,28,31,59,38,49,30,42,54,20,45,23,31,23,12,2,15,13,13,13,13,2,13,13,15,9,6,13,6,140000,21,3,11,2026,7,1,2031,38,2017,National Draft,Small Forward,"forward profile: Small Forward:1.81, Key Forward:-0.45, Pressure Forward:-0.51",60,62,2,7,5,2,3,3,0,1,0,0,2,5,1,0.069,"2021,2022,2023,2024,2025",0,0,Delisted,2026,delisted,draftguru.com.au 2024-2026 retirements/delistings (year/type sub-classification not preserved in this round's flat source list)
1632,West Coast,West Coast,17,20,Jacob,Newton,NT,72,20,3,2006,190,89,67,70,67,66,67,67,67,70,65,67,66,66,66,66,72,66,70,70,69,74,96,66,62,80,92,58,33,73,46,50,35,48,43,25,30,30,17,36,27,18,39,42,26,29,20,26,28,15,10,2,4,2,12,10,2,3,10,9,5,3,2,14,140000,46,9,4,2024,2,6,2029,64,2022,National Draft,Medium Forward,"forward profile: Key Forward:0.17, Small Forward:0.10, Pressure Forward:-1.13 -> fallback Medium Forward (no standout)",57,59,3,21,12,9,2,7,3,1,0,0,11,11,0,,,0,0,,,,
1633,Western Bulldogs,Western Bulldogs,18,30,Bailey,Dale,QLD,87,22,7,1996,186,85,74,65,65,86,81,64,66,68,70,74,64,87,87,77,69,76,76,85,65,74,94,86,71,43,95,51,41,42,1,52,57,61,21,27,32,25,50,52,25,27,23,31,24,29,32,36,60,4,3,14,14,15,1,2,12,3,6,10,7,2,14,3,928000,31,5,8,2023,14,4,2029,45,2014,National Draft,Half Back Flanker,"defensive profile: Half Back Flanker:15.33, Intercept Defender:9.45, Key Defender:1.68, Back Pocket:-3.44",83,84,19,510,386,124,90,28,13,2,0,5,97,259,30,0.035,"2021,2022,2023,2024,2025,2026",0,0,,,,
1634,Western Bulldogs,Western Bulldogs,18,34,Tom,Liberatore,WA,74,16,5,1992,182,81,62,63,96,77,77,87,79,82,97,62,80,74,74,74,74,87,66,75,85,72,94,81,82,83,59,59,59,66,24,45,45,57,20,26,18,28,34,34,46,32,27,26,49,46,55,50,36,13,4,11,3,9,7,12,4,5,14,12,9,5,6,12,1558000,21,11,4,2026,20,9,2029,41,2010,National Draft,Inside Mid,"midfield profile: Inside Mid:20.23, Outside Mid:3.39",87,88,11,264,116,148,33,45,63,2,0,0,111,151,10,-0.068,"2021,2022,2023,2024,2025,2026",0,0,,,,
1635,Western Bulldogs,Western Bulldogs,18,27,Ed,Richards,TAS,97,3,7,1999,188,87,66,66,89,79,93,84,82,85,87,66,75,88,88,79,83,97,82,101,78,76,87,97,58,66,76,58,51,72,14,52,67,67,25,33,34,37,40,30,40,26,49,44,21,47,44,50,30,11,4,2,11,1,8,1,4,5,7,6,8,1,12,7,1513000,20,28,5,2023,18,10,2028,16,2017,National Draft,Hybrid Mid Forward,Strong in both midfield (mid_c=7.22) and forward (fwd_c=1.53) signals,96,98,23,597,397,200,84,102,139,20,0,2,240,356,26,1.538,"2021,2022,2023,2024,2025,2026",0,0,,,,
1636,Western Bulldogs,Western Bulldogs,18,29,Matthew,Kennedy,VIC,96,1,7,1997,195,95,70,68,88,73,78,85,85,80,86,70,75,74,74,78,76,86,83,86,77,77,99,84,66,68,71,58,61,20,1,53,76,48,27,29,24,23,41,23,53,20,41,46,30,42,48,42,25,6,6,8,9,7,13,1,10,11,6,11,6,2,5,11,1032000,8,20,11,2026,8,9,2032,13,2015,National Draft,Hybrid Mid Forward,Strong in both midfield (mid_c=5.87) and forward (fwd_c=1.83) signals,82,83,24,554,292,262,98,109,115,11,8,4,228,304,13,-0.28,"2021,2022,2023,2024,2025,2026",0,0,,,,
1637,Western Bulldogs,Western Bulldogs,18,30,Marcus,Bontempelli,SA,93,24,11,1995,191,91,72,69,96,78,89,87,82,94,96,72,84,83,83,80,92,100,83,104,82,80,99,95,88,61,66,68,57,55,31,53,68,66,28,31,34,25,40,28,54,25,45,50,28,46,50,44,25,15,4,4,5,8,9,2,13,13,13,14,14,9,12,3,1997000,4,12,2,2024,16,12,2026,4,2013,National Draft,Hybrid Mid Forward,Strong in both midfield (mid_c=7.72) and forward (fwd_c=2.11) signals,110,110,23,611,310,301,97,94,132,31,4,6,261,367,64,0.196,"2021,2022,2023,2024,2025,2026",0,0,,,,
1638,Western Bulldogs,Western Bulldogs,18,28,Bailey,Williams,WA,72,10,10,1997,183,79,71,87,74,68,68,75,74,69,73,71,70,72,72,83,68,71,76,73,71,79,99,70,76,60,88,53,41,74,27,52,50,50,28,20,30,32,50,38,20,28,22,32,27,24,23,32,49,8,11,13,9,9,5,13,12,2,6,6,4,10,7,7,709000,34,20,1,2026,21,9,2032,48,2015,National Draft,Half Back Flanker,"defensive profile: Half Back Flanker:5.80, Intercept Defender:3.72, Key Defender:0.63, Back Pocket:-1.38",69,71,19,383,228,155,108,34,17,7,0,4,99,269,20,,,0,0,,,,
1639,Western Bulldogs,Western Bulldogs,18,20,Joel,Freijah,VIC,77,14,11,2005,178,82,65,65,86,71,75,84,83,79,85,65,76,72,72,75,72,81,77,72,77,75,91,77,75,71,87,46,53,46,6,53,70,55,19,24,21,22,30,28,56,23,32,21,57,57,59,63,44,8,7,3,13,9,10,5,5,12,4,9,4,11,5,4,709000,27,12,6,2024,28,5,2027,45,2023,National Draft,Inside Mid,"midfield profile: Inside Mid:5.03, Outside Mid:3.45",77,83,24,461,243,218,93,92,93,11,0,2,186,279,41,0.458,"2024,2025,2026",0,0,,,,
1640,Western Bulldogs,Western Bulldogs,18,28,Tim,English,WA,92,10,8,1997,203,102,78,102,79,68,67,81,78,74,77,78,79,68,68,89,71,72,72,70,76,91,61,74,77,87,66,74,55,33,28,47,44,62,26,43,42,25,31,28,31,58,23,31,22,30,28,32,22,13,9,2,13,10,6,9,8,3,5,3,10,10,7,12,996000,44,8,10,2023,7,12,2025,19,2016,National Draft,Ruck,Dominant hitouts (30.3/game),91,92,16,241,127,114,73,43,40,6,375,10,114,140,51,0.487,"2021,2022,2023,2024,2025,2026",0,0,,,,
1641,Western Bulldogs,Western Bulldogs,18,28,Lachlan,Bramble,NSW,89,19,4,1998,183,82,71,65,65,79,78,65,66,67,67,71,67,81,81,74,66,74,74,77,68,71,92,78,70,72,70,57,40,97,34,58,37,66,16,27,23,20,47,38,23,29,16,18,22,26,26,30,41,3,3,11,11,9,3,14,5,15,8,10,11,9,7,2,548000,29,7,9,2025,9,8,2030,35,2022,National Draft,Half Back Flanker,"defensive profile: Half Back Flanker:5.51, Intercept Defender:2.37, Key Defender:0.05, Back Pocket:-1.47",71,72,24,400,252,148,82,42,21,4,0,3,92,253,22,-0.343,"2021,2022,2023,2024,2025,2026",0,0,,,,
1642,Western Bulldogs,Western Bulldogs,18,21,Ryley,Sanders,QLD,73,1,7,2005,193,93,67,68,84,74,80,81,79,78,86,67,72,75,75,76,76,85,80,84,76,81,96,80,74,86,87,52,49,39,31,59,54,47,24,23,29,26,42,25,54,30,45,54,30,57,61,52,22,10,10,13,1,13,13,10,12,9,3,9,13,5,14,11,548000,9,27,1,2023,10,2,2027,6,2023,National Draft,Hybrid Mid Forward,Strong in both midfield (mid_c=1.49) and forward (fwd_c=0.52) signals,78,85,22,515,193,322,75,85,79,4,0,5,180,335,10,0.279,"2024,2025,2026",0,0,,,,
1643,Western Bulldogs,Western Bulldogs,18,26,Rhylee,West,QLD,94,12,7,2000,190,90,66,70,79,69,75,79,78,79,78,66,71,71,71,74,78,78,81,80,73,76,98,76,59,66,57,50,63,57,20,58,53,61,35,28,27,32,55,31,52,38,57,70,24,50,62,51,28,4,4,2,4,2,6,11,9,9,4,2,3,2,5,5,548000,14,13,5,2025,27,1,2031,26,2018,National Draft,Hybrid Mid Forward,Strong in both forward (fwd_c=4.35) and midfield (mid_c=0.83) signals,73,77,23,316,168,148,76,65,28,18,0,4,139,185,23,1.836,"2021,2022,2023,2024,2025,2026",0,0,,,,
1644,Western Bulldogs,Western Bulldogs,18,24,Sam,Davidson,VIC,74,1,7,2002,189,90,67,70,66,67,68,66,67,70,64,67,67,67,67,67,71,67,70,70,70,74,92,67,75,59,95,43,52,55,16,62,44,61,31,17,16,27,22,32,22,29,35,36,18,29,27,16,23,8,1,2,14,2,14,11,6,8,8,3,6,14,1,6,524000,42,11,2,2026,2,10,2032,51,2024,National Draft,Medium Forward,"forward profile: Small Forward:0.92, Key Forward:0.80, Pressure Forward:0.15 -> fallback Medium Forward (no standout)",57,60,17,216,135,81,55,42,13,8,0,6,64,159,21,,,0,0,,,,
1645,Western Bulldogs,Western Bulldogs,18,33,Rory,Lobb,ACT,83,9,2,1993,186,83,83,77,68,68,64,69,68,66,65,83,80,67,67,72,64,62,77,84,72,74,99,64,61,67,75,56,46,54,5,49,46,49,29,31,44,50,19,41,25,22,19,31,24,26,28,20,19,6,14,2,13,9,13,4,15,12,13,12,5,13,5,4,574000,7,6,10,2026,13,10,2031,29,2013,National Draft,Medium Defender,"defensive profile: Key Defender:11.54, Intercept Defender:11.31, Back Pocket:5.45, Half Back Flanker:0.89 -> fallback Medium Defender (no standout)",75,76,21,227,144,83,87,62,26,5,209,20,108,120,100,-0.638,"2021,2022,2023,2024,2025,2026",0,0,,,,
1646,Western Bulldogs,Western Bulldogs,18,33,Jason,Johannisen,VIC,98,8,11,1992,183,81,75,69,68,81,81,68,69,70,70,74,69,83,83,77,70,76,75,80,71,77,94,81,99,70,87,47,39,34,20,48,36,61,24,34,26,34,50,50,25,34,25,29,35,25,26,47,64,6,4,11,12,10,10,12,1,5,12,1,9,12,7,12,548000,39,5,8,2025,27,9,2028,38,2023,National Draft,Half Back Flanker,"defensive profile: Half Back Flanker:7.38, Intercept Defender:4.11, Key Defender:0.88, Back Pocket:-1.11",77,78,16,273,205,68,73,21,10,2,0,4,51,205,19,1.017,"2021,2022,2023,2024,2025",0,0,Delisted,2026,delisted,draftguru.com.au 2024-2026 retirements/delistings (year/type sub-classification not preserved in this round's flat source list)
1647,Western Bulldogs,Western Bulldogs,18,26,Aaron,Naughton,VIC,78,30,11,1999,196,93,87,84,66,67,63,66,65,72,65,87,64,62,62,70,86,64,80,66,68,98,66,70,71,92,53,61,45,37,30,51,46,61,56,60,28,20,30,40,28,19,47,21,27,29,31,28,26,13,8,11,9,12,2,2,15,11,4,2,4,5,12,9,928000,33,21,9,2025,12,5,2031,9,2017,National Draft,Key Forward,"forward profile: Key Forward:18.68, Small Forward:6.01, Pressure Forward:-6.64",76,80,23,260,166,94,110,32,2,50,2,34,125,132,34,-0.147,"2021,2022,2023,2024,2025,2026",0,0,,,,
1648,Western Bulldogs,Western Bulldogs,18,23,Sam,Darcy,VIC,76,19,7,2003,205,106,84,88,71,61,61,76,77,71,70,84,68,62,62,67,78,64,61,65,67,82,61,68,52,44,60,70,49,50,1,53,65,60,35,47,42,33,25,31,30,50,43,26,19,31,22,19,19,11,11,7,11,5,5,4,5,13,4,2,10,5,11,5,1383000,10,14,9,2026,25,6,2029,2,2021,National Draft,Hybrid Key Forward Ruck,"Ruck minutes (3.6 HO/g) plus forward output (CM/g=3.12, GL/g=2.82)",76,91,6,69,44,25,21,11,5,12,27,10,41,29,12,2.973,"2022,2023,2024,2025,2026",0,0,,,,
1649,Western Bulldogs,Western Bulldogs,18,23,James,O'Donnell,VIC,72,31,8,2002,199,95,76,69,61,68,61,65,64,61,61,76,84,66,66,67,61,58,72,93,66,96,63,64,66,99,80,57,42,73,15,52,36,50,26,46,63,51,26,31,30,23,31,27,34,26,28,31,28,2,1,8,2,7,8,13,5,8,5,6,13,5,12,13,500000,18,9,10,2026,4,6,2028,43,2023,National Draft,Key Defender,"defensive profile: Key Defender:7.39, Intercept Defender:6.16, Back Pocket:3.79, Half Back Flanker:-0.74",61,66,20,199,140,59,84,21,2,0,1,7,64,139,204,0.707,"2023,2024,2025,2026",0,0,,,,
1650,Western Bulldogs,Western Bulldogs,18,30,James,Harmes,TAS,97,5,10,1995,189,87,71,71,81,76,81,80,78,77,83,71,74,78,78,79,79,84,79,85,78,72,92,83,65,76,80,58,40,52,36,52,46,51,22,24,18,18,36,23,38,25,34,38,25,35,42,40,19,6,8,10,11,10,10,1,9,15,14,15,6,9,12,3,524000,22,5,8,2026,27,4,2028,2,2013,Rookie Draft,Hybrid Mid Forward,Strong in both forward (fwd_c=1.34) and midfield (mid_c=1.23) signals,81,82,13,226,104,122,40,34,17,9,0,4,85,139,12,-0.657,"2021,2022,2023,2024,2025,2026",0,0,Delisted,2026,delisted,draftguru.com.au 2024-2026 retirements/delistings (year/type sub-classification not preserved in this round's flat source list)
1651,Western Bulldogs,Western Bulldogs,18,24,Luke,Cleary,WA,96,1,7,2002,190,86,77,67,62,73,67,64,66,63,64,77,74,71,71,70,62,64,73,86,66,74,96,67,70,62,84,52,47,64,31,45,37,46,23,45,51,22,22,49,22,29,28,20,24,24,22,21,40,12,15,3,13,3,14,4,10,2,3,11,8,14,5,3,350000,36,2,1,2023,1,9,2025,61,2021,National Draft,Intercept Defender,"defensive profile: Intercept Defender:3.54, Half Back Flanker:2.46, Key Defender:2.35, Back Pocket:1.12",66,66,2,14,9,5,3,1,1,0,0,0,3,10,4,-0.671,"2022,2023,2024,2025,2026",0,0,,,,
1652,Western Bulldogs,Western Bulldogs,18,27,Laitham,Vandermeer,VIC,84,3,2,1999,176,76,62,66,62,66,69,65,66,65,64,62,62,66,66,63,70,69,58,75,65,47,93,69,68,62,99,51,50,33,36,60,52,67,30,30,26,21,59,38,41,30,43,45,32,36,19,19,30,6,3,7,12,12,10,11,14,3,6,3,11,5,9,13,313000,23,17,2,2026,11,3,2028,37,2018,National Draft,Small Forward,"forward profile: Small Forward:2.15, Key Forward:0.25, Pressure Forward:-0.64",54,56,2,24,12,12,5,1,1,1,0,0,7,18,2,-0.05,"2021,2022,2023,2024,2025,2026",0,0,,,,
1653,Western Bulldogs,Western Bulldogs,18,25,Lachlan,McNeil,WA,82,9,2,2001,174,74,62,67,69,66,65,66,65,69,66,62,67,64,64,65,70,64,65,66,71,54,96,63,53,99,78,64,36,60,31,44,37,61,31,24,19,31,55,41,48,24,38,44,23,45,26,29,28,9,3,4,3,8,6,2,12,9,2,3,8,3,8,11,262000,30,23,10,2025,17,9,2030,11,2020,Rookie Draft,Small Forward,"forward profile: Small Forward:1.97, Key Forward:0.47, Pressure Forward:-1.79",54,58,10,103,40,63,21,26,4,5,0,1,51,56,7,0.075,"2021,2022,2023,2024,2025,2026",0,0,,,,
1654,Western Bulldogs,Western Bulldogs,18,28,Oskar,Baker,VIC,87,1,7,1998,188,88,71,66,63,76,76,64,67,65,65,71,65,77,77,71,67,72,68,73,66,74,91,75,81,69,77,51,41,32,5,54,48,60,26,18,23,17,38,31,19,18,17,18,18,17,19,38,52,7,11,1,15,4,8,5,7,8,9,14,12,6,12,10,626000,13,28,12,2025,2,9,2027,48,2017,National Draft,Half Back Flanker,"defensive profile: Half Back Flanker:4.29, Intercept Defender:3.78, Key Defender:2.21, Back Pocket:0.85",66,67,9,112,67,45,44,8,6,9,0,1,25,85,12,-0.218,"2021,2023,2024,2025,2026",0,0,,,,
1655,Western Bulldogs,Western Bulldogs,18,26,Buku,Khamis,NSW,73,24,3,2000,199,97,78,75,63,67,62,64,65,66,61,78,72,64,64,68,72,61,76,61,66,91,56,67,61,67,83,49,47,76,32,57,42,50,51,62,21,25,29,37,23,32,48,25,26,21,22,21,19,4,13,4,1,11,4,13,3,7,10,6,10,10,5,3,370000,24,4,6,2026,26,5,2031,52,2023,National Draft,Key Forward,"forward profile: Key Forward:4.14, Small Forward:1.33, Pressure Forward:-2.10",62,64,24,280,184,96,116,31,5,1,0,9,80,187,164,0.444,"2021,2022,2023,2024,2025,2026",0,0,,,,
1656,Western Bulldogs,Western Bulldogs,18,25,Riley,Garcia,TAS,97,1,7,2001,186,86,64,66,87,73,76,83,81,76,86,64,76,73,73,75,72,82,73,73,78,69,91,78,72,82,85,55,58,62,29,49,51,54,24,25,29,24,36,33,47,28,31,24,51,48,51,48,40,12,2,2,13,9,6,1,9,4,6,13,9,12,12,12,524000,38,25,10,2024,6,2,2026,62,2019,National Draft,Inside Mid,"midfield profile: Inside Mid:5.74, Outside Mid:-2.43",78,80,8,113,52,61,11,30,23,2,0,0,52,63,4,0.376,"2021,2022,2023,2024,2025,2026",0,0,Injured,2026,hamstring (season-ending),"SEN Injury Hub 04/08/2026 (cross-checked AFL.com.au Medical Room, Sep 23 2026)"
1657,Western Bulldogs,Western Bulldogs,18,20,Josh,Dolan,VIC,77,1,7,2006,185,82,66,70,67,67,68,67,67,70,64,66,66,67,67,66,72,67,69,70,70,73,102,67,63,76,85,47,36,64,34,44,31,56,50,27,34,25,23,46,28,27,46,40,34,24,27,31,27,4,6,5,9,12,10,11,4,3,13,8,7,12,9,11,175000,26,15,1,2025,28,1,2029,31,2024,National Draft,Medium Forward,"forward profile: Small Forward:-0.61, Pressure Forward:-1.05, Key Forward:-2.15 -> fallback Medium Forward (no standout)",57,63,12,137,72,65,30,24,6,5,0,0,43,93,3,,,0,0,,,,
1658,Western Bulldogs,Western Bulldogs,18,33,Adam,Treloar,VIC,96,9,3,1993,185,86,65,65,68,77,80,66,66,69,80,65,64,74,74,69,71,82,58,72,70,69,89,78,66,62,75,57,39,21,36,52,36,54,17,29,18,20,48,46,23,20,17,30,22,35,28,34,53,5,10,6,15,3,10,4,10,14,11,14,7,15,6,9,681000,1,20,8,2023,1,2,2027,33,2022,National Draft,Outside Mid,"midfield profile: Outside Mid:8.61, Inside Mid:1.39",67,68,5,83,38,45,18,5,10,2,0,1,23,62,3,-0.118,"2021,2022,2023,2024,2025,2026",0,0,,,,
1659,Western Bulldogs,Western Bulldogs,18,22,Jedd,Busslinger,QLD,98,1,7,2004,197,96,78,70,62,67,61,66,66,62,63,78,79,65,65,66,62,58,68,86,67,92,61,63,99,66,97,39,49,99,45,54,60,50,30,38,44,44,29,27,19,30,31,22,24,31,21,20,20,10,5,12,3,3,2,14,13,11,10,4,4,7,5,13,278000,5,24,6,2025,19,4,2027,13,2022,National Draft,Key Defender,"defensive profile: Key Defender:3.83, Intercept Defender:3.26, Back Pocket:2.34, Half Back Flanker:-0.71",62,64,8,129,95,34,37,3,1,0,0,0,25,88,68,,,0,0,,,,
1660,Western Bulldogs,Western Bulldogs,18,24,Caleb,Poulter,QLD,85,1,7,2002,192,92,78,79,65,66,64,66,67,70,62,78,65,64,64,67,77,64,72,66,68,93,63,69,85,84,87,51,35,54,61,48,42,59,45,40,23,22,19,36,18,17,44,22,26,24,25,20,24,7,15,3,15,8,10,12,1,4,5,4,13,15,7,8,332000,25,12,9,2026,22,7,2031,30,2020,National Draft,Key Forward,"forward profile: Key Forward:1.78, Pressure Forward:-0.60, Small Forward:-0.75",65,68,7,66,39,27,26,13,3,2,0,3,25,44,6,-0.127,"2021,2022,2023,2024,2025",0,0,Delisted,2026,delisted,draftguru.com.au 2024-2026 retirements/delistings (year/type sub-classification not preserved in this round's flat source list)
1661,Western Bulldogs,Western Bulldogs,18,23,Harvey,Gallagher,SA,92,1,7,2003,182,81,69,65,64,78,77,64,65,66,66,69,65,79,79,72,66,73,70,76,67,72,94,78,66,63,85,54,40,47,65,46,40,61,21,24,27,27,38,37,26,18,29,18,21,28,24,27,52,1,4,2,5,11,7,7,12,8,2,3,9,1,7,8,278000,12,4,5,2024,7,3,2030,39,2022,National Draft,Half Back Flanker,"defensive profile: Half Back Flanker:1.58, Intercept Defender:0.88, Back Pocket:0.59, Key Defender:0.49",68,71,3,34,23,11,4,0,2,1,0,0,10,23,1,-0.168,"2024,2025,2026",0,0,,,,
1662,Western Bulldogs,Western Bulldogs,18,35,Taylor,Duryea,VIC,77,24,4,1991,189,85,74,70,68,73,71,69,69,68,68,74,73,72,73,71,68,69,71,78,71,74,95,71,72,88,52,50,49,50,25,63,48,60,18,29,34,38,26,26,23,25,21,17,26,19,17,19,18,4,16,15,7,4,3,6,17,4,17,12,8,2,15,9,296000,15,16,7,2026,22,6,2032,69,2009,National Draft,Medium Defender,"defensive profile: Back Pocket:1.15, Key Defender:0.98, Intercept Defender:0.58, Half Back Flanker:-0.36 -> fallback Medium Defender (no standout)",68,69,5,54,32,22,19,9,1,0,0,1,14,43,8,-0.975,"2021,2022,2023,2024,2025",0,0,Delisted,2026,delisted,draftguru.com.au 2024-2026 retirements/delistings (year/type sub-classification not preserved in this round's flat source list)
1663,Western Bulldogs,Western Bulldogs,18,27,Nick,Coffield,NSW,73,1,7,1999,197,97,79,66,62,75,68,63,63,62,63,79,74,73,73,70,61,63,72,87,68,74,90,67,46,56,85,48,47,74,8,50,32,58,26,41,45,16,24,31,18,22,15,19,16,18,19,18,33,11,2,13,16,12,11,11,7,13,13,13,8,9,2,10,296000,17,13,10,2026,4,3,2030,8,2017,National Draft,Intercept Defender,"defensive profile: Intercept Defender:3.36, Half Back Flanker:2.62, Key Defender:1.73, Back Pocket:0.86",67,67,13,185,130,55,76,20,3,0,0,2,37,140,41,-0.981,"2021,2024,2025,2026",0,0,,,,
1664,Western Bulldogs,Western Bulldogs,18,20,Cooper,Hynes,VIC,82,1,7,2006,195,91,77,77,64,66,64,66,67,69,62,77,65,64,64,67,77,64,74,66,68,87,58,69,54,87,63,51,34,15,47,58,50,68,47,42,22,17,25,39,19,29,40,24,17,17,26,25,23,14,15,3,6,2,12,11,10,9,12,13,12,3,5,2,188000,6,25,8,2023,3,7,2028,20,2024,National Draft,Key Forward,"forward profile: Key Forward:1.00, Small Forward:0.24, Pressure Forward:-2.23",64,67,22,300,162,138,51,59,23,12,0,2,94,207,19,,,0,0,,,,
1665,Western Bulldogs,Western Bulldogs,18,35,Liam,Jones,QLD,72,24,2,1991,192,86,79,73,66,70,64,69,69,67,66,78,81,69,69,68,65,61,72,83,70,96,65,67,45,76,90,49,38,75,1,56,31,46,20,38,59,52,26,33,24,24,20,25,23,30,26,20,32,11,4,14,12,9,5,15,3,14,7,15,11,10,15,16,370000,19,25,2,2023,16,4,2029,32,2008,National Draft,Key Defender,"defensive profile: Key Defender:7.01, Intercept Defender:6.35, Back Pocket:4.75, Half Back Flanker:-0.62",67,68,5,47,34,13,21,7,0,0,0,2,14,34,28,-0.331,"2021,2023,2024,2025",0,0,Delisted,2026,delisted,draftguru.com.au 2024-2026 retirements/delistings (year/type sub-classification not preserved in this round's flat source list)
1666,Western Bulldogs,Western Bulldogs,18,21,Jordan,Croft,VIC,72,1,7,2005,201,101,78,78,64,65,63,66,66,69,61,78,65,63,63,66,77,63,72,66,67,104,59,68,60,64,72,65,47,34,15,51,51,46,60,67,23,22,21,48,23,32,65,21,25,25,33,24,23,3,6,15,14,12,15,9,11,5,5,9,3,8,2,9,830000,16,24,12,2025,25,10,2027,15,2023,National Draft,Key Forward,"forward profile: Key Forward:22.29, Small Forward:1.33, Pressure Forward:-8.58",64,69,17,135,74,61,37,25,11,13,25,5,59,78,23,,,0,0,,,,
1667,Western Bulldogs,Western Bulldogs,18,23,Arthur,Jones,VIC,92,1,7,2003,178,80,65,69,67,67,68,67,68,70,65,65,65,66,66,66,74,67,69,71,69,51,101,67,79,87,96,47,35,30,85,47,51,49,19,25,19,28,54,32,42,27,40,53,30,35,20,19,23,8,6,17,8,2,6,11,9,12,11,3,11,9,12,3,140000,32,17,8,2023,9,12,2026,43,2021,National Draft,Small Forward,"forward profile: Small Forward:0.57, Key Forward:0.03, Pressure Forward:-2.10",58,63,19,223,125,98,61,40,7,25,0,11,92,137,18,-0.964,"2023,2024,2025,2026",0,0,,,,
1668,Western Bulldogs,Western Bulldogs,18,29,Ryan,Gardner,VIC,89,1,6,1997,195,93,71,70,60,66,59,63,62,61,58,71,77,64,64,63,62,55,63,85,66,106,62,60,74,79,80,67,33,29,16,49,25,41,22,42,54,56,20,29,20,23,25,28,28,22,19,27,20,13,3,16,3,15,10,6,8,6,15,7,16,6,9,13,296000,43,20,8,2025,27,3,2030,59,2015,National Draft,Key Defender,"defensive profile: Key Defender:8.27, Back Pocket:5.69, Intercept Defender:4.26, Half Back Flanker:-4.31",55,56,3,12,9,3,3,3,2,1,12,0,3,9,16,-1.156,"2021,2022,2023,2024,2026",0,0,,,,
1669,Gold Coast,Gold Coast,8,19,Beau,Addinsall,QLD,87,1,7,2007,182,85,69,65,72,76,80,70,70,72,76,69,68,77,77,73,71,80,71,74,70,79,101,79,58,82,77,83,48,25,38,67,50,46,21,14,21,22,26,27,11,11,16,20,10,5,13,20,30,1,1,1,1,3,4,9,1,1,1,4,1,1,7,1,500000,38,9,9,2026,3,12,2027,18,2025,National Draft,Outside Mid,"Auto-classified from height + career goals-rate only (Aug 2026 pass, Tier B: lighter data, see Player Database note); OVR 50.",71,74,9,154,62,92,33,19,19,2,0,1,48,100,4,,,0,0,,,,
1670,Port Adelaide,Port Adelaide,13,21,Tom,Anastasopoulos,SA,88,31,5,2005,176,85,71,65,66,79,79,65,67,67,68,71,67,81,81,74,66,74,73,78,68,84,97,79,73,79,53,82,33,22,48,70,51,61,12,5,24,14,11,23,12,5,8,17,11,9,7,14,18,8,7,1,1,1,1,9,1,5,7,6,1,3,1,5,278000,29,15,2,2025,28,9,2028,48,2023,National Draft,Half Back Flanker,"Auto-classified from real 2-game season profile (Aug 2026 pass, Tier A: full per-game-category real stats); OVR 39.",72,73,5,57,36,21,15,13,0,2,0,0,9,48,4,,,0,0,,,,
1671,Brisbane Lions,Brisbane Lions,2,19,Daniel,Annable,QLD,87,5,4,2007,184,85,69,66,72,76,80,70,71,72,76,69,68,77,77,73,71,81,71,74,70,71,99,79,78,43,80,40,66,30,58,64,40,55,11,16,14,17,36,17,9,17,15,15,16,10,10,17,35,1,1,1,1,1,1,1,1,1,6,2,4,1,4,1,278000,14,14,3,2026,9,2,2027,6,2025,National Draft,Outside Mid,"Auto-classified from real 1-game season profile (Aug 2026 pass, Tier A: full per-game-category real stats); OVR 39.",72,74,3,29,22,7,7,4,1,1,0,0,7,23,2,,,0,0,,,,
1672,Gold Coast,Gold Coast,8,25,Tom,Berry,NSW,79,1,5,2001,185,76,73,68,65,72,68,66,67,66,65,73,72,71,71,69,65,66,68,79,69,89,94,68,84,35,53,43,27,71,39,68,47,53,5,5,5,5,5,12,5,8,11,9,5,8,5,8,5,1,4,8,5,1,1,1,1,1,1,1,1,1,3,4,411000,16,14,6,2025,5,6,2027,36,2018,National Draft,Medium Defender,"Auto-classified from real 17-game season profile (Aug 2026 pass, Tier A: full per-game-category real stats); OVR 46.",66,69,17,196,107,89,43,47,9,3,0,1,78,125,37,,,0,0,Delisted,2026,delisted,draftguru.com.au 2024-2026 retirements/delistings (year/type sub-classification not preserved in this round's flat source list)
1673,Brisbane Lions,Brisbane Lions,2,22,Shadeau,Brain,QLD,85,13,2,2004,183,80,71,65,65,79,79,65,66,67,67,71,67,81,81,73,66,74,72,78,67,78,99,79,99,78,68,48,58,31,41,78,60,58,5,5,21,8,13,14,15,12,6,13,6,5,12,5,32,1,4,6,8,1,5,1,2,1,3,8,1,1,1,4,313000,34,3,11,2024,13,2,2028,57,2022,National Draft,Half Back Flanker,"Auto-classified from real 9-game season profile (Aug 2026 pass, Tier A: full per-game-category real stats); OVR 41.",71,74,2,29,22,7,10,0,1,0,0,0,3,26,5,-0.261,"2024,2025",0,0,,,,
1674,Port Adelaide,Port Adelaide,13,27,Will,Brodie,SA,85,23,8,1998,189,89,61,64,86,71,74,81,77,75,90,61,72,70,70,72,70,80,65,71,79,80,91,74,71,77,76,80,17,40,53,83,52,58,5,5,5,12,5,8,5,5,7,9,5,5,7,5,5,1,1,6,1,5,10,1,1,1,4,1,7,7,8,7,1105000,23,5,8,2026,12,4,2029,9,2016,National Draft,Inside Mid,"Auto-classified from real 24-game season profile (Aug 2026 pass, Tier A: full per-game-category real stats); OVR 70.",74,76,2,40,12,28,3,5,10,0,0,0,21,18,0,,,0,0,,,,
1675,St Kilda,St Kilda,15,32,Brad,Crouch,VIC,79,14,1,1994,186,85,66,68,88,75,78,84,83,75,87,66,78,75,75,77,76,84,75,75,80,86,88,80,62,69,55,57,50,21,37,80,74,84,5,5,5,5,6,5,5,5,5,5,5,5,5,5,5,8,10,13,1,5,11,17,6,4,16,5,15,18,19,11,1142000,5,8,8,2024,28,8,2027,33,2012,National Draft,Inside Mid,"Auto-classified from real 24-game season profile (Aug 2026 pass, Tier A: full per-game-category real stats); OVR 71.",82,83,24,651,292,359,90,142,131,8,0,1,283,362,24,,,0,0,Retired,2024,retired,"draftguru.com.au 2024 retirements, Nov 26 2024 (also listed Oct 31 2024 across two site edits)"
1676,Brisbane Lions,Brisbane Lions,2,19,Cody,Curtin,NSW,95,18,5,2007,200,85,79,70,62,67,60,66,66,62,63,79,78,65,65,66,62,58,68,86,67,98,81,63,62,68,52,55,42,72,33,61,52,57,12,31,35,24,10,11,13,8,5,13,12,16,16,13,11,1,8,3,7,1,1,1,3,2,2,1,1,1,2,1,202000,37,22,10,2024,14,6,2027,43,2025,National Draft,Key Defender,"Auto-classified from real 4-game season profile (Aug 2026 pass, Tier A: full per-game-category real stats); OVR 34.",63,65,4,26,11,15,5,4,0,2,2,1,8,17,8,,,0,0,,,,
1677,Essendon,Essendon,5,32,Joe,Daniher,NSW,91,4,3,1994,200,99,81,82,67,69,70,69,70,76,66,81,68,69,69,70,79,69,76,69,70,91,84,74,46,75,38,39,45,77,28,81,58,83,5,5,5,5,5,5,5,5,5,5,5,5,5,5,5,14,25,12,9,1,8,10,3,19,6,12,5,11,4,14,830000,6,16,12,2024,14,12,2028,10,2012,National Draft,Key Forward,"Auto-classified from real 27-game season profile (Aug 2026 pass, Tier A: full per-game-category real stats); OVR 62.",72,73,27,421,328,93,173,31,38,58,58,22,151,261,26,,,0,0,Retired,2024,retired,"draftguru.com.au 2024 retirements, Oct 3 2024"
1678,Fremantle,Fremantle,6,21,Hugh,Davies,WA,96,28,9,2004,196,90,74,67,65,72,68,66,66,65,65,74,72,71,71,68,64,65,68,79,68,99,99,67,89,45,71,59,70,23,57,63,31,52,16,15,6,29,5,9,8,10,5,15,8,12,15,17,8,1,4,1,8,1,1,4,4,4,1,1,1,1,4,3,202000,12,4,9,2024,23,12,2028,33,2022,National Draft,Medium Defender,"Auto-classified from real 2-game season profile (Aug 2026 pass, Tier A: full per-game-category real stats); OVR 34.",66,67,2,8,4,4,3,3,1,0,0,0,3,4,10,-0.261,"2024,2025",0,0,,,,
1679,Gold Coast,Gold Coast,8,35,Charlie,Dixon,SA,92,23,9,1990,200,105,82,83,68,69,67,69,70,76,67,82,69,66,66,70,76,67,76,69,71,98,94,71,50,51,43,26,41,63,49,80,45,71,5,5,5,5,5,5,5,5,5,5,5,5,5,5,5,23,34,13,21,14,13,11,18,29,14,12,14,12,13,13,626000,23,13,12,2025,9,3,2029,46,2009,National Draft,Key Forward,"Auto-classified from real 18-game season profile (Aug 2026 pass, Tier A: full per-game-category real stats); OVR 55.",72,73,18,187,102,85,64,26,18,24,117,33,128,64,39,,,0,0,Retired,2024,retired,"draftguru.com.au 2024 retirements, Sep 25 2024"
1680,West Coast,West Coast,17,18,Cooper,Duff-Tytler,WA,78,22,8,2007,201,85,78,71,63,66,61,66,66,62,63,78,78,65,65,66,62,58,68,85,67,98,76,63,43,39,58,62,29,21,54,61,50,45,30,27,30,36,15,14,14,8,12,23,5,6,24,6,11,1,1,1,1,1,1,1,7,4,6,1,1,1,6,2,332000,21,6,3,2024,8,1,2029,4,2025,National Draft,Key Defender,"Auto-classified from real 13-game season profile (Aug 2026 pass, Tier A: full per-game-category real stats); OVR 42.",63,71,16,143,66,77,33,43,19,4,73,4,76,68,32,,,0,0,,,,
1681,West Coast,West Coast,17,19,Willem,Duursma,WA,91,21,6,2007,193,85,68,68,82,73,80,80,79,79,82,68,72,76,76,75,79,84,79,87,74,83,110,83,76,36,64,34,38,20,35,51,57,63,19,18,8,18,12,21,10,6,15,20,11,34,26,7,10,3,2,2,2,1,1,1,3,1,7,4,1,1,2,1,709000,1,23,6,2026,10,4,2028,1,2025,National Draft,Hybrid Mid Forward,"Auto-classified from real 14-game season profile (Aug 2026 pass, Tier A: full per-game-category real stats); OVR 58.",82,100,22,377,214,163,90,67,45,14,0,9,138,241,33,,,0,0,,,,
1682,Adelaide,Adelaide,1,21,Charlie,Edwards,SA,86,18,5,2005,191,85,64,65,87,72,76,83,81,78,86,64,76,73,73,74,71,83,74,73,78,91,103,78,85,82,47,46,55,21,46,68,75,46,12,13,5,5,14,19,14,10,11,5,20,24,16,32,13,1,1,4,1,1,1,1,1,1,6,1,1,1,1,1,432000,11,12,10,2026,24,6,2029,21,2023,National Draft,Inside Mid,"Auto-classified from real 2-game season profile (Aug 2026 pass, Tier A: full per-game-category real stats); OVR 47.",78,79,2,30,20,10,6,4,5,0,0,0,11,23,4,,,0,0,,,,
1683,West Coast,West Coast,17,24,Luke,Edwards,WA,81,12,2,2002,188,83,73,68,65,72,68,66,66,65,65,73,72,71,71,68,65,66,68,79,69,94,96,68,62,37,63,52,39,43,35,60,49,47,12,14,5,15,5,20,5,5,9,5,13,13,5,5,5,5,1,1,1,1,1,1,1,4,8,2,6,1,3,1,332000,16,11,11,2025,5,12,2027,52,2020,National Draft,Medium Defender,"Auto-classified from height + career goals-rate only (Aug 2026 pass, Tier B: lighter data, see Player Database note); OVR 42.",66,70,37,0,0,0,0,0,0,3,0,0,0,0,0,,,0,0,Delisted,2024,delisted,"draftguru.com.au 2024 delistings, Oct 31 2024"
1684,Gold Coast,Gold Coast,8,33,Brandon,Ellis,QLD,78,3,8,1993,181,82,67,72,66,66,72,69,71,69,67,67,69,71,71,69,72,70,70,75,69,74,98,70,65,82,78,34,40,39,39,75,62,60,5,5,5,5,5,5,5,5,5,5,5,5,5,5,5,10,15,7,12,32,7,16,15,12,27,19,4,15,8,14,216000,4,5,11,2026,25,12,2027,15,2011,National Draft,Small Forward,"Auto-classified from height + career goals-rate only (Aug 2026 pass, Tier B: lighter data, see Player Database note); OVR 35.",62,63,75,0,0,0,0,0,0,27,0,0,0,0,0,,,0,0,Retired,2024,retired,"draftguru.com.au 2024 retirements, Jul 31 2024"
1685,Fremantle,Fremantle,6,24,Tom,Emmett,WA,81,30,11,2001,186,89,66,70,67,66,67,67,67,70,64,66,66,66,66,66,72,66,70,70,69,77,96,67,61,52,63,47,25,40,55,71,40,49,17,5,5,5,14,5,5,6,5,12,5,16,7,8,5,1,4,1,2,1,1,1,1,3,1,4,1,1,1,1,216000,18,10,3,2026,5,12,2027,41,2022,National Draft,Medium Forward,"Auto-classified from height + career goals-rate only (Aug 2026 pass, Tier B: lighter data, see Player Database note); OVR 35.",57,59,15,0,0,0,0,0,0,11,0,0,0,0,0,,,0,0,Delisted,2024,delisted,"draftguru.com.au 2024 delistings, Oct 25 2024"
1686,Sydney,Sydney,16,33,Robbie,Fox,SA,93,16,4,1993,185,85,73,67,67,79,79,66,68,68,69,72,68,81,81,75,69,76,74,79,69,95,94,79,67,85,38,39,32,56,25,69,60,80,5,5,5,5,5,5,5,5,5,5,5,5,5,5,5,3,13,13,5,29,21,1,8,13,15,13,9,11,10,33,626000,42,11,7,2026,15,10,2027,46,2011,National Draft,Half Back Flanker,"Auto-classified from height + career goals-rate only (Aug 2026 pass, Tier B: lighter data, see Player Database note); OVR 55.",73,74,105,0,0,0,0,0,0,15,0,0,0,0,0,-0.763,"2021,2022,2023,2024,2025",0,0,Delisted,2026,delisted,draftguru.com.au 2024-2026 retirements/delistings (year/type sub-classification not preserved in this round's flat source list)
1687,West Coast,West Coast,17,34,Andrew,Gaff,WA,81,16,6,1992,183,85,73,70,76,81,84,74,75,74,79,74,73,81,80,83,75,81,78,78,80,84,91,83,99,90,43,81,40,48,36,72,52,90,5,5,5,5,5,5,5,5,5,5,5,5,5,5,5,20,14,11,10,30,22,8,15,3,12,11,5,11,7,32,996000,3,15,8,2026,22,5,2027,4,2010,National Draft,Outside Mid,"Auto-classified from height + career goals-rate only (Aug 2026 pass, Tier B: lighter data, see Player Database note); OVR 67.",82,83,280,0,0,0,0,0,0,84,0,0,0,0,0,,,0,0,Retired,2024,retired,"draftguru.com.au 2024 retirements, Aug 7 2024"
1688,Adelaide,Adelaide,1,24,Lachlan,Gollant,SA,82,12,9,2001,191,72,67,70,67,67,67,67,67,70,64,67,66,66,66,66,72,66,70,70,69,84,98,67,65,45,56,32,33,25,44,70,64,58,14,14,14,5,7,5,10,10,5,9,10,5,5,5,15,1,1,1,7,2,1,7,1,4,2,4,1,1,1,3,188000,44,6,7,2026,3,12,2028,48,2019,National Draft,Medium Forward,"Auto-classified from height + career goals-rate only (Aug 2026 pass, Tier B: lighter data, see Player Database note); OVR 33.",57,59,16,0,0,0,0,0,0,13,0,0,0,0,0,,,0,0,Delisted,2024,delisted,"draftguru.com.au 2024 delistings, Oct 4 2024"
1689,Greater Western Sydney,Greater Western Sydney,9,21,Phoenix,Gothard,NSW,90,1,7,2005,179,85,64,68,67,67,69,67,67,71,65,64,66,67,67,66,74,68,68,71,70,81,100,67,61,40,46,52,61,41,71,63,39,56,5,12,10,15,30,12,11,11,6,23,18,6,5,22,14,4,2,1,3,2,1,1,1,1,1,2,1,8,8,4,262000,11,1,11,2026,2,6,2027,12,2023,National Draft,Small Forward,"Auto-classified from height + career goals-rate only (Aug 2026 pass, Tier B: lighter data, see Player Database note); OVR 38.",59,63,16,229,104,125,31,59,18,18,0,0,93,142,13,,,0,0,,,,
1690,Richmond,Richmond,14,35,Dylan,Grimes,VIC,78,16,7,1991,193,90,77,71,68,71,74,69,70,68,69,74,74,74,74,72,68,69,76,82,72,80,97,71,57,75,37,47,16,40,19,79,59,88,5,5,5,5,5,5,5,5,5,5,5,5,5,5,5,10,9,8,23,11,16,24,7,16,16,14,13,12,12,15,477000,2,14,12,2025,5,2,2028,2,2009,Pre-Season Draft,Medium Defender,"Auto-classified from height + career goals-rate only (Aug 2026 pass, Tier B: lighter data, see Player Database note); OVR 49.",72,73,234,0,0,0,0,0,0,3,0,0,0,0,0,,,0,0,Retired,2024,retired,"draftguru.com.au 2024 retirements, Aug 20 2024"
1691,Geelong,Geelong,7,33,Cameron,Guthrie,QLD,90,19,8,1992,187,86,72,72,83,76,82,83,79,79,85,72,76,80,79,80,82,87,81,86,79,78,92,85,92,48,73,79,37,75,27,80,53,98,4,4,4,4,4,4,4,4,4,4,4,4,4,4,4,12,9,12,15,14,11,10,11,11,33,16,32,27,11,17,996000,29,27,12,2024,25,11,2027,23,2010,National Draft,Hybrid Mid Forward,"Auto-classified from height + career goals-rate only (Aug 2026 pass, Tier B: lighter data, see Player Database note); OVR 67.",84,85,240,0,0,0,0,0,0,75,0,0,0,0,0,-2.145,"2021,2022,2023,2024,2025",0,0,Delisted,2026,delisted,draftguru.com.au 2024-2026 retirements/delistings (year/type sub-classification not preserved in this round's flat source list)
1692,Adelaide,Adelaide,1,22,Hugo,Hall-Kahan,SA,78,22,9,2003,188,85,74,67,65,72,68,65,66,65,65,74,72,71,71,68,64,66,68,79,68,76,100,68,63,55,70,61,60,34,55,65,49,57,5,7,5,7,8,22,14,17,9,9,7,5,5,8,5,1,2,3,1,7,1,1,1,1,9,1,7,1,1,1,278000,40,22,4,2025,8,2,2027,11,2021,Mid-Season Draft,Medium Defender,"Auto-classified from height + career goals-rate only (Aug 2026 pass, Tier B: lighter data, see Player Database note); OVR 39.",66,69,11,216,153,63,43,22,11,1,0,1,53,139,5,,,0,0,,,,
1693,Brisbane Lions,Brisbane Lions,2,40,Will,Hamill,QLD,93,26,7,1986,189,74,69,69,82,73,80,80,79,80,82,69,73,77,77,77,79,85,78,87,76,76,91,83,68,71,62,54,38,37,35,95,47,69,5,5,5,5,5,5,5,5,5,5,5,5,5,5,5,23,19,19,23,23,17,14,18,16,36,17,43,34,19,26,709000,40,20,1,2024,22,12,2029,64,2004,Rookie Draft,Hybrid Mid Forward,"Auto-classified from height + career goals-rate only (Aug 2026 pass, Tier B: lighter data, see Player Database note); OVR 58.",79,80,3,0,0,0,0,0,0,1,0,0,0,0,0,,,0,0,Delisted,2024,delisted,"draftguru.com.au 2024 delistings, Oct 4 2024"
1694,Greater Western Sydney,Greater Western Sydney,9,19,Riley,Hamilton,NSW,88,15,8,2006,189,85,68,68,83,73,80,80,79,80,83,68,72,76,76,75,80,85,79,88,75,79,99,83,67,64,36,49,36,43,61,65,56,54,20,10,13,7,5,5,7,19,10,24,19,35,17,8,7,3,1,4,1,1,2,1,1,1,1,1,1,1,1,4,830000,43,7,11,2024,11,5,2029,40,2025,National Draft,Hybrid Mid Forward,"Auto-classified from height + career goals-rate only (Aug 2026 pass, Tier B: lighter data, see Player Database note); OVR 62.",79,82,8,71,41,30,10,24,3,5,0,1,27,40,5,,,0,0,,,,
1695,Greater Western Sydney,Greater Western Sydney,9,19,Oliver,Hannaford,NSW,81,1,9,2006,180,85,64,68,67,67,68,67,67,70,64,64,66,67,67,66,74,68,68,71,69,84,108,68,94,59,44,42,52,47,40,51,60,59,11,13,5,21,28,8,16,18,15,33,21,5,20,5,8,5,6,6,1,3,1,1,1,1,1,1,1,1,1,1,278000,13,6,7,2024,10,2,2029,59,2025,Rookie Draft,Small Forward,"Auto-classified from height + career goals-rate only (Aug 2026 pass, Tier B: lighter data, see Player Database note); OVR 39.",58,60,5,46,26,20,12,6,1,2,0,0,19,27,0,,,0,0,,,,
1696,Geelong,Geelong,7,38,Tom,Hawkins,SA,82,21,7,1988,198,103,72,72,71,72,69,71,70,76,70,73,72,71,70,76,81,71,72,76,75,83,94,71,74,61,48,49,58,75,7,82,57,96,5,5,5,5,5,5,5,5,5,5,5,5,5,5,5,35,15,15,21,30,21,18,21,13,38,21,20,18,14,18,574000,26,23,9,2024,28,1,2028,41,2006,National Draft,Medium Forward,"Auto-classified from height + career goals-rate only (Aug 2026 pass, Tier B: lighter data, see Player Database note); OVR 53.",69,70,359,0,0,0,0,0,0,796,0,0,0,0,0,,,0,0,Retired,2024,retired,"draftguru.com.au 2024 retirements, Aug 6 2024"
1697,Essendon,Essendon,5,34,Dyson,Heppell,VIC,94,14,5,1992,189,84,71,73,86,77,83,83,82,80,85,71,76,77,80,80,83,89,84,84,79,80,98,86,51,51,59,64,37,47,33,89,54,99,5,5,5,5,5,5,5,5,5,5,5,5,5,5,5,11,11,16,3,9,17,7,15,14,22,7,17,28,7,18,962000,21,25,9,2026,7,4,2029,8,2010,National Draft,Hybrid Mid Forward,"Auto-classified from height + career goals-rate only (Aug 2026 pass, Tier B: lighter data, see Player Database note); OVR 66.",85,86,253,0,0,0,0,0,0,68,0,0,0,0,0,,,0,0,Retired,2024,retired,"draftguru.com.au 2024 retirements, Aug 13 2024"
1698,West Coast,West Coast,17,23,Marcus,Herbert,WA,86,13,8,2002,181,85,71,65,66,79,79,65,67,67,68,71,67,81,81,74,66,74,73,78,67,84,99,79,82,85,70,65,28,48,37,75,60,63,18,5,15,15,19,5,5,6,11,5,18,9,9,5,23,1,10,1,6,1,1,3,1,1,1,1,5,1,4,1,574000,51,2,5,2024,22,12,2028,13,2025,Mid-Season Draft,Half Back Flanker,"Auto-classified from height + career goals-rate only (Aug 2026 pass, Tier B: lighter data, see Player Database note); OVR 53.",72,74,10,216,119,97,53,21,6,0,0,3,48,139,10,,,0,0,,,,
1699,Adelaide,Adelaide,1,28,Elliott,Himmelberg,SA,83,4,6,1998,198,96,67,71,68,67,68,68,68,71,65,67,67,67,67,67,72,67,69,71,70,81,92,67,72,44,75,62,80,40,39,67,36,66,6,5,5,9,5,5,5,5,20,5,5,11,5,5,18,10,1,5,5,1,1,8,1,4,7,3,14,7,10,11,278000,34,2,3,2026,11,2,2027,59,2016,National Draft,Medium Forward,"Auto-classified from height + career goals-rate only (Aug 2026 pass, Tier B: lighter data, see Player Database note); OVR 39.",58,59,50,0,0,0,0,0,0,49,0,0,0,0,0,-0.347,"2021,2022,2023,2024,2025",0,0,Injured,2026,knee (season-ending),"SEN Injury Hub 04/08/2026 (cross-checked AFL.com.au Medical Room, Sep 23 2026)"
1700,Fremantle,Fremantle,6,31,Ethan,Hughes,WA,89,7,12,1994,188,89,74,69,66,73,69,67,68,67,67,74,73,72,73,70,67,67,70,79,70,73,100,69,55,71,44,63,44,47,42,70,55,79,5,5,5,5,5,5,5,5,5,7,5,5,5,5,5,8,4,8,18,5,17,10,8,7,8,8,8,7,16,7,390000,15,9,12,2024,27,9,2029,13,2014,Rookie Draft,Medium Defender,"Auto-classified from height + career goals-rate only (Aug 2026 pass, Tier B: lighter data, see Player Database note); OVR 45.",68,69,107,0,0,0,0,0,0,6,0,0,0,0,0,,,0,0,Delisted,2024,delisted,"draftguru.com.au 2024 delistings, Sep 11 2024"
1701,West Coast,West Coast,17,26,Callum,Jamieson,VIC,84,31,7,2000,200,94,78,71,63,67,61,66,66,62,63,78,78,65,65,66,62,58,68,85,67,95,86,63,79,52,72,76,50,83,46,58,37,52,5,5,5,9,5,5,8,7,5,7,18,8,5,5,5,3,4,8,5,5,3,8,8,5,5,1,3,1,1,1,390000,40,21,1,2024,15,11,2028,49,2019,National Draft,Key Defender,"Auto-classified from height + career goals-rate only (Aug 2026 pass, Tier B: lighter data, see Player Database note); OVR 45.",62,64,17,0,0,0,0,0,0,0,0,0,0,0,0,0.718,"2022,2023,2024,2025",0,0,Delisted,2026,delisted,draftguru.com.au 2024-2026 retirements/delistings (year/type sub-classification not preserved in this round's flat source list)
1702,West Coast,West Coast,17,20,Harvey,Johnston,QLD,87,18,8,2005,185,79,68,68,82,73,80,80,79,80,82,68,72,76,76,75,79,84,78,87,75,93,99,83,52,45,86,84,71,68,46,59,39,55,11,18,6,21,5,9,7,10,17,20,5,15,27,16,11,1,1,1,1,6,1,1,2,1,7,5,2,7,1,1,681000,24,24,12,2025,28,4,2028,49,2023,National Draft,Hybrid Mid Forward,"Auto-classified from height + career goals-rate only (Aug 2026 pass, Tier B: lighter data, see Player Database note); OVR 57.",79,83,8,64,33,31,19,19,1,4,0,0,20,44,1,-0.261,"2024,2025",0,0,,,,
1703,West Coast,West Coast,17,27,Jamaine,Jones,WA,81,29,9,1998,180,81,70,67,72,77,80,71,71,72,76,70,69,77,77,74,72,80,72,75,71,81,96,79,81,88,37,72,42,46,36,67,57,68,8,5,7,5,5,6,9,5,5,6,5,5,7,7,5,2,1,15,1,1,6,7,1,5,7,6,2,6,9,8,599000,31,15,2,2024,16,5,2029,47,2017,Rookie Draft,Outside Mid,"Auto-classified from height + career goals-rate only (Aug 2026 pass, Tier B: lighter data, see Player Database note); OVR 54.",72,74,59,0,0,0,0,0,0,19,0,0,0,0,0,,,0,0,Delisted,2024,delisted,"draftguru.com.au 2024 delistings, Sep 18 2024"
1704,Brisbane Lions,Brisbane Lions,2,29,Darragh,Joyce,QLD,88,23,4,1997,195,90,75,67,63,72,67,64,65,64,63,75,71,70,70,67,63,64,66,79,68,76,89,66,77,67,71,37,35,35,33,85,30,58,5,5,5,5,5,5,5,5,5,5,5,5,5,5,5,4,4,11,9,1,10,1,4,10,3,7,5,10,6,8,313000,41,14,3,2025,11,8,2028,57,2015,National Draft,Medium Defender,"Auto-classified from height + career goals-rate only (Aug 2026 pass, Tier B: lighter data, see Player Database note); OVR 41.",64,64,3,30,26,4,19,1,0,0,0,2,4,25,10,0.08,"2021,2022,2023,2024,2025",0,0,,,,
1705,Western Bulldogs,Western Bulldogs,18,34,Alex,Keath,VIC,85,20,1,1992,197,93,74,69,66,73,70,67,68,67,67,74,73,72,73,70,66,67,70,80,70,73,91,69,29,38,82,34,48,49,59,75,56,77,5,5,5,5,5,5,5,5,5,5,5,5,5,5,5,16,14,12,18,15,18,17,6,15,14,10,10,9,16,17,411000,42,10,8,2025,8,8,2028,53,2010,National Draft,Medium Defender,"Auto-classified from height + career goals-rate only (Aug 2026 pass, Tier B: lighter data, see Player Database note); OVR 46.",68,69,79,0,0,0,0,0,0,4,0,0,0,0,0,,,0,0,Retired,2024,retired,"draftguru.com.au 2024 retirements, Oct 21 2024"
1706,St Kilda,St Kilda,15,26,Max,King,VIC,88,7,7,2000,202,90,68,75,58,62,58,59,59,64,57,68,59,60,60,60,71,56,61,59,65,96,86,61,98,61,90,34,58,27,40,49,30,59,7,7,5,5,5,5,5,7,11,5,11,5,5,5,5,4,3,9,2,3,1,6,3,7,4,2,1,13,1,1,768000,12,2,4,2026,4,5,2029,42,2018,Rookie Draft,Key Forward,"Auto-classified from height + career goals-rate only (Aug 2026 pass, Tier B: lighter data, see Player Database note); OVR 60.",51,54,1,2,1,1,1,0,0,0,0,0,2,1,0,-0.581,"2021,2022,2023,2024,2025",0,0,,,,
1707,Geelong,Geelong,7,30,Jake,Kolodjashnij,SA,92,9,8,1995,193,94,77,68,61,69,64,62,62,61,63,77,74,67,67,65,61,62,65,82,66,83,91,64,58,52,35,53,36,77,1,79,45,91,5,5,5,5,5,5,5,5,5,5,5,5,5,5,5,16,6,11,15,11,8,5,5,3,11,14,11,4,6,2,454000,8,16,12,2026,25,8,2027,41,2013,National Draft,Medium Defender,"Auto-classified from height + career goals-rate only (Aug 2026 pass, Tier B: lighter data, see Player Database note); OVR 48.",68,69,11,131,76,55,44,10,1,1,0,8,38,88,47,0.024,"2021,2022,2023,2024,2025",0,0,,,,
1708,Port Adelaide,Port Adelaide,13,20,Josh,Lai,SA,91,1,10,2005,185,85,72,65,65,78,78,65,66,67,67,72,67,80,80,73,66,73,73,78,68,94,101,78,67,88,38,51,42,26,65,51,41,55,10,10,12,31,20,17,15,19,5,7,19,5,20,22,30,1,1,1,2,1,1,4,5,1,1,1,1,1,1,1,548000,43,9,3,2026,24,11,2027,48,2024,Father-Son,Half Back Flanker,"Auto-classified from height + career goals-rate only (Aug 2026 pass, Tier B: lighter data, see Player Database note); OVR 52.",70,83,19,224,151,73,97,30,4,0,0,10,72,156,55,,,0,0,,,,
1709,Gold Coast,Gold Coast,8,22,Caleb,Lewis,QLD,86,29,9,2003,198,85,74,67,65,72,68,66,66,65,65,74,72,71,71,68,64,65,68,79,68,75,101,67,71,43,78,62,56,23,45,70,45,58,15,5,12,17,16,13,17,6,5,5,5,14,14,5,13,1,5,7,1,1,5,1,1,2,2,1,3,2,1,1,296000,45,27,7,2026,14,7,2027,58,2022,National Draft,Medium Defender,"Auto-classified from height + career goals-rate only (Aug 2026 pass, Tier B: lighter data, see Player Database note); OVR 40.",66,67,2,5,4,1,3,4,0,0,0,0,3,3,3,,,0,0,,,,
1710,West Coast,West Coast,17,19,Josh,Lindsay,WA,93,7,4,2007,183,85,71,65,65,79,78,65,66,67,68,71,67,80,80,74,66,74,73,78,67,86,98,79,64,85,44,51,50,39,48,71,47,61,14,9,13,15,24,17,12,13,8,19,20,12,18,17,29,4,5,1,1,1,1,1,1,1,3,1,1,1,1,2,548000,5,15,8,2025,16,10,2029,19,2025,National Draft,Half Back Flanker,"Auto-classified from height + career goals-rate only (Aug 2026 pass, Tier B: lighter data, see Player Database note); OVR 52.",71,75,15,280,200,80,60,16,6,1,0,1,53,169,15,,,0,0,,,,
1711,Brisbane Lions,Brisbane Lions,2,34,Jarryd,Lyons,SA,83,22,7,1992,184,84,71,72,85,76,82,82,81,78,84,71,75,79,77,79,82,86,80,84,78,81,95,84,78,84,74,75,38,85,9,77,58,81,5,5,5,5,5,5,5,5,5,5,5,5,5,5,5,11,21,16,13,7,9,12,15,6,28,13,20,26,8,13,894000,17,8,11,2026,6,7,2028,61,2010,National Draft,Hybrid Mid Forward,"Auto-classified from height + career goals-rate only (Aug 2026 pass, Tier B: lighter data, see Player Database note); OVR 64.",83,84,102,0,0,0,0,0,0,37,0,0,0,0,0,,,0,0,Retired,2024,retired,"draftguru.com.au 2024 retirements, Sep 13 2024"
1712,Gold Coast,Gold Coast,8,28,Darcy,Macpherson,QLD,88,29,10,1997,174,78,71,67,73,77,81,71,72,72,76,70,69,77,77,75,73,81,72,75,72,88,92,80,46,72,45,57,53,36,36,86,55,72,5,5,5,6,5,5,5,5,5,10,5,5,5,5,5,2,4,2,1,14,7,13,11,11,2,8,7,5,3,16,709000,44,2,5,2025,12,5,2028,44,2016,National Draft,Outside Mid,"Auto-classified from height + career goals-rate only (Aug 2026 pass, Tier B: lighter data, see Player Database note); OVR 58.",73,74,97,0,0,0,0,0,0,29,0,0,0,0,0,,,0,0,Delisted,2024,delisted in 2024,"confirmed by Tyler directly (2026-09-27 correction) — delisted in 2024, not 2026 as originally inferred from footywire absence."
1713,Port Adelaide,Port Adelaide,13,27,Todd,Marshall,SA,83,8,10,1998,198,87,73,74,63,67,65,63,65,69,59,73,64,64,64,65,74,64,70,68,67,79,92,66,44,35,38,47,60,40,42,66,42,62,14,5,5,5,5,5,5,5,8,5,5,5,5,5,5,8,3,5,3,8,3,4,8,3,13,1,4,10,7,5,370000,4,11,8,2025,15,3,2029,16,2016,National Draft,Medium Forward,"Auto-classified from height + career goals-rate only (Aug 2026 pass, Tier B: lighter data, see Player Database note); OVR 44.",60,62,15,151,121,30,69,22,0,8,0,8,43,94,20,-0.702,"2021,2022,2023,2024,2025",0,0,,,,
1714,Richmond,Richmond,14,35,Dustin,Martin,VIC,82,26,6,1991,187,93,76,74,82,78,84,80,78,82,86,75,73,80,80,85,83,88,82,83,78,84,97,86,38,67,80,65,30,47,21,77,60,99,5,5,5,5,5,5,5,5,5,5,5,5,5,5,5,10,19,7,16,14,11,16,10,15,30,13,21,22,14,6,1032000,4,11,8,2026,8,3,2029,3,2009,National Draft,Hybrid Mid Forward,"Auto-classified from real 20-game season profile (Aug 2026 pass, Tier A: full per-game-category real stats); OVR 68.",85,86,20,472,280,192,94,38,56,25,0,22,195,268,27,,,0,0,Retired,2024,retired,"draftguru.com.au 2024 retirements, Aug 6 2024"
1715,Adelaide,Adelaide,1,26,Lachlan,McAndrew,SA,95,26,5,2000,209,101,71,100,82,62,63,85,83,72,79,71,78,66,66,87,68,68,73,69,75,99,95,70,83,90,65,58,40,27,46,63,61,60,5,10,5,5,9,11,5,5,5,5,5,5,5,5,5,3,8,1,1,1,1,5,3,8,1,3,1,1,2,4,477000,42,12,3,2025,11,1,2029,12,2020,Mid-Season Draft,Ruck,"Auto-classified from height + career goals-rate only (Aug 2026 pass, Tier B: lighter data, see Player Database note); OVR 49.",83,85,22,258,124,134,51,103,98,7,708,17,176,88,59,,,0,0,,,,
1716,Brisbane Lions,Brisbane Lions,2,32,Lincoln,McCarthy,QLD,78,22,10,1993,176,84,70,70,68,66,67,69,71,72,62,70,66,66,66,63,75,69,61,73,67,87,102,70,89,81,51,60,42,33,34,93,67,95,5,6,5,5,5,5,5,5,5,5,5,5,5,5,5,13,11,11,4,19,16,5,12,13,26,18,9,3,18,14,411000,11,5,9,2025,1,5,2028,66,2011,National Draft,Small Forward,"Auto-classified from height + career goals-rate only (Aug 2026 pass, Tier B: lighter data, see Player Database note); OVR 46.",59,60,8,104,78,26,38,14,6,6,0,4,36,65,4,-0.584,"2021,2022,2023,2024,2025",0,0,,,,
1717,Sydney,Sydney,16,24,Logan,McDonald,NSW,88,4,4,2002,196,86,72,75,64,68,65,64,63,70,63,72,64,64,64,68,77,64,74,67,69,76,101,65,74,85,71,79,59,44,36,68,35,45,13,13,5,5,5,7,5,5,5,9,5,5,14,5,5,1,1,1,1,1,1,1,1,1,1,1,1,1,1,1,313000,6,4,1,2025,26,11,2027,4,2020,National Draft,Medium Forward,"Auto-classified from height + career goals-rate only (Aug 2026 pass, Tier B: lighter data, see Player Database note); OVR 41.",62,68,21,222,132,90,83,27,6,42,19,21,87,134,22,0.388,"2021,2022,2023,2024,2025",0,0,,,,
1718,Adelaide,Adelaide,1,26,Ned,McHenry,SA,88,13,7,2000,179,70,65,69,68,68,70,68,68,71,66,65,67,68,68,67,73,68,69,72,70,90,96,69,47,68,45,63,75,47,19,67,55,57,5,5,5,11,5,11,5,5,5,5,5,5,5,8,5,3,6,1,11,2,8,4,2,1,3,4,1,4,3,3,278000,25,16,3,2024,18,3,2027,16,2018,National Draft,Small Forward,"Auto-classified from height + career goals-rate only (Aug 2026 pass, Tier B: lighter data, see Player Database note); OVR 39.",60,63,70,0,0,0,0,0,0,32,0,0,0,0,0,,,0,0,Delisted,2024,delisted,"draftguru.com.au 2024 delistings, Oct 4 2024"
1719,West Coast,West Coast,17,26,Milan,Murdock,WA,96,30,6,2000,180,85,64,68,68,68,69,67,67,71,66,64,66,67,67,66,74,68,69,72,70,89,93,68,61,69,43,45,35,31,67,60,46,68,6,5,13,5,9,9,13,14,5,5,5,5,5,14,6,1,4,4,7,7,7,3,1,8,2,3,8,7,1,1,296000,47,28,4,2026,12,3,2028,58,2018,National Draft,Small Forward,"Auto-classified from height + career goals-rate only (Aug 2026 pass, Tier B: lighter data, see Player Database note); OVR 40.",59,61,20,326,162,164,49,80,19,19,0,1,139,183,10,,,0,0,,,,
1720,Adelaide,Adelaide,1,22,Toby,Murray,VIC,97,3,11,2003,200,85,79,79,64,65,63,66,66,69,61,79,65,63,63,66,77,63,73,66,67,106,78,69,65,89,37,66,55,51,48,63,40,68,10,27,11,16,11,5,5,6,26,13,13,9,12,5,5,1,1,1,6,3,1,1,10,3,1,3,2,4,5,1,390000,39,12,2,2024,15,9,2027,7,2023,Mid-Season Draft,Key Forward,"Auto-classified from height + career goals-rate only (Aug 2026 pass, Tier B: lighter data, see Player Database note); OVR 45.",65,69,13,81,60,21,34,27,12,9,106,6,42,45,25,,,0,0,,,,
1721,Gold Coast,Gold Coast,8,19,Jai,Murray,QLD,96,1,7,2007,185,85,71,65,66,79,79,65,67,67,68,71,67,81,81,74,66,74,73,78,67,80,101,79,96,85,83,47,38,29,57,62,53,39,16,12,17,18,24,18,7,28,8,21,14,12,10,13,19,1,1,1,1,1,4,1,1,5,1,1,1,1,6,5,548000,35,6,5,2025,4,6,2028,17,2025,National Draft,Half Back Flanker,"Auto-classified from height + career goals-rate only (Aug 2026 pass, Tier B: lighter data, see Player Database note); OVR 52.",72,75,9,125,78,47,34,15,4,0,0,0,33,95,1,,,0,0,,,,
1722,Carlton,Carlton,3,33,Nic,Newman,VIC,86,15,1,1993,187,83,80,65,67,79,74,69,71,67,66,80,74,76,76,72,65,72,70,81,70,76,89,78,63,87,86,44,40,43,44,72,44,81,5,5,5,5,5,5,5,5,5,5,5,5,5,5,5,11,15,6,28,8,13,13,9,5,5,10,21,10,16,8,370000,24,28,5,2024,11,2,2029,55,2011,National Draft,Medium Defender,"Auto-classified from height + career goals-rate only (Aug 2026 pass, Tier B: lighter data, see Player Database note); OVR 44.",72,73,16,342,258,84,109,40,5,1,0,3,45,220,21,0.731,"2021,2022,2023,2024,2025",0,0,,,,
1723,Greater Western Sydney,Greater Western Sydney,9,20,Harrison,Oliver,VIC,80,15,6,2006,181,85,69,66,72,76,80,70,71,72,76,69,68,77,77,73,71,80,71,74,70,79,104,79,76,71,66,65,55,52,51,73,48,43,20,17,24,14,26,14,16,12,15,12,5,15,5,14,29,1,1,1,1,4,1,4,1,1,6,1,1,3,2,1,626000,19,15,9,2024,2,6,2028,46,2024,National Draft,Outside Mid,"Auto-classified from height + career goals-rate only (Aug 2026 pass, Tier B: lighter data, see Player Database note); OVR 55.",71,73,5,50,32,18,10,11,3,1,0,0,8,42,4,,,0,0,,,,
1724,Greater Western Sydney,Greater Western Sydney,9,19,Jack,Ough,NSW,97,1,7,2007,194,85,74,67,65,72,68,66,66,65,65,74,72,71,71,68,64,65,68,79,68,84,101,67,38,75,37,62,33,43,38,44,33,62,5,11,20,16,27,17,6,14,14,14,14,15,15,23,16,1,3,1,1,1,1,1,1,1,1,1,2,4,2,1,332000,28,24,4,2026,2,10,2029,36,2024,National Draft,Medium Defender,"Auto-classified from height + career goals-rate only (Aug 2026 pass, Tier B: lighter data, see Player Database note); OVR 42.",66,68,5,58,28,30,5,10,13,1,0,0,27,32,3,,,0,0,,,,
1725,Geelong,Geelong,7,28,Brandan,Parfitt,WA,93,27,4,1998,180,79,66,70,68,69,71,69,69,71,66,66,68,69,69,68,74,69,70,73,71,81,94,70,71,39,63,56,51,76,43,73,52,61,5,5,5,5,9,5,5,7,5,5,8,5,6,5,5,16,14,5,8,12,3,7,7,4,10,13,9,6,11,6,370000,3,16,2,2026,18,9,2028,26,2016,National Draft,Small Forward,"Auto-classified from height + career goals-rate only (Aug 2026 pass, Tier B: lighter data, see Player Database note); OVR 44.",62,64,130,0,0,0,0,0,0,48,0,0,0,0,0,,,0,0,Delisted,2024,delisted,"draftguru.com.au 2024 delistings, Sep 24 2024"
1726,Adelaide,Adelaide,1,24,Patrick,Parnell,SA,94,4,3,2002,177,71,65,65,69,69,68,68,67,66,67,65,69,68,68,65,64,67,62,68,71,91,94,66,71,73,55,61,64,41,50,55,38,60,5,5,9,10,5,14,12,5,5,5,7,9,5,6,6,1,1,1,1,1,1,1,1,1,2,4,9,2,1,3,175000,37,4,1,2026,24,11,2028,4,2020,Mid-Season Draft,Back Pocket,"Auto-classified from height + career goals-rate only (Aug 2026 pass, Tier B: lighter data, see Player Database note); OVR 32.",57,59,17,0,0,0,0,0,0,0,0,0,0,0,0,,,0,0,Delisted,2024,delisted,"draftguru.com.au 2024 delistings, Oct 4 2024"
1727,Gold Coast,Gold Coast,8,19,Dylan,Patterson,VIC,87,1,7,2007,184,85,67,70,67,66,67,67,67,70,65,67,66,66,66,66,72,66,70,70,69,79,103,66,70,84,55,69,49,58,56,56,33,49,22,11,12,16,18,7,19,12,15,19,15,10,11,9,14,7,7,1,1,1,1,1,1,1,3,12,3,7,1,1,188000,30,23,3,2024,7,8,2029,5,2025,National Draft,Medium Forward,"Auto-classified from height + career goals-rate only (Aug 2026 pass, Tier B: lighter data, see Player Database note); OVR 33.",58,63,5,36,22,14,7,8,0,3,0,0,7,29,4,,,0,0,,,,
1728,Richmond,Richmond,14,34,Marlion,Pickett,VIC,95,6,1,1992,184,84,70,70,83,74,81,81,79,79,82,69,74,77,77,77,80,85,78,87,76,81,91,83,58,39,69,71,46,42,55,75,49,81,5,5,5,5,5,5,5,5,5,5,5,5,5,5,5,14,10,10,17,18,12,10,15,10,25,5,22,28,11,10,830000,50,9,10,2025,5,2,2029,40,2010,National Draft,Hybrid Mid Forward,"Auto-classified from height + career goals-rate only (Aug 2026 pass, Tier B: lighter data, see Player Database note); OVR 62.",80,81,91,0,0,0,0,0,0,27,0,0,0,0,0,,,0,0,Retired,2024,retired,"draftguru.com.au 2024 retirements, Aug 22 2024"
1729,Sydney,Sydney,16,35,Gary,Rohan,NSW,92,7,6,1991,189,92,69,73,69,70,71,69,69,73,66,69,69,69,69,69,74,69,69,73,71,80,86,70,77,80,55,60,47,49,20,82,52,76,5,5,5,5,5,5,5,5,5,5,5,5,5,5,5,27,10,11,11,14,16,16,10,7,27,5,15,19,14,13,332000,16,14,6,2025,22,8,2029,6,2009,National Draft,Medium Forward,"Auto-classified from height + career goals-rate only (Aug 2026 pass, Tier B: lighter data, see Player Database note); OVR 42.",62,63,106,0,0,0,0,0,0,96,0,0,0,0,0,,,0,0,Delisted,2024,delisted,"draftguru.com.au 2024 delistings, Sep 24 2024"
1730,St Kilda,St Kilda,15,33,Sebastian,Ross,NSW,94,7,5,1993,188,88,74,71,68,75,71,69,69,68,68,74,75,74,74,72,67,70,74,81,72,79,100,71,68,70,44,65,43,83,29,88,61,80,5,5,5,5,5,5,5,5,5,5,5,5,5,5,5,18,17,15,27,14,19,17,14,14,14,9,17,9,17,7,477000,6,21,1,2024,20,3,2029,25,2011,National Draft,Medium Defender,"Auto-classified from height + career goals-rate only (Aug 2026 pass, Tier B: lighter data, see Player Database note); OVR 49.",72,73,211,0,0,0,0,0,0,36,0,0,0,0,0,,,0,0,Delisted,2024,delisted,"draftguru.com.au 2024 delistings, Aug 29 2024"
1731,West Coast,West Coast,17,28,Josh,Rotham,WA,96,25,2,1998,193,86,74,68,66,73,69,67,67,66,66,74,73,72,72,69,66,67,69,79,69,86,91,69,55,38,60,37,68,41,41,75,35,73,5,5,5,5,5,10,5,5,5,5,5,5,5,5,5,1,7,6,10,7,5,4,1,2,11,1,3,5,14,6,296000,35,15,5,2025,18,3,2027,37,2016,National Draft,Medium Defender,"Auto-classified from height + career goals-rate only (Aug 2026 pass, Tier B: lighter data, see Player Database note); OVR 40.",67,68,72,0,0,0,0,0,0,2,0,0,0,0,0,,,0,0,Delisted,2024,delisted,"draftguru.com.au 2024 delistings, Oct 21 2024"
1732,Brisbane Lions,Brisbane Lions,2,28,Brandon,Ryan,QLD,92,7,11,1997,200,91,79,79,64,66,63,66,66,69,62,79,65,63,63,67,78,63,73,66,67,94,71,69,79,67,72,51,59,23,52,70,47,39,4,4,4,4,4,5,4,4,4,6,4,4,4,9,7,4,14,1,11,12,6,5,1,7,1,4,6,1,10,1,477000,24,2,10,2024,13,9,2028,51,2016,Rookie Draft,Key Forward,"Auto-classified from height + career goals-rate only (Aug 2026 pass, Tier B: lighter data, see Player Database note); OVR 49.",65,65,1,0,0,0,0,0,0,1,0,0,0,0,0,-3.029,"2023,2024,2025",0,0,Delisted,2026,delisted,draftguru.com.au 2024-2026 retirements/delistings (year/type sub-classification not preserved in this round's flat source list)
1733,Fremantle,Fremantle,6,20,Chris,Scerri,WA,88,6,7,2006,177,85,69,65,72,76,80,70,70,72,76,69,68,77,77,73,71,80,71,74,71,76,94,79,69,71,70,54,49,34,52,50,35,69,5,8,13,8,28,15,9,12,6,8,18,14,14,5,25,1,1,1,3,1,1,7,5,6,1,11,1,6,1,4,626000,45,25,5,2026,18,11,2027,46,2024,National Draft,Outside Mid,"Auto-classified from height + career goals-rate only (Aug 2026 pass, Tier B: lighter data, see Player Database note); OVR 55.",71,73,9,86,19,67,9,17,2,1,0,1,42,43,8,,,0,0,,,,
1734,Western Bulldogs,Western Bulldogs,18,31,Anthony,Scott,VIC,80,28,2,1995,180,76,65,69,68,68,69,67,68,71,65,65,67,68,68,67,73,68,69,72,70,92,94,68,48,46,37,30,77,24,55,83,48,59,5,5,5,5,5,5,5,5,5,5,5,5,5,5,5,9,19,9,3,25,5,5,6,7,19,12,2,10,8,3,246000,28,18,10,2025,3,5,2027,60,2013,National Draft,Small Forward,"Auto-classified from height + career goals-rate only (Aug 2026 pass, Tier B: lighter data, see Player Database note); OVR 37.",60,61,59,0,0,0,0,0,0,29,0,0,0,0,0,-0.297,"2021,2022,2023,2024,2025",0,0,Delisted,2026,delisted,draftguru.com.au 2024-2026 retirements/delistings (year/type sub-classification not preserved in this round's flat source list)
1735,West Coast,West Coast,17,31,Dom,Sheed,VIC,89,10,4,1995,185,87,71,71,82,75,82,82,81,78,84,71,75,78,78,79,80,86,79,85,79,79,89,84,60,48,71,71,54,63,31,91,50,75,4,4,7,4,10,4,4,4,4,4,4,4,4,4,4,6,5,10,6,8,10,3,8,12,20,12,18,19,16,14,894000,4,11,5,2026,15,1,2027,11,2013,National Draft,Hybrid Mid Forward,"Auto-classified from height + career goals-rate only (Aug 2026 pass, Tier B: lighter data, see Player Database note); OVR 64.",83,84,165,0,0,0,0,0,0,69,0,0,0,0,0,-1.045,"2021,2022,2023,2024,2025",0,0,Delisted,2026,delisted,draftguru.com.au 2024-2026 retirements/delistings (year/type sub-classification not preserved in this round's flat source list)
1736,North Melbourne,North Melbourne,12,27,Jaidyn,Stephenson,VIC,89,15,1,1999,188,78,68,72,69,68,69,68,69,72,66,68,68,68,68,68,72,68,69,72,71,76,92,69,62,82,87,46,63,27,46,79,43,77,9,5,5,5,5,5,10,5,5,5,5,5,8,5,6,11,1,9,5,2,1,2,4,1,4,1,7,8,5,10,262000,2,6,4,2026,18,7,2029,6,2017,National Draft,Medium Forward,"Auto-classified from height + career goals-rate only (Aug 2026 pass, Tier B: lighter data, see Player Database note); OVR 38.",60,62,68,0,0,0,0,0,0,54,0,0,0,0,0,,,0,0,Retired,2024,retired,"draftguru.com.au 2024 retirements, Oct 29 2024"
1737,Adelaide,Adelaide,1,30,Kieran,Strachan,SA,79,5,10,1995,204,95,71,99,81,63,63,84,82,72,79,71,77,66,66,87,68,69,72,69,74,101,74,70,40,70,89,57,36,32,61,84,47,70,4,4,4,4,4,4,4,4,4,4,4,4,4,4,6,12,25,11,4,7,7,12,37,1,14,13,1,15,7,15,390000,45,1,6,2025,19,2,2028,54,2014,National Draft,Ruck,"Auto-classified from height + career goals-rate only (Aug 2026 pass, Tier B: lighter data, see Player Database note); OVR 45.",82,82,7,0,0,0,0,0,0,1,0,0,0,0,0,-1.51,"2021,2022,2025",0,0,Delisted,2026,delisted,draftguru.com.au 2024-2026 retirements/delistings (year/type sub-classification not preserved in this round's flat source list)
1738,Fremantle,Fremantle,6,26,Sam,Sturt,WA,82,12,5,2000,189,72,67,71,67,67,68,67,68,70,65,67,66,67,67,66,71,67,69,70,70,79,88,67,57,43,52,65,44,24,26,58,55,52,12,6,6,6,6,15,6,6,6,6,8,6,8,6,10,2,8,7,1,3,3,1,1,1,1,2,1,1,4,1,262000,1,17,3,2025,27,6,2029,17,2018,National Draft,Medium Forward,"Auto-classified from height + career goals-rate only (Aug 2026 pass, Tier B: lighter data, see Player Database note); OVR 38.",57,59,31,0,0,0,0,0,0,43,0,0,0,0,0,1.267,"2021,2023,2024,2025",0,0,Injured,2026,"hamstring (footywire Status field: 'Expected return: TBC', treated as season-ending — 0 games played in 2026)","footywire.com player profile, live Status field + 2026 season stats page (0 games)"
1739,Fremantle,Fremantle,6,33,Matthew,Taberner,WA,87,17,6,1993,198,99,69,72,69,69,69,68,69,72,66,69,68,68,68,68,73,68,70,72,71,74,91,69,60,62,35,61,54,23,36,82,53,81,5,5,5,5,5,5,5,5,5,5,5,5,5,5,5,20,8,14,9,18,17,12,5,12,18,15,8,15,17,7,313000,20,3,11,2024,15,12,2027,11,2012,Rookie Draft,Medium Forward,"Auto-classified from height + career goals-rate only (Aug 2026 pass, Tier B: lighter data, see Player Database note); OVR 41.",61,62,125,0,0,0,0,0,0,173,0,0,0,0,0,,,0,0,Delisted,2024,delisted,"draftguru.com.au 2024 delistings, Sep 11 2024"
1740,North Melbourne,North Melbourne,12,26,Curtis,Taylor,VIC,95,6,4,2000,187,78,69,70,83,74,80,80,79,79,82,69,73,77,77,77,80,84,78,87,76,81,89,83,99,56,82,30,52,23,28,74,60,58,12,5,9,14,5,14,15,5,18,12,5,9,5,6,5,7,11,4,6,8,8,2,1,1,1,1,1,5,7,1,799000,5,1,1,2024,16,11,2027,46,2018,National Draft,Hybrid Mid Forward,"Auto-classified from height + career goals-rate only (Aug 2026 pass, Tier B: lighter data, see Player Database note); OVR 61.",80,82,76,0,0,0,0,0,0,33,0,0,0,0,0,,,0,0,Delisted,2024,delisted,"draftguru.com.au 2024 delistings, Sep 20 2024"
1741,West Coast,West Coast,17,24,Zane,Trew,WA,84,26,4,2002,187,81,68,69,83,73,81,80,79,80,83,68,72,76,76,76,80,85,79,88,75,84,93,83,70,65,48,47,56,27,41,56,45,55,9,5,5,10,6,5,8,10,16,13,11,16,24,5,5,11,1,6,8,1,7,6,4,3,1,1,1,1,1,1,653000,26,8,11,2024,28,7,2028,12,2020,Rookie Draft,Hybrid Mid Forward,"Auto-classified from height + career goals-rate only (Aug 2026 pass, Tier B: lighter data, see Player Database note); OVR 56.",80,82,13,0,0,0,0,0,0,4,0,0,0,0,0,,,0,0,Delisted,2024,delisted,"draftguru.com.au 2024 delistings, Sep 18 2024"
1742,Geelong,Geelong,7,36,Zach,Tuohy,VIC,92,10,12,1989,187,93,73,71,84,74,84,86,78,79,82,73,77,80,76,83,81,88,79,84,79,76,94,86,77,49,74,65,48,38,34,84,57,83,5,5,5,5,5,5,5,5,5,5,5,5,5,5,5,15,14,13,18,9,11,16,20,17,21,8,30,31,21,23,830000,2,16,11,2026,26,12,2029,40,2008,National Draft,Hybrid Mid Forward,"Auto-classified from height + career goals-rate only (Aug 2026 pass, Tier B: lighter data, see Player Database note); OVR 62.",84,85,168,0,0,0,0,0,0,61,0,0,0,0,0,,,0,0,Retired,2024,retired,"draftguru.com.au 2024 retirements, Aug 21 2024"
1743,Gold Coast,Gold Coast,8,24,Jamarra,Ugle-Hagan,QLD,94,4,4,2002,194,84,66,71,62,63,64,63,65,67,59,66,63,64,64,63,73,62,62,66,65,91,92,63,76,78,47,41,41,44,52,63,55,66,24,21,9,5,16,5,15,5,5,7,15,5,12,11,8,2,3,1,1,4,1,5,1,3,1,2,2,2,1,3,313000,9,12,11,2024,3,11,2027,1,2020,National Draft,Medium Forward,"Auto-classified from height + career goals-rate only (Aug 2026 pass, Tier B: lighter data, see Player Database note); OVR 41.",56,63,3,17,15,2,8,2,0,4,0,1,7,9,2,0.728,"2021,2022,2023,2024,2025",0,0,,,,
1744,Gold Coast,Gold Coast,8,19,Zeke,Uwland,QLD,93,1,7,2007,179,85,64,68,67,67,69,66,67,70,64,64,65,67,67,66,73,68,68,72,69,94,106,68,87,70,70,59,49,43,40,80,56,64,15,5,9,13,42,11,17,6,14,38,24,16,5,19,5,1,1,2,8,3,1,1,2,8,1,1,5,1,1,1,202000,32,10,8,2025,14,8,2027,2,2025,National Draft,Small Forward,"Auto-classified from height + career goals-rate only (Aug 2026 pass, Tier B: lighter data, see Player Database note); OVR 34.",60,72,17,262,159,103,65,22,7,7,0,1,60,204,7,,,0,0,,,,
1745,Fremantle,Fremantle,6,35,Michael,Walters,WA,89,7,1,1991,178,78,68,72,71,71,71,70,69,72,68,67,70,71,71,71,72,71,71,75,73,90,97,73,57,60,69,52,39,36,35,79,56,95,4,4,4,4,4,4,4,4,4,4,4,4,4,4,4,14,19,8,17,40,22,18,11,13,24,34,9,17,14,12,432000,10,15,6,2025,28,8,2029,53,2008,National Draft,Small Forward,"Auto-classified from height + career goals-rate only (Aug 2026 pass, Tier B: lighter data, see Player Database note); OVR 47.",64,65,239,0,0,0,0,0,0,365,0,0,0,0,0,-0.925,"2021,2022,2023,2024,2025",0,0,Delisted,2026,delisted,draftguru.com.au 2024-2026 retirements/delistings (year/type sub-classification not preserved in this round's flat source list)
1746,Port Adelaide,Port Adelaide,13,25,Jack,Watkins,SA,96,18,12,2000,176,85,69,65,72,76,80,70,70,72,76,69,68,77,77,73,71,80,71,74,70,81,94,79,77,45,43,74,42,28,58,73,45,52,8,5,5,8,10,16,5,5,5,5,12,18,5,15,11,7,1,1,3,5,1,2,1,1,1,1,1,12,1,7,574000,37,23,4,2026,23,9,2027,4,2025,Rookie Draft,Outside Mid,"Auto-classified from height + career goals-rate only (Aug 2026 pass, Tier B: lighter data, see Player Database note); OVR 53.",71,72,11,149,89,60,33,24,13,3,0,2,41,103,5,,,0,0,,,,
1747,Western Bulldogs,Western Bulldogs,18,25,Cody,Weightman,VIC,86,15,1,2001,177,73,62,67,69,68,67,68,68,69,66,62,66,67,67,65,71,69,65,73,71,90,99,69,71,64,65,43,48,27,30,73,45,74,5,5,5,5,12,8,10,11,5,7,7,9,5,11,5,1,8,1,6,4,1,1,3,4,4,1,6,1,1,1,370000,19,16,5,2024,9,6,2028,15,2019,National Draft,Small Forward,"Auto-classified from height + career goals-rate only (Aug 2026 pass, Tier B: lighter data, see Player Database note); OVR 44.",57,61,10,126,79,47,25,23,11,7,0,1,58,67,8,0.2,"2021,2022,2023,2024,2025",0,0,,,,
1748,West Coast,West Coast,17,27,Alex,Witherden,SA,78,10,9,1998,188,85,75,69,66,74,70,67,68,67,67,74,73,73,73,70,66,68,70,80,70,76,94,69,83,77,40,60,51,50,31,78,44,74,5,11,5,5,5,5,5,5,5,5,5,5,5,5,5,2,10,4,7,1,8,1,5,6,1,3,7,7,3,1,332000,23,17,6,2025,28,12,2027,23,2016,National Draft,Medium Defender,"Auto-classified from height + career goals-rate only (Aug 2026 pass, Tier B: lighter data, see Player Database note); OVR 42.",69,71,62,0,0,0,0,0,0,3,0,0,0,0,0,,,0,0,Delisted,2024,delisted,"draftguru.com.au 2024 delistings, Oct 18 2024"
1749,West Coast,West Coast,17,32,Elliot,Yeo,WA,78,1,10,1993,190,89,63,66,86,70,73,82,81,79,77,63,78,73,73,72,71,78,78,82,79,81,87,77,55,48,44,65,40,48,29,62,63,93,5,5,5,5,5,5,5,5,5,5,5,5,5,5,5,18,13,9,4,12,17,10,12,1,19,8,8,13,11,4,296000,6,12,11,2024,25,7,2029,30,2011,National Draft,Medium Forward,"Auto-classified from height + career goals-rate only (Aug 2026 pass, Tier B: lighter data, see Player Database note); OVR 40.",65,66,21,350,193,157,53,109,78,13,0,1,163,181,20,0.499,"2021,2022,2023,2024,2025",0,0,,,,
1750,Port Adelaide,Port Adelaide,13,22,Mitch,Zadow,SA,79,11,3,2004,180,85,71,65,66,79,78,65,67,67,67,71,67,81,81,73,66,74,73,78,67,73,99,79,90,90,44,49,41,50,51,70,50,43,6,10,13,5,8,17,5,10,23,5,15,5,6,5,22,3,1,1,1,4,1,1,1,10,1,1,7,5,1,1,548000,39,12,8,2026,20,9,2029,48,2022,National Draft,Half Back Flanker,"Auto-classified from height + career goals-rate only (Aug 2026 pass, Tier B: lighter data, see Player Database note); OVR 52.",71,73,9,54,46,8,15,17,5,8,0,0,27,31,7,,,0,0,,,,
1751,Brisbane Lions,Brisbane Lions,2,20,Zane,Zakostelsky,QLD,96,14,12,2005,196,85,68,69,83,73,81,81,80,80,83,68,72,77,77,76,80,85,79,88,75,79,108,84,87,38,63,63,25,42,51,57,30,44,14,7,9,16,10,12,16,13,23,11,10,20,27,14,13,1,1,1,1,1,3,5,1,3,2,1,4,1,1,1,709000,21,11,1,2024,8,6,2028,51,2023,National Draft,Hybrid Mid Forward,"Auto-classified from height + career goals-rate only (Aug 2026 pass, Tier B: lighter data, see Player Database note); OVR 58.",80,81,3,22,16,6,12,5,2,1,20,1,9,14,10,,,0,0,,,,
1752,Hawthorn,Hawthorn,10,25,Flynn,Perez,VIC,90,25,8,2001,187,82,69,66,72,76,80,70,71,72,76,69,69,76,76,73,71,80,71,74,71,79,81,79,50,50,50,50,50,50,20,50,45,50,72,39,44,70,36,32,74,73,66,63,53,54,36,56,37,10,16,22,14,18,6,10,20,15,20,22,21,20,16,22,140000,39,1,1,2026,1,1,2028,35,2019,National Draft,Outside Mid,"midfield profile: clearances 0.14/g, contested poss 3.57/g, uncontested poss 8.29/g",71,72,7,79,36,43,14,25,1,0,0,0,25,58,11,,,0,0,,,,
1753,Essendon,Essendon,5,24,Nik,Cox,VIC,90,15,1,2002,199,82,65,66,85,73,75,81,79,75,84,65,75,72,72,74,72,81,73,73,77,86,98,77,50,50,50,50,50,50,20,50,32,50,52,50,51,38,49,66,55,62,67,39,68,72,37,74,34,16,10,16,13,17,24,5,16,23,15,11,10,9,16,9,140000,13,1,1,2026,1,1,2028,8,2020,National Draft,Inside Mid,"midfield profile: clearances 0.88/g, contested poss 4.25/g, uncontested poss 6.88/g",76,81,8,88,44,44,25,9,7,3,1,3,34,55,6,,,0,0,,,,
1754,Geelong,Geelong,7,24,Tanner,Bruhn,VIC,90,27,5,2002,183,74,66,66,86,74,78,82,80,75,85,66,75,74,74,77,73,83,75,74,77,94,76,79,50,50,50,50,50,50,20,50,56,50,69,43,35,41,31,66,68,57,67,75,72,57,45,49,33,19,8,25,21,8,22,12,15,20,23,6,24,24,20,7,140000,4,1,1,2026,1,1,2028,12,2020,National Draft,Inside Mid,"midfield profile: clearances 1.86/g, contested poss 6.10/g, uncontested poss 15.33/g",79,80,21,462,270,192,97,64,39,1,0,0,128,322,14,,,0,0,,,,
1755,Richmond,Richmond,14,22,Judson,Clarke,VIC,90,17,10,2003,180,72,64,65,87,72,76,83,81,77,86,64,76,73,73,75,71,82,73,73,78,100,74,78,50,50,50,50,50,50,20,50,30,50,50,35,47,33,64,49,56,63,70,52,53,56,48,32,38,7,16,10,18,23,22,9,16,25,9,7,22,22,23,14,140000,23,1,1,2026,1,1,2028,30,2021,National Draft,Inside Mid,"midfield profile: clearances 1.33/g, contested poss 5.00/g, uncontested poss 6.00/g",78,79,3,35,17,18,7,4,4,0,0,0,15,18,2,,,0,0,,,,
1756,Sydney,Sydney,16,23,Jai,Serong,VIC,90,16,2,2003,193,82,78,71,63,67,61,66,66,64,63,78,79,66,66,66,62,58,69,85,68,88,96,63,50,50,50,50,50,50,20,50,52,50,44,56,72,65,48,57,36,46,34,38,57,58,72,54,34,8,14,22,13,9,11,12,24,19,23,17,7,5,14,7,140000,13,1,1,2026,1,1,2028,53,2021,National Draft,Key Defender,"defensive profile: rebound50s 2.23/g, one-percenters 1.91/g, height 193cm",63,66,22,397,207,190,108,62,34,7,0,13,137,255,42,,,0,0,,,,
1757,North Melbourne,North Melbourne,12,23,Josh,Goater,VIC,90,2,6,2003,190,80,71,65,65,79,78,65,66,67,67,71,67,81,81,74,66,74,73,78,68,82,80,79,50,50,50,50,50,50,20,50,45,50,67,55,54,54,72,41,37,50,31,68,62,36,44,62,68,9,18,15,18,14,10,13,19,21,23,20,7,14,22,19,140000,31,1,1,2026,1,1,2028,22,2021,National Draft,Half Back Flanker,"defensive profile: rebound50s 2.50/g, one-percenters 1.83/g, height 190cm",71,72,6,92,46,46,29,5,1,0,0,2,18,73,11,,,0,0,,,,
1758,Collingwood,Collingwood,4,22,Harvey,Harrison,SA,90,10,11,2003,181,83,69,66,72,76,80,70,70,72,76,69,68,77,77,74,71,80,71,74,71,90,82,79,50,50,50,50,50,50,20,50,43,50,73,69,51,66,72,39,40,45,38,50,34,63,31,58,38,5,17,5,17,15,10,14,17,10,12,10,22,13,11,19,140000,36,1,1,2026,1,1,2028,52,2021,National Draft,Outside Mid,"midfield profile: clearances 0.58/g, contested poss 2.50/g, uncontested poss 8.33/g",72,74,12,128,80,48,40,37,7,4,0,1,30,100,4,,,0,0,,,,
1759,Melbourne,Melbourne,11,22,Andy,Moniz-Wakefield,NT,90,26,10,2003,182,73,64,65,87,72,76,83,81,78,86,64,76,73,73,74,71,82,73,72,78,81,98,78,50,50,50,50,50,50,20,50,38,50,34,60,71,31,72,62,54,33,57,49,44,61,45,49,38,21,7,12,18,7,24,16,13,21,11,22,20,14,21,13,140000,45,1,1,2026,1,1,2028,0,2021,Category B Rookie Selection 2021,Inside Mid,"midfield profile: clearances 0.50/g, contested poss 2.50/g, uncontested poss 4.00/g",78,87,2,15,7,8,3,5,1,1,0,0,5,8,1,,,0,0,,,,
1760,Carlton,Carlton,3,18,Harry,Dean,VIC,90,13,11,2007,194,94,78,71,63,67,61,66,66,63,63,78,78,65,65,66,62,58,68,85,67,86,87,63,50,50,50,50,50,50,20,50,40,50,55,71,73,49,42,54,68,53,43,53,33,45,51,53,53,22,12,8,6,8,21,17,17,24,20,15,24,24,7,22,140000,35,1,1,2026,1,1,2028,3,2025,National Draft,Key Defender,"defensive profile: rebound50s 1.86/g, one-percenters 5.29/g, height 194cm",65,110,21,253,155,98,104,28,4,1,0,9,80,174,111,,,0,0,,,,
1761,Carlton,Carlton,3,20,Jagga,Smith,VIC,90,28,1,2006,182,84,65,66,86,74,77,82,80,75,86,65,76,74,74,76,72,83,74,74,79,89,84,78,50,50,50,50,50,50,20,50,52,50,69,50,68,31,55,51,58,53,43,70,44,42,31,57,53,21,15,5,10,5,9,22,20,5,24,12,9,14,19,18,140000,7,1,1,2026,1,1,2028,3,2024,National Draft,Inside Mid,"midfield profile: clearances 4.50/g, contested poss 9.29/g, uncontested poss 15.96/g",81,110,24,601,254,347,74,66,108,10,0,1,223,383,13,,,0,0,,,,
1762,Western Bulldogs,Western Bulldogs,18,20,Lachie,Jaques,VIC,90,1,6,2006,184,81,71,65,66,79,79,65,66,67,68,71,67,81,81,74,66,74,73,78,67,100,89,79,50,50,50,50,50,50,20,50,44,50,38,72,51,39,67,33,38,63,65,52,39,54,46,33,65,17,7,23,15,17,7,10,9,8,12,12,7,10,22,15,140000,11,1,1,2026,1,1,2028,29,2024,National Draft,Half Back Flanker,"defensive profile: rebound50s 2.70/g, one-percenters 1.40/g, height 184cm",72,74,10,147,99,48,44,21,4,0,0,1,31,109,14,,,0,0,,,,
1763,Western Bulldogs,Western Bulldogs,18,22,Michael,Sellwood,WA,90,2,10,2003,186,81,72,65,66,79,78,66,67,67,67,72,67,81,81,74,66,74,73,78,68,88,87,79,50,50,50,50,50,50,20,50,55,50,47,44,62,58,34,50,38,32,55,63,69,31,58,32,34,20,7,18,19,22,6,17,12,15,8,8,5,18,19,9,140000,37,1,1,2026,1,1,2028,5,2024,Mid-Season Draft,Half Back Flanker,"defensive profile: rebound50s 3.04/g, one-percenters 3.04/g, height 186cm",72,74,24,303,189,114,107,63,3,0,0,14,111,193,73,,,0,0,,,,
1764,Richmond,Richmond,14,19,Sam,Grlj,VIC,90,26,7,2007,182,82,69,66,72,76,80,70,70,72,76,69,68,77,77,73,71,80,71,73,70,99,76,79,50,50,50,50,50,50,20,50,42,50,61,31,36,65,70,53,58,61,53,66,38,42,67,63,39,24,21,8,22,15,8,25,11,12,10,17,21,12,24,17,140000,24,1,1,2026,1,1,2028,8,2025,National Draft,Outside Mid,"midfield profile: clearances 0.57/g, contested poss 3.24/g, uncontested poss 10.14/g",71,72,21,296,159,137,56,57,12,2,0,0,68,213,10,,,0,0,,,,
1765,Essendon,Essendon,5,19,Hussien,El Achkar,VIC,90,2,4,2007,171,76,64,68,67,67,68,66,67,70,64,64,66,67,67,66,74,67,68,71,69,94,83,68,50,50,50,50,50,50,20,50,33,50,54,66,64,60,71,53,46,64,67,33,65,70,52,74,67,21,25,16,19,21,18,9,20,21,8,8,12,10,5,16,140000,33,1,1,2026,1,1,2028,53,2025,National Draft,Small Forward,"forward profile: goals 1.11/g, marksInside50 0.56/g, height 171cm",58,59,9,66,33,33,8,22,6,10,0,0,38,28,3,,,0,0,,,,
1766,Essendon,Essendon,5,18,Max,Kondogiannis,VIC,90,14,11,2007,191,88,74,67,65,72,68,65,66,65,65,74,72,71,71,68,64,66,68,79,68,98,99,68,50,50,50,50,50,50,20,50,35,50,67,52,65,36,67,35,63,73,34,38,69,73,75,67,71,5,7,9,16,24,8,13,9,12,21,10,14,9,13,7,140000,29,1,1,2026,1,1,2028,36,2025,National Draft,Medium Defender,"defensive profile: rebound50s 1.17/g, one-percenters 1.58/g, height 191cm",66,70,12,122,54,68,26,24,6,1,0,0,33,96,19,,,0,0,,,,
1767,Essendon,Essendon,5,19,Dyson,Sharp,SA,90,23,5,2007,187,84,64,65,87,72,76,83,81,77,86,64,76,73,73,75,71,82,73,73,78,79,84,78,50,50,50,50,50,50,20,50,50,50,36,52,56,67,45,51,50,43,33,65,39,60,51,39,55,10,15,17,15,6,11,18,23,7,18,13,18,18,12,7,140000,15,1,1,2026,1,1,2028,13,2025,National Draft,Inside Mid,"midfield profile: clearances 3.13/g, contested poss 7.13/g, uncontested poss 10.27/g",78,80,15,265,135,130,53,56,47,3,0,3,107,154,10,,,0,0,,,,
1768,Western Bulldogs,Western Bulldogs,18,27,Will,Lewis,VIC,90,5,5,1999,194,95,79,79,64,66,63,66,66,69,62,79,65,63,63,66,78,63,73,66,67,81,86,69,50,50,50,50,50,50,20,50,57,50,50,71,46,38,36,69,52,37,35,75,47,66,64,46,66,20,22,6,21,20,12,23,15,8,9,23,21,12,12,18,140000,28,1,1,2026,1,1,2028,0,2025,Pre-Season Supplemental Selection (SSP),Key Forward,"forward profile: goals 1.08/g, marksInside50 1.17/g, height 194cm",65,66,12,104,63,41,27,25,2,13,2,6,54,54,12,,,0,0,,,,
1769,Geelong,Geelong,7,21,Mitchell,Edwards,WA,90,2,6,2005,206,104,71,98,81,63,63,84,82,72,79,71,77,66,66,85,68,68,72,69,74,75,89,70,50,50,50,50,50,50,20,50,59,50,43,61,49,46,56,37,62,73,61,62,34,38,31,46,50,23,21,22,20,6,23,11,23,21,19,19,22,25,23,13,140000,11,1,1,2026,1,1,2028,32,2023,National Draft,Ruck,Dominant hitouts (21.0/g),81,82,18,186,71,115,24,35,49,3,378,7,101,78,33,,,0,0,,,,
1770,North Melbourne,North Melbourne,12,24,Tom,Blamires,VIC,90,13,8,2002,181,82,65,65,69,69,68,68,67,66,67,65,69,68,68,65,64,67,62,68,71,84,99,67,50,50,50,50,50,50,20,50,45,50,64,70,66,74,64,63,47,65,61,66,35,36,48,33,47,15,22,16,11,20,17,6,16,24,8,8,8,9,16,21,140000,39,1,1,2026,1,1,2028,0,2025,Pre-Season Supplemental Selection (SSP),Back Pocket,"defensive profile: rebound50s 2.18/g, one-percenters 0.71/g, height 181cm",57,64,17,293,169,124,53,29,16,3,0,0,76,198,12,,,0,0,,,,
1771,North Melbourne,North Melbourne,12,19,Lachy,Dovaston,VIC,90,29,5,2007,178,84,64,65,87,72,76,83,81,78,86,64,76,73,73,74,71,82,73,72,78,79,99,78,50,50,50,50,50,50,20,50,40,50,55,39,51,37,34,73,40,64,44,74,49,72,32,37,68,25,24,7,23,5,21,6,17,10,17,14,23,25,20,23,140000,1,1,1,2026,1,1,2028,16,2025,National Draft,Inside Mid,"midfield profile: clearances 0.83/g, contested poss 3.50/g, uncontested poss 4.50/g",78,80,6,49,29,20,15,10,5,3,0,0,21,27,2,,,0,0,,,,
1772,Melbourne,Melbourne,11,20,Latrelle,Pickett,SA,90,28,12,2005,182,84,64,65,87,72,76,83,81,77,86,64,76,73,73,75,71,82,73,73,78,86,84,78,50,50,50,50,50,50,20,50,56,50,36,50,55,71,31,51,71,41,32,57,35,56,58,68,66,18,20,22,17,7,10,16,7,19,7,16,13,12,5,21,140000,33,1,1,2026,1,1,2028,12,2025,National Draft,Inside Mid,"midfield profile: clearances 1.00/g, contested poss 3.63/g, uncontested poss 5.75/g",78,80,16,140,82,58,27,17,16,10,0,1,58,92,13,,,0,0,,,,
1773,Collingwood,Collingwood,4,23,Oscar,Steene,SA,90,23,8,2003,201,100,79,86,69,63,62,72,72,69,69,79,69,63,63,71,72,63,69,65,68,92,80,67,50,50,50,50,50,50,20,50,49,50,42,49,55,33,69,36,37,63,45,42,45,62,43,54,72,15,20,23,23,10,16,22,19,14,22,15,7,24,20,19,140000,21,1,1,2026,1,1,2028,0,2023,Pre-Season Supplemental Selection (SSP),Hybrid Key Forward Ruck,Ruck minutes (11.4 HO/g) plus real forward output (goals 0.50/g),69,75,8,67,23,44,18,12,15,4,91,5,41,24,7,,,0,0,,,,
1774,Essendon,Essendon,5,19,Jacob,Farrow,WA,90,21,9,2007,188,88,80,68,64,74,68,66,67,63,65,80,75,72,72,72,63,65,76,87,67,89,96,68,50,50,50,50,50,50,20,50,40,50,45,40,68,68,51,32,34,57,64,41,37,50,40,62,54,14,10,21,25,10,10,14,16,9,15,22,22,18,6,6,140000,2,1,1,2026,1,1,2028,10,2025,National Draft,Intercept Defender,"defensive profile: rebound50s 3.00/g, one-percenters 0.38/g, height 188cm",69,73,21,370,225,145,128,37,13,4,0,2,84,267,8,,,0,0,,,,
1775,Carlton,Carlton,3,18,Talor,Byrne,VIC,90,14,11,2007,174,77,62,67,67,66,64,68,68,68,66,62,67,65,65,64,68,63,61,63,69,98,91,62,50,50,50,50,50,50,20,50,39,50,54,33,72,49,39,59,31,54,65,71,68,71,38,39,57,22,5,22,16,6,21,9,18,24,5,25,13,15,8,15,140000,39,1,1,2026,1,1,2028,45,2025,National Draft,Pressure Forward,"forward profile: goals 0.79/g, marksInside50 0.95/g, height 174cm",53,57,19,171,106,65,62,49,9,15,0,4,71,106,21,,,0,0,,,,
1776,Melbourne,Melbourne,11,23,Paddy,Cross,VIC,90,14,2,2003,181,84,64,65,87,72,76,83,81,77,86,64,76,73,73,74,71,82,73,72,78,99,74,78,50,50,50,50,50,50,20,50,37,50,59,65,44,75,42,52,35,52,34,71,37,71,54,66,35,15,23,8,5,21,9,18,6,14,19,12,25,11,20,17,140000,41,1,1,2026,1,1,2028,0,2026,Pre-Season Supplemental Selection (SSP),Inside Mid,"midfield profile: clearances 0.45/g, contested poss 3.09/g, uncontested poss 5.27/g",78,79,11,87,51,36,23,31,5,6,0,4,34,58,12,,,0,0,,,,
1777,Carlton,Carlton,3,25,Wade,Derksen,NSW,90,18,6,2001,194,94,78,71,63,67,61,66,66,62,63,78,78,65,65,66,62,58,68,85,67,101,84,63,50,50,50,50,50,50,20,50,51,50,38,61,38,49,63,45,62,71,31,73,67,52,56,61,37,21,8,14,18,7,19,6,24,19,19,20,24,5,22,11,140000,47,1,1,2026,1,1,2028,5,2021,Mid-Season Draft,Key Defender,"defensive profile: rebound50s 2.21/g, one-percenters 4.79/g, height 194cm",62,64,14,189,128,61,78,11,1,0,0,8,59,122,67,,,0,0,,,,
1778,Hawthorn,Hawthorn,10,19,Jack,Dalton,VIC,90,5,4,2007,178,84,64,65,87,72,76,83,81,78,86,64,76,73,73,74,71,83,73,72,78,101,79,78,50,50,50,50,50,50,20,50,51,50,51,45,39,41,55,31,50,42,50,32,70,59,51,49,49,17,8,13,6,22,20,14,9,16,21,24,11,12,20,20,140000,34,1,1,2026,1,1,2028,34,2025,National Draft,Inside Mid,"midfield profile: clearances 0.40/g, contested poss 4.20/g, uncontested poss 8.20/g",78,79,5,56,25,31,16,19,2,3,0,0,21,41,4,,,0,0,,,,
1779,Collingwood,Collingwood,4,23,Angus,Anderson,NSW,90,25,5,2003,193,95,79,79,64,66,63,66,66,69,62,79,65,63,63,66,78,63,73,66,67,77,99,69,50,50,50,50,50,50,20,50,52,50,72,55,38,71,65,64,32,36,64,67,43,30,62,35,56,13,24,11,13,13,13,8,9,19,17,13,13,24,10,18,140000,41,1,1,2026,1,1,2028,57,2025,National Draft,Key Forward,"forward profile: goals 1.18/g, marksInside50 0.65/g, height 193cm",65,66,17,197,116,81,42,56,15,20,0,1,78,115,14,,,0,0,,,,
1780,Essendon,Essendon,5,18,Sullivan,Robey,VIC,90,4,10,2007,192,84,64,65,87,72,76,83,81,77,86,64,76,73,73,75,71,82,73,73,78,89,86,78,50,50,50,50,50,50,20,50,74,50,33,45,65,63,70,61,65,66,33,57,53,52,66,45,60,23,7,25,7,19,23,21,24,20,14,12,19,7,12,19,140000,9,1,1,2026,1,1,2028,9,2025,National Draft,Inside Mid,"midfield profile: clearances 3.73/g, contested poss 7.33/g, uncontested poss 9.53/g",78,82,15,241,111,130,46,48,56,9,0,3,110,143,8,,,0,0,,,,
1781,Western Bulldogs,Western Bulldogs,18,19,Louis,Emmett,VIC,90,23,3,2007,200,100,79,86,69,63,62,72,72,69,69,79,69,63,63,71,72,63,69,65,68,96,79,67,50,50,50,50,50,50,20,50,39,50,36,40,39,39,32,42,72,70,59,55,54,61,68,50,64,13,16,17,8,20,22,19,20,18,18,16,13,13,22,7,140000,25,1,1,2026,1,1,2028,27,2025,National Draft,Hybrid Key Forward Ruck,Ruck minutes (4.3 HO/g) plus real forward output (goals 0.00/g),69,71,7,38,15,23,9,15,9,0,30,0,20,20,12,,,0,0,,,,
1782,Richmond,Richmond,14,26,Oliver,Hayes-Brown,VIC,90,28,4,2000,208,104,71,99,81,63,63,84,82,72,79,71,77,66,66,87,68,69,72,69,74,84,84,70,50,50,50,50,50,50,20,50,39,50,71,65,70,47,67,36,65,62,50,40,71,49,73,69,69,13,21,11,6,9,14,10,24,9,17,18,9,24,16,16,140000,47,1,1,2026,1,1,2028,0,2023,Category B Rookie,Ruck,Dominant hitouts (11.9/g),82,84,7,69,19,50,6,5,24,1,83,2,56,18,10,,,0,0,,,,
1783,Hawthorn,Hawthorn,10,20,Will,McCabe,SA,90,29,9,2005,197,95,79,79,64,66,63,66,66,69,62,79,65,63,63,67,78,63,73,66,67,90,76,69,50,50,50,50,50,50,20,50,38,50,37,60,43,36,32,54,44,55,54,47,52,63,69,70,46,22,18,15,19,19,8,17,13,8,6,12,21,6,5,21,140000,27,1,1,2026,1,1,2028,19,2023,National Draft,Key Forward,"forward profile: goals 0.50/g, marksInside50 0.50/g, height 197cm",65,66,4,35,23,12,14,4,1,2,0,0,6,28,3,,,0,0,,,,
1784,Richmond,Richmond,14,20,Patrick,Retschko,VIC,90,28,2,2006,186,81,71,65,65,79,78,65,66,67,67,71,67,81,81,74,66,74,73,78,68,90,93,79,50,50,50,50,50,50,20,50,50,50,54,42,48,72,35,40,49,74,73,42,51,75,41,47,31,20,7,11,12,24,25,13,9,19,14,12,16,14,8,25,140000,33,1,1,2026,1,1,2028,23,2024,Rookie Draft,Half Back Flanker,"defensive profile: rebound50s 2.72/g, one-percenters 0.72/g, height 186cm",71,75,18,338,203,135,88,37,18,1,0,2,79,261,13,,,0,0,,,,
1785,Melbourne,Melbourne,11,19,Xavier,Taylor,VIC,90,30,1,2007,192,88,74,67,65,72,68,66,66,65,65,74,72,71,71,68,64,65,68,79,68,82,87,67,50,50,50,50,50,50,20,50,30,50,51,71,65,42,40,62,66,34,72,66,43,56,56,55,75,22,23,24,12,22,24,20,6,24,8,20,8,22,8,18,140000,19,1,1,2026,1,1,2028,11,2025,National Draft,Medium Defender,"defensive profile: rebound50s 2.00/g, one-percenters 4.33/g, height 192cm",66,67,3,21,8,13,4,5,1,0,0,1,12,12,13,,,0,0,,,,
1786,Sydney,Sydney,16,23,Billy,Cootee,SA,90,18,12,2002,179,77,62,67,66,66,64,68,68,68,66,62,67,65,65,64,67,62,61,63,69,83,94,62,50,50,50,50,50,50,20,50,56,50,74,52,31,30,60,61,56,72,35,71,43,31,47,50,51,14,13,8,11,13,15,16,7,16,7,23,23,14,7,15,140000,25,1,1,2026,1,1,2028,42,2025,National Draft,Pressure Forward,"forward profile: goals 1.33/g, marksInside50 1.22/g, height 179cm",53,55,9,94,45,49,23,28,7,12,0,0,32,65,7,,,0,0,,,,
1787,Sydney,Sydney,16,23,Will,Edwards,NSW,90,8,5,2003,197,94,78,71,63,67,61,66,66,62,63,78,78,65,65,66,62,58,68,85,67,84,90,63,50,50,50,50,50,50,20,50,56,50,67,49,58,54,66,41,50,55,51,34,51,30,56,31,34,5,7,13,18,18,6,6,19,8,12,16,17,16,7,15,140000,28,1,1,2026,1,1,2028,0,2022,Category B Rookie,Key Defender,"defensive profile: rebound50s 2.86/g, one-percenters 7.50/g, height 197cm",62,66,14,153,71,82,45,13,0,0,0,10,67,76,105,,,0,0,,,,
1788,Western Bulldogs,Western Bulldogs,18,20,Lachlan,Smith,VIC,90,5,10,2005,203,104,71,99,81,63,63,84,83,72,79,71,77,66,66,87,68,69,72,69,74,97,85,70,50,50,50,50,50,50,20,50,45,50,34,48,32,52,34,51,63,62,41,38,49,58,43,50,39,8,12,15,8,25,16,20,16,15,5,9,25,17,9,16,140000,40,1,1,2026,1,1,2028,17,2011,Rookie Draft,Ruck,Dominant hitouts (12.0/g),82,83,2,16,5,11,2,8,5,0,24,0,13,6,3,,,0,0,,,,
1789,Richmond,Richmond,14,19,Tom,Burton,VIC,90,9,1,2007,178,82,69,66,72,76,80,70,71,72,76,69,68,77,77,73,71,81,71,74,70,81,83,79,50,50,50,50,50,50,20,50,39,50,65,33,65,63,46,57,71,62,32,63,48,74,57,53,61,9,10,15,13,20,18,5,25,17,12,12,16,12,20,14,140000,45,1,1,2026,1,1,2028,0,2026,Pre-Season Supplemental Selection (SSP),Outside Mid,"midfield profile: clearances 0.20/g, contested poss 3.80/g, uncontested poss 7.60/g",72,78,5,53,22,31,4,5,1,0,0,0,19,38,2,,,0,0,,,,
1790,Richmond,Richmond,14,19,Sam,Cumming,SA,90,27,7,2007,184,84,64,65,87,72,76,83,81,77,86,64,76,73,73,74,71,82,73,73,78,101,97,78,50,50,50,50,50,50,20,50,53,50,73,51,49,44,62,71,73,54,46,74,72,55,36,53,54,22,22,17,11,7,7,5,6,22,20,19,6,25,6,12,140000,22,1,1,2026,1,1,2028,7,2025,National Draft,Inside Mid,"midfield profile: clearances 2.29/g, contested poss 5.64/g, uncontested poss 10.43/g",78,84,14,216,93,123,40,38,32,8,0,2,79,146,11,,,0,0,,,,
1791,Hawthorn,Hawthorn,10,21,Bodie,Ryan,VIC,90,20,4,2005,187,88,74,67,64,72,68,66,66,65,65,74,72,71,71,68,64,65,68,79,68,76,83,67,50,50,50,50,50,50,20,50,51,50,37,40,35,62,32,56,63,42,38,56,67,43,38,67,45,17,9,10,23,25,9,8,10,21,6,12,23,16,13,5,140000,26,1,1,2026,1,1,2028,46,2023,National Draft,Medium Defender,"defensive profile: rebound50s 1.20/g, one-percenters 1.00/g, height 187cm",66,67,5,51,39,12,19,6,1,0,0,1,8,40,5,,,0,0,,,,
1792,Carlton,Carlton,3,19,Jack,Ison,SA,90,26,3,2007,192,86,67,70,67,66,67,67,67,70,65,67,66,66,66,66,72,66,70,70,69,94,94,66,50,50,50,50,50,50,20,50,53,50,48,32,74,56,61,32,40,50,56,70,40,40,31,32,69,11,6,25,9,7,12,13,21,20,22,12,15,21,15,19,140000,30,1,1,2026,1,1,2028,47,2025,National Draft,Medium Forward,"forward profile: goals 0.38/g, marksInside50 0.63/g, height 192cm",57,59,8,90,60,30,30,13,2,3,0,1,39,52,11,,,0,0,,,,
1793,St Kilda,St Kilda,15,19,Charlie,Banfield,WA,90,18,7,2007,192,84,64,65,87,72,76,83,81,78,86,64,76,73,73,74,71,83,74,73,78,90,84,78,50,50,50,50,50,50,20,50,30,50,51,52,50,33,43,37,61,73,53,43,44,55,53,42,52,21,21,12,11,9,25,6,17,12,7,7,11,24,9,13,140000,36,1,1,2026,1,1,2028,41,2025,National Draft,Inside Mid,"midfield profile: clearances 0.67/g, contested poss 4.67/g, uncontested poss 5.33/g",78,79,3,29,21,8,11,11,2,1,0,3,14,16,3,,,0,0,,,,
1794,Richmond,Richmond,14,19,Noah,Roberts-Thomson,SA,90,29,3,2007,181,86,67,70,67,66,67,67,68,70,65,67,66,66,66,67,72,67,70,70,69,91,96,66,50,50,50,50,50,50,20,50,35,50,57,53,62,60,42,54,50,50,40,69,60,59,40,34,36,15,14,9,19,5,10,10,14,17,6,15,18,10,12,10,140000,27,1,1,2026,1,1,2028,54,2025,National Draft,Medium Forward,"forward profile: goals 1.33/g, marksInside50 0.33/g, height 181cm",57,58,3,18,14,4,4,6,1,4,0,0,4,13,2,,,0,0,,,,
1795,Hawthorn,Hawthorn,10,18,Cameron,Nairn,VIC,90,15,10,2007,188,82,69,66,72,76,80,70,71,72,76,69,68,77,77,73,71,81,71,74,70,88,94,79,50,50,50,50,50,50,20,50,57,50,42,43,42,60,57,68,72,32,58,72,33,37,32,72,42,8,15,14,22,21,13,22,7,23,22,14,19,9,18,7,140000,22,1,1,2026,1,1,2028,20,2025,National Draft,Outside Mid,"midfield profile: clearances 0.00/g, contested poss 2.25/g, uncontested poss 10.50/g",72,73,4,52,30,22,17,2,0,0,0,0,9,42,5,,,0,0,,,,
1796,Sydney,Sydney,16,19,Harry,Kyle,NSW,90,16,7,2007,188,88,74,67,65,72,68,65,66,65,65,74,72,71,71,68,64,66,68,79,68,84,77,67,50,50,50,50,50,50,20,50,39,50,42,50,45,52,66,45,62,51,42,67,36,73,69,42,65,10,25,17,17,17,23,9,22,7,20,13,19,6,7,23,140000,32,1,1,2026,1,1,2028,14,2025,National Draft,Medium Defender,"defensive profile: rebound50s 1.70/g, one-percenters 1.80/g, height 188cm",66,67,10,117,52,65,22,20,6,1,0,0,36,81,18,,,0,0,,,,
1797,St Kilda,St Kilda,15,22,Campbell,Lake,QLD,90,11,8,2004,175,84,64,65,87,72,76,83,81,77,86,64,76,73,73,74,71,82,73,72,78,81,74,78,50,50,50,50,50,50,20,50,44,50,37,48,39,39,50,37,36,69,32,63,60,32,68,61,37,9,19,16,9,17,12,14,17,10,16,14,18,10,22,6,140000,39,1,1,2026,1,1,2028,7,2025,Mid-Season Draft,Inside Mid,"midfield profile: clearances 0.80/g, contested poss 5.00/g, uncontested poss 6.30/g",78,78,10,107,34,73,18,48,8,5,0,0,50,63,6,,,0,0,,,,
1798,Melbourne,Melbourne,11,21,Luker,Kentfield,WA,90,10,9,2005,194,100,79,86,69,63,62,72,72,69,69,79,69,63,63,71,73,63,69,65,68,86,87,67,50,50,50,50,50,50,20,50,50,50,32,38,63,58,53,65,73,34,53,55,30,44,40,69,40,17,19,6,10,18,10,13,21,6,17,18,15,10,13,9,140000,44,1,1,2026,1,1,2028,11,2023,Mid-Season Draft,Hybrid Key Forward Ruck,Ruck minutes (5.0 HO/g) plus real forward output (goals 0.33/g),70,71,3,14,10,4,6,6,1,1,15,1,7,8,5,,,0,0,,,,
1799,Collingwood,Collingwood,4,27,Mitch,Podhajski,VIC,90,4,1,1999,191,86,67,70,67,66,67,67,68,70,65,67,66,66,66,67,72,67,70,70,69,98,90,66,50,50,50,50,50,50,20,50,38,50,57,31,68,65,41,46,71,43,63,42,50,72,59,49,40,23,5,13,11,15,24,7,18,21,15,10,17,17,10,25,140000,46,1,1,2026,1,1,2028,18,2025,Mid-Season Draft,Medium Forward,"forward profile: goals 0.50/g, marksInside50 2.00/g, height 191cm",57,57,2,21,14,7,5,4,0,1,0,0,8,12,1,,,0,0,,,,
1800,Western Bulldogs,Western Bulldogs,18,19,Luke,Kennedy,VIC,90,11,10,2006,181,84,64,65,87,72,76,83,81,78,86,64,76,73,73,74,71,82,73,72,78,75,86,78,50,50,50,50,50,50,20,50,28,50,57,72,58,33,68,72,54,39,61,54,51,55,58,63,67,6,24,19,15,21,11,16,11,14,7,6,10,13,14,14,140000,35,1,1,2026,1,1,2028,62,2024,National Draft,Inside Mid,"midfield profile: clearances 0.71/g, contested poss 4.71/g, uncontested poss 5.86/g",78,79,7,71,30,41,9,25,5,2,0,2,33,41,3,,,0,0,,,,
1801,Melbourne,Melbourne,11,23,Lukas,Cooke,SA,90,26,9,2003,196,94,79,71,62,67,60,66,66,62,63,79,78,65,65,66,61,58,69,86,67,81,78,63,50,50,50,50,50,50,20,50,38,50,34,56,63,57,49,42,75,57,57,71,33,70,63,41,31,24,24,18,15,18,10,23,10,16,15,24,7,15,8,12,140000,46,1,1,2026,1,1,2028,11,2025,Mid-Season Draft,Key Defender,"defensive profile: rebound50s 2.50/g, one-percenters 2.00/g, height 196cm",63,63,2,16,9,7,8,2,0,0,0,2,7,10,4,,,0,0,,,,
1802,Melbourne,Melbourne,11,23,Joel,Fitzgerald,VIC,90,8,8,2003,188,84,64,65,87,72,76,83,81,77,86,64,76,73,73,74,71,82,73,72,78,89,101,78,50,50,50,50,50,50,20,50,63,50,54,66,45,68,44,73,48,68,48,45,36,59,39,43,68,13,8,8,19,8,16,12,13,19,15,22,18,13,25,6,140000,47,1,1,2026,1,1,2028,16,2025,Mid-Season Draft,Inside Mid,"midfield profile: clearances 3.27/g, contested poss 7.45/g, uncontested poss 12.09/g",78,80,11,218,107,111,18,53,36,2,0,0,82,133,5,,,0,0,,,,
1803,North Melbourne,North Melbourne,12,21,Taylor,Goad,SA,90,28,4,2005,207,104,71,99,81,63,63,84,83,72,79,71,77,66,66,87,68,69,72,69,74,84,74,70,50,50,50,50,50,50,20,50,30,50,32,70,54,35,72,64,68,61,69,66,31,31,35,48,39,15,25,15,22,21,24,5,19,12,17,23,9,22,12,19,140000,22,1,1,2026,1,1,2028,20,2023,National Draft,Ruck,Dominant hitouts (13.0/g),82,82,2,7,4,3,0,6,1,0,26,0,4,3,4,,,0,0,,,,
1804,Port Adelaide,Port Adelaide,13,19,Xavier,Bamert,VIC,90,29,1,2007,185,86,67,70,67,66,67,67,67,70,64,67,66,66,66,66,72,66,70,70,69,82,98,66,50,50,50,50,50,50,20,50,47,50,67,37,62,62,66,37,35,54,53,43,73,48,54,65,34,10,5,14,18,6,9,11,15,8,11,21,7,12,6,25,140000,46,1,1,2026,1,1,2028,5,2025,Mid-Season Draft,Medium Forward,"forward profile: goals 0.60/g, marksInside50 1.00/g, height 185cm",57,60,10,105,83,22,39,17,2,6,0,0,29,79,6,,,0,0,,,,
1805,Richmond,Richmond,14,22,Kye,Annand,VIC,90,14,10,2003,200,94,79,71,63,66,61,66,66,62,63,79,78,65,65,66,62,58,68,85,67,86,78,63,50,50,50,50,50,50,20,50,47,50,43,73,42,46,44,46,73,62,44,38,36,63,71,30,64,10,9,17,5,20,19,20,6,22,23,11,18,11,19,18,140000,41,1,1,2026,1,1,2028,2,2025,Mid-Season Draft,Key Defender,"defensive profile: rebound50s 3.45/g, one-percenters 7.55/g, height 200cm",63,64,11,121,86,35,51,9,4,0,0,4,40,83,83,,,0,0,,,,
1806,Collingwood,Collingwood,4,19,Sam,Swadling,WA,90,16,1,2007,189,88,74,67,64,72,68,65,66,65,65,74,72,71,71,68,64,66,68,79,68,90,98,67,50,50,50,50,50,50,20,50,45,50,41,43,42,73,35,56,59,52,40,67,64,33,43,34,51,13,12,6,13,9,17,6,22,20,5,19,8,21,22,7,140000,32,1,1,2026,1,1,2028,37,2025,National Draft,Medium Defender,"defensive profile: rebound50s 2.33/g, one-percenters 0.78/g, height 189cm",66,69,9,180,93,87,36,10,14,6,0,0,49,124,7,,,0,0,,,,
1807,West Coast,West Coast,17,20,Oliver,Francou,SA,90,27,2,2006,184,84,64,65,87,72,76,83,81,78,86,64,76,73,73,74,71,83,73,72,78,101,89,78,50,50,50,50,50,50,20,50,83,50,72,73,74,59,49,48,34,47,52,63,39,48,70,64,41,25,16,22,24,9,10,6,8,11,19,11,8,9,20,19,140000,50,1,1,2026,1,1,2028,3,2025,Mid-Season Draft,Inside Mid,"midfield profile: clearances 3.00/g, contested poss 8.75/g, uncontested poss 10.00/g",78,79,4,71,36,35,12,24,12,0,0,0,35,40,0,,,0,0,,,,
1808,Hawthorn,Hawthorn,10,22,Matt,Hill,NT,90,1,1,2004,187,84,64,65,87,72,76,83,81,78,86,64,76,73,73,74,71,83,74,73,78,77,89,78,50,50,50,50,50,50,20,50,38,50,58,49,45,48,68,57,46,66,57,34,57,50,66,69,50,17,24,8,9,21,19,6,13,15,14,23,10,6,8,20,140000,41,1,1,2026,1,1,2028,0,2024,Category B Rookie Selection 2024,Inside Mid,"midfield profile: clearances 1.00/g, contested poss 3.50/g, uncontested poss 2.50/g",78,84,2,13,5,8,0,2,2,2,0,0,7,5,0,,,0,0,,,,
1809,Hawthorn,Hawthorn,10,20,Noah,Mraz,VIC,90,20,2,2006,198,94,79,71,62,67,60,66,66,62,63,79,78,65,65,66,62,58,68,86,67,77,88,63,50,50,50,50,50,50,20,50,42,50,54,47,44,58,41,36,33,61,37,55,50,39,40,35,57,12,11,25,24,22,23,16,11,14,5,15,10,13,20,5,140000,21,1,1,2026,1,1,2028,35,2024,National Draft,Key Defender,"defensive profile: rebound50s 2.00/g, one-percenters 6.00/g, height 198cm",63,63,4,60,43,17,21,12,4,1,7,8,25,34,24,,,0,0,,,,
1810,Collingwood,Collingwood,4,23,Liam,Puncher,NSW,90,26,8,2003,195,94,79,71,63,66,61,66,66,62,63,79,78,65,65,66,62,58,68,86,67,93,79,63,50,50,50,50,50,50,20,50,34,50,30,62,70,68,38,71,66,52,52,59,44,47,74,44,52,14,12,23,25,13,7,24,18,9,9,23,6,12,6,24,140000,47,1,1,2026,1,1,2028,15,2025,Mid-Season Draft,Key Defender,"defensive profile: rebound50s 1.38/g, one-percenters 4.25/g, height 195cm",63,64,8,47,26,21,23,9,1,0,0,3,14,31,34,,,0,0,,,,
1811,Hawthorn,Hawthorn,10,19,Ollie,Greeves,VIC,90,7,2,2007,192,84,64,65,87,72,76,83,81,78,86,64,76,73,73,74,71,83,73,72,78,89,94,78,50,50,50,50,50,50,20,50,38,50,49,45,32,60,67,58,62,40,72,36,47,43,55,41,35,21,25,11,20,11,19,20,19,6,24,19,14,8,14,10,140000,35,1,1,2026,1,1,2028,12,2025,Rookie Draft,Inside Mid,"midfield profile: clearances 1.00/g, contested poss 4.00/g, uncontested poss 8.50/g",78,79,4,49,22,27,19,6,4,1,0,0,16,34,2,,,0,0,,,,
1812,Carlton,Carlton,3,22,Flynn,Riley,VIC,90,5,4,2004,206,104,71,99,81,63,63,84,83,72,79,71,77,66,66,87,68,69,72,69,74,93,89,70,50,50,50,50,50,50,20,50,61,50,34,54,71,69,64,53,41,30,68,63,41,58,67,74,40,23,6,11,12,6,20,6,13,18,20,23,13,11,9,9,140000,38,1,1,2026,1,1,2028,4,2025,Mid-Season Draft,Ruck,Dominant hitouts (17.0/g),82,82,1,6,4,2,1,5,2,1,17,0,7,1,1,,,0,0,,,,
1813,Richmond,Richmond,14,18,Zane,Peucker,SA,90,4,12,2007,180,86,67,70,67,66,67,67,68,70,65,67,66,66,66,67,72,67,70,70,69,75,88,66,50,50,50,50,50,50,20,50,38,50,33,37,56,40,54,73,39,47,44,58,45,44,53,35,65,20,13,12,15,8,6,22,23,16,6,9,22,6,19,18,140000,26,1,1,2026,1,1,2028,31,2025,National Draft,Medium Forward,"forward profile: goals 0.50/g, marksInside50 0.00/g, height 180cm",57,58,2,17,15,2,9,1,0,1,0,1,4,13,0,,,0,0,,,,
1814,Geelong,Geelong,7,20,Jay,Polkinghorne,SA,90,2,6,2006,191,86,67,70,67,66,67,67,67,70,65,67,66,66,66,66,72,66,70,70,69,90,99,66,50,50,50,50,50,50,20,50,45,50,63,57,73,73,61,64,59,53,39,31,60,34,58,64,63,8,24,14,6,8,17,11,20,15,7,18,10,16,13,21,140000,2,1,1,2026,1,1,2028,44,2024,National Draft,Medium Forward,"forward profile: goals 2.17/g, marksInside50 3.17/g, height 191cm",57,59,6,47,35,12,27,5,0,13,0,4,14,35,5,,,0,0,,,,
1815,Port Adelaide,Port Adelaide,13,19,Balyn,O'Brien,SA,90,26,1,2007,187,88,74,67,64,72,68,65,66,65,65,74,72,71,71,68,64,65,68,79,68,76,100,67,50,50,50,50,50,50,20,50,48,50,59,74,50,70,57,63,70,64,60,74,53,57,52,51,64,14,15,11,22,19,7,19,9,10,18,6,14,19,8,14,140000,41,1,1,2026,1,1,2028,0,2025,Pre-Season Supplemental Selection (SSP),Medium Defender,"defensive profile: rebound50s 1.33/g, one-percenters 2.00/g, height 187cm",66,80,6,42,23,19,10,11,5,0,0,0,18,24,12,,,0,0,,,,
1816,Essendon,Essendon,5,20,Jaxon,Artemis,WA,90,24,8,2006,182,81,71,65,66,79,79,65,67,67,68,71,67,81,81,74,66,74,73,78,67,96,87,79,50,50,50,50,50,50,20,50,40,50,64,75,40,48,38,70,43,31,62,43,51,35,56,56,64,14,10,14,16,25,21,15,8,14,14,7,10,17,13,16,140000,34,1,1,2026,1,1,2028,1,2025,Mid-Season Draft,Half Back Flanker,"defensive profile: rebound50s 2.50/g, one-percenters 1.50/g, height 182cm",72,73,6,78,36,42,18,15,4,0,0,0,22,58,9,,,0,0,,,,
1817,Hawthorn,Hawthorn,10,18,Aidan,Schubert,SA,90,21,12,2007,198,100,79,86,69,63,62,72,72,69,69,79,69,63,63,71,73,63,69,65,68,98,87,67,50,50,50,50,50,50,20,50,61,50,58,34,45,64,51,74,66,32,57,71,44,70,43,40,68,19,23,24,7,23,14,25,21,15,12,23,18,10,16,11,140000,29,1,1,2026,1,1,2028,23,2025,National Draft,Hybrid Key Forward Ruck,Ruck minutes (4.0 HO/g) plus real forward output (goals 0.00/g),70,70,1,9,6,3,5,1,0,0,4,0,0,9,0,,,0,0,,,,
1818,Adelaide,Adelaide,1,18,Archie,Ludowyke,VIC,90,19,11,2007,197,95,79,79,64,66,63,66,66,69,62,79,65,63,63,67,78,63,73,66,67,86,88,69,50,50,50,50,50,50,20,50,38,50,55,36,54,53,38,72,60,35,73,31,50,57,73,30,42,22,17,13,8,16,12,8,13,21,21,18,21,13,8,13,140000,34,1,1,2026,1,1,2028,50,2025,National Draft,Key Forward,"forward profile: goals 0.50/g, marksInside50 1.00/g, height 197cm",65,66,2,13,8,5,5,3,0,1,0,0,6,7,2,,,0,0,,,,
1819,Adelaide,Adelaide,1,21,Oscar,Ryan,VIC,90,15,5,2005,187,88,74,67,65,72,68,66,66,65,65,74,72,71,71,68,64,65,68,79,68,91,89,67,50,50,50,50,50,50,20,50,38,50,55,60,65,36,31,35,51,68,47,73,50,54,54,46,35,17,19,23,20,9,19,17,15,16,21,21,20,16,20,11,140000,22,1,1,2026,1,1,2028,27,2023,National Draft,Medium Defender,"defensive profile: rebound50s 2.00/g, one-percenters 2.00/g, height 187cm",66,66,2,32,21,11,8,6,1,1,0,2,12,19,4,,,0,0,,,,
1820,Sydney,Sydney,16,21,Will,Green,VIC,90,8,9,2005,204,100,79,86,69,63,62,72,72,69,69,79,69,63,63,71,73,63,69,65,68,77,82,67,50,50,50,50,50,50,20,50,40,50,49,63,53,34,57,67,64,47,69,45,69,62,68,41,49,19,18,11,5,23,15,18,15,17,16,10,15,9,9,15,140000,45,1,1,2026,1,1,2028,16,2023,National Draft,Hybrid Key Forward Ruck,Ruck minutes (15.0 HO/g) plus real forward output (goals 0.00/g),70,70,3,26,13,13,6,10,7,0,45,3,15,11,7,,,0,0,,,,
1821,Port Adelaide,Port Adelaide,13,22,Alex,Van Wyk,SA,90,1,7,2004,203,100,79,86,69,63,62,72,72,69,69,79,69,63,63,71,73,63,69,65,68,90,74,67,50,50,50,50,50,50,20,50,40,50,62,48,53,33,51,35,36,44,52,66,56,72,33,50,45,16,13,19,13,25,24,5,22,8,20,25,18,20,12,14,140000,47,1,1,2026,1,1,2028,14,2025,Mid-Season Draft,Hybrid Key Forward Ruck,Ruck minutes (16.0 HO/g) plus real forward output (goals 0.00/g),70,71,3,28,12,16,8,3,5,0,48,2,15,12,1,,,0,0,,,,
1822,Collingwood,Collingwood,4,20,Noah,Howes,SA,90,28,10,2005,196,94,79,71,62,67,60,66,66,62,63,79,78,65,65,66,61,58,69,86,67,94,76,63,50,50,50,50,50,50,20,50,38,50,32,31,68,49,57,34,71,38,65,49,49,36,67,55,34,6,9,22,13,8,20,23,9,23,20,17,22,10,8,24,140000,40,1,1,2026,1,1,2028,15,2024,Mid-Season Draft,Key Defender,"defensive profile: rebound50s 3.00/g, one-percenters 2.50/g, height 196cm",63,64,2,16,8,8,7,1,0,0,0,1,6,10,5,,,0,0,,,,
1823,Hawthorn,Hawthorn,10,22,Max,Beattie,VIC,90,18,11,2003,174,76,64,68,67,67,69,67,67,70,64,64,66,67,67,66,74,68,69,71,69,91,81,68,50,50,50,50,50,50,20,50,53,50,57,38,46,30,68,45,44,33,55,47,72,54,48,67,69,8,12,23,14,17,23,18,5,23,13,18,17,15,23,22,140000,40,1,1,2026,1,1,2028,12,2025,Mid-Season Draft,Small Forward,"forward profile: goals 1.50/g, marksInside50 1.00/g, height 174cm",59,59,2,25,19,6,6,2,0,3,0,0,9,15,1,,,0,0,,,,
1824,Western Bulldogs,Western Bulldogs,18,19,Lachlan,Carmichael,NSW,90,27,8,2007,184,82,69,66,72,76,80,70,71,72,76,69,68,77,77,73,71,81,71,74,70,76,91,80,50,50,50,50,50,50,20,50,45,50,68,59,59,49,51,74,75,61,56,56,41,67,73,69,50,6,23,10,7,12,13,5,13,8,10,13,17,23,10,8,140000,2,1,1,2026,1,1,2028,21,2025,National Draft,Outside Mid,"midfield profile: clearances 0.00/g, contested poss 0.00/g, uncontested poss 5.00/g",72,73,2,11,10,1,6,3,0,0,0,0,0,10,0,,,0,0,,,,
1825,Fremantle,Fremantle,6,21,Tobyn,Murray,VIC,90,5,5,2005,180,84,64,65,87,72,76,83,81,78,86,64,76,73,73,74,71,83,74,73,78,90,79,78,50,50,50,50,50,50,20,50,61,50,67,36,67,40,47,47,62,66,44,48,46,68,58,34,55,6,9,11,25,25,25,19,10,8,22,9,8,15,6,23,140000,11,1,1,2026,1,1,2028,40,2025,National Draft,Inside Mid,"midfield profile: clearances 1.00/g, contested poss 4.00/g, uncontested poss 9.00/g",78,78,1,13,6,7,2,4,1,1,0,0,4,9,0,,,0,0,,,,
