PlayerID,Team,OriginClub,ClubID,Age,fname,lname,homeState,condition,age_day,age_month,age_year,height,weight,manMarking,verticalLeap,tenacity,skill,agility,courage,aggression,xFactor,strengthGroundLevel,strengthOverhead,strengthManOnMan,acceleration,speed,endurance,confidence,readPlay,consistancy,positioning,copeWithPressure,potentialTall,potentialMid,kickMaxDistance,diciplineMatch,disciplineTraining,disiciplineOffFirned,umpireLikes,umpireNotice,goHomeTend,injuryTend,loyaltyTend,clangerTend,leadership,imp_markLead,imp_markContested,imp_spoilContested,imp_spoilLead,imp_evasion,imp_catchPlayer,imp_tackle,imp_ruck,imp_goalSet,imp_goalRun,imp_hardBallGets,imp_handsInClose,imp_clearance,imp_getToContest,imp_footSkills,deg_markLead,deg_markContested,deg_spoilContested,deg_spoilLead,deg_evasion,deg_catchPlayer,deg_tackle,deg_ruck,deg_goalSet,deg_goalRun,deg_hardBallGets,deg_handsInClose,deg_clearance,deg_getToContest,deg_footSkills,totalValue,jumperNumber,signed_day,signed_month,signed_year,expired_day,expired_month,expired_year,draft_pick,draft_year,draft_draftType,archetype,archetype_reason,OVR,POT,stat_GM,stat_DI,stat_KI,stat_HB,stat_MK,stat_TK,stat_CL,stat_GL,stat_HO,stat_CM,stat_CP,stat_UP,stat_1pct,sc_trend_z,sc_trend_years
1001,Adelaide,Adelaide,1,29,Jordan,Dawson,VIC,80,9,4,1997,188,86,64,58,93,66,71,84,87,90,69,65,76,67,66,74,84,81,67,75,81,47,75,83,72,71,91,63,71,72,29,57,81,62,25,33,20,24,47,26,44,27,38,55,31,41,57,45,33,10,12,10,3,4,7,14,2,10,6,3,10,4,10,7,1697000,12,10,8,2025,11,1,2030,56,2015,National Draft,Hybrid Mid Forward,Strong in both midfield (mid_c=6.29) and forward (fwd_c=2.54) signals,85,85,25,584,392,192,117,184,109,18,0,23,238,328,38,-0.09,"2021,2022,2023,2024,2025,2026"
1002,Adelaide,Adelaide,1,32,Rory,Laird,VIC,79,29,12,1993,182,83,59,41,62,73,60,60,50,46,68,54,54,48,51,70,53,62,63,59,63,60,79,60,78,90,76,62,46,51,11,60,43,61,22,19,30,19,61,44,25,18,23,24,18,37,30,43,60,7,2,1,12,15,9,8,13,3,7,13,8,11,13,11,768000,29,24,5,2025,7,6,2031,5,2011,Rookie Draft,Outside Mid,"midfield profile: Outside Mid:6.91, Inside Mid:4.85",60,61,22,531,286,245,131,78,49,1,0,3,169,354,32,-1.01,"2021,2022,2023,2024,2025,2026"
1003,Adelaide,Adelaide,1,25,Josh,Worrell,VIC,72,11,4,2001,192,90,65,48,46,66,56,50,48,41,57,62,54,57,62,73,48,56,72,70,53,53,79,65,65,52,74,53,44,71,1,58,65,55,26,62,77,24,38,55,25,29,27,35,36,25,33,25,43,3,10,5,11,1,7,9,8,10,11,5,5,5,6,10,653000,24,17,10,2026,3,12,2031,28,2019,National Draft,Intercept Defender,"defensive profile: Intercept Defender:11.82, Half Back Flanker:10.88, Key Defender:5.77, Back Pocket:0.67",61,69,25,525,365,160,144,32,7,0,0,11,158,301,91,2.321,"2021,2022,2023,2024,2025,2026"
1004,Adelaide,Adelaide,1,23,Jake,Soligo,WA,77,25,1,2003,189,91,43,44,76,60,61,76,75,48,71,43,59,58,57,72,58,71,64,66,73,57,85,70,65,69,79,59,65,71,25,43,77,56,29,26,29,30,34,44,60,29,28,35,74,71,71,69,54,5,11,8,5,8,3,8,6,10,4,7,10,9,4,2,1032000,14,28,5,2023,21,10,2025,36,2021,National Draft,Inside Mid,"midfield profile: Inside Mid:12.33, Outside Mid:2.71",70,77,25,522,309,213,68,115,105,14,0,4,239,277,23,0.86,"2022,2023,2024,2025,2026"
1005,Adelaide,Adelaide,1,26,Izak,Rankine,SA,94,23,4,2000,195,91,52,52,74,58,69,78,70,76,77,51,56,75,71,69,81,77,69,67,76,37,64,74,75,86,78,63,60,38,15,53,86,69,35,26,24,26,32,23,47,20,41,53,23,38,43,51,32,2,11,12,7,4,5,2,2,10,6,4,10,12,12,11,1220000,23,2,3,2026,9,10,2032,3,2018,National Draft,Hybrid Mid Forward,Strong in both midfield (mid_c=5.05) and forward (fwd_c=3.00) signals,76,84,22,452,285,167,87,78,96,31,0,7,248,214,35,1.61,"2021,2022,2023,2024,2025,2026"
1006,Adelaide,Adelaide,1,25,James,Peatling,SA,93,21,8,2000,181,81,41,42,70,57,57,69,64,50,68,40,54,54,54,67,52,66,60,63,69,50,66,65,75,68,36,74,53,32,27,52,69,63,29,27,24,18,35,29,46,29,24,27,46,42,45,49,32,4,2,8,3,10,12,11,10,3,13,3,3,3,12,10,830000,25,1,12,2023,1,1,2029,8,2020,Mid-Season Draft,Inside Mid,"midfield profile: Inside Mid:11.37, Outside Mid:0.42",64,68,23,429,245,184,63,94,103,12,0,0,202,233,9,1.094,"2021,2022,2023,2024,2025,2026"
1007,Adelaide,Adelaide,1,28,Wayne,Milera,SA,79,14,9,1997,183,83,59,44,48,61,54,48,47,42,49,56,46,54,57,67,46,53,64,62,51,52,75,61,68,70,89,51,45,44,47,57,47,51,32,25,33,31,48,48,32,28,27,22,32,32,34,36,53,8,3,12,4,4,4,14,14,12,4,1,3,6,13,7,599000,30,9,6,2023,16,4,2026,11,2015,National Draft,Half Back Flanker,"defensive profile: Half Back Flanker:6.86, Intercept Defender:4.91, Key Defender:1.57, Back Pocket:-0.44",55,57,24,428,289,139,132,53,22,2,0,7,119,275,30,0.451,"2022,2023,2024,2025,2026"
1008,Adelaide,Adelaide,1,29,Ben,Keays,TAS,91,23,2,1997,187,88,46,48,58,53,51,56,54,55,55,45,49,46,46,66,68,57,70,57,58,49,81,60,81,67,72,60,48,63,25,59,58,51,20,17,25,23,31,17,31,26,32,34,27,34,42,35,27,5,5,15,8,16,8,5,16,17,16,2,14,8,12,16,681000,2,4,4,2025,26,6,2030,24,2015,National Draft,Hybrid Mid Forward,Strong in both forward (fwd_c=3.08) and midfield (mid_c=1.66) signals,56,57,25,419,250,169,95,84,31,36,0,3,163,241,17,-1.261,"2021,2022,2023,2024,2025,2026"
1009,Adelaide,Adelaide,1,30,Alex,Neal-Bullen,QLD,88,9,1,1996,191,86,43,44,64,53,53,60,62,53,56,42,55,47,47,66,57,57,65,57,61,57,93,59,78,81,55,56,56,83,4,52,57,50,26,34,34,22,47,31,60,27,41,64,28,47,65,58,25,4,15,7,3,3,9,14,9,6,15,2,10,9,4,10,599000,28,24,9,2023,9,11,2029,40,2014,National Draft,Hybrid Mid Forward,Strong in both midfield (mid_c=1.78) and forward (fwd_c=0.66) signals,55,56,25,408,233,175,77,103,27,17,0,2,157,256,22,0.013,"2021,2022,2023,2024,2025,2026"
1010,Adelaide,Adelaide,1,28,Mitch,Hinge,NT,88,26,6,1998,192,93,52,45,49,54,50,48,51,41,44,50,53,51,54,64,44,49,59,62,51,56,88,59,47,75,77,58,48,62,36,59,53,52,21,44,45,48,32,51,35,34,22,28,28,30,28,35,26,4,12,4,12,14,8,3,10,9,6,5,9,11,8,10,524000,20,13,10,2026,2,4,2028,44,2025,Rookie Draft,Medium Defender,"defensive profile: Intercept Defender:4.96, Half Back Flanker:4.95, Key Defender:2.54, Back Pocket:1.16 -> fallback Medium Defender (no standout)",52,56,24,374,264,110,99,64,18,1,0,7,105,233,50,0.181,"2022,2023,2024,2025,2026"
1011,Adelaide,Adelaide,1,26,Mark,Keane,SA,79,17,3,2000,196,93,62,53,40,51,51,47,55,41,43,63,66,64,65,66,45,41,76,65,47,56,75,56,42,79,76,51,57,66,15,54,67,58,27,51,59,24,27,40,23,20,31,31,25,27,34,32,47,11,10,7,2,8,11,8,2,9,9,3,1,9,11,11,548000,48,18,1,2026,25,2,2031,52,2023,National Draft,Intercept Defender,"defensive profile: Intercept Defender:12.75, Key Defender:10.18, Half Back Flanker:7.23, Back Pocket:4.48",54,59,25,370,295,75,113,28,6,0,0,19,119,170,164,0.759,"2021,2023,2024,2025,2026"
1012,Adelaide,Adelaide,1,27,Isaac,Cumming,NT,90,11,8,1998,185,84,49,42,46,51,51,46,45,43,46,46,46,50,50,62,45,52,63,58,50,43,72,59,68,64,82,51,43,60,31,44,52,60,27,30,39,31,16,31,20,25,21,25,18,20,17,25,25,10,5,8,3,7,5,9,14,15,7,16,14,10,6,10,477000,44,25,11,2023,12,6,2026,20,2016,National Draft,Medium Defender,"defensive profile: Half Back Flanker:1.54, Intercept Defender:1.05, Key Defender:0.02, Back Pocket:-0.08 -> fallback Medium Defender (no standout)",49,50,24,351,241,110,101,48,29,7,0,3,124,228,41,-1.272,"2021,2022,2023,2024,2025,2026"
1013,Adelaide,Adelaide,1,24,Riley,Thilthorpe,TAS,95,7,7,2002,200,96,86,95,55,51,45,58,49,81,56,91,49,48,47,65,85,54,65,53,60,74,29,58,63,66,72,65,46,76,34,47,53,55,25,67,40,25,36,35,25,72,55,24,27,27,31,35,28,13,7,11,5,8,3,2,4,3,7,7,11,7,2,2,1259000,7,4,12,2024,5,8,2030,2,2020,National Draft,Hybrid Key Forward Ruck,"Ruck minutes (6.6 HO/g) plus forward output (CM/g=1.92, GL/g=2.40)",74,84,25,343,241,102,138,52,40,60,164,48,193,148,43,1.289,"2021,2022,2023,2024,2025,2026"
1014,Adelaide,Adelaide,1,21,Daniel,Curtin,VIC,99,8,3,2005,192,91,69,64,62,53,48,59,53,52,54,72,59,50,50,65,48,53,65,56,62,76,29,58,73,56,76,59,46,68,26,53,42,52,51,62,36,38,30,42,22,37,56,31,27,31,36,21,35,6,7,8,10,6,6,2,10,7,8,8,8,9,6,5,709000,6,8,11,2023,17,5,2026,30,2022,National Draft,Key Forward,"forward profile: Key Forward:2.83, Pressure Forward:0.46, Small Forward:-2.11",60,74,25,334,224,110,113,86,37,11,0,29,163,182,50,2.433,"2024,2025,2026"
1015,Adelaide,Adelaide,1,30,Reilly,O'Brien,SA,73,20,8,1995,200,97,50,72,60,40,39,61,70,52,54,52,66,43,44,62,48,48,67,49,59,89,36,51,99,59,82,59,69,42,1,49,70,66,26,38,36,28,26,26,20,63,19,28,21,25,27,30,25,4,6,13,13,15,9,14,6,14,7,5,4,2,7,13,681000,43,18,9,2024,8,9,2028,9,2014,Rookie Draft,Ruck,Dominant hitouts (38.9/game),56,57,25,300,159,141,75,88,76,3,972,15,160,123,98,-0.453,"2021,2022,2023,2024,2025,2026"
1016,Adelaide,Adelaide,1,36,Taylor,Walker,WA,95,25,4,1990,193,90,70,74,40,42,48,45,48,58,44,73,38,47,46,59,59,53,60,58,46,77,31,60,71,97,85,47,49,55,2,65,65,53,38,48,25,16,25,31,16,20,37,16,15,22,23,17,15,7,14,14,13,3,15,3,14,8,9,15,11,1,11,1,768000,13,15,10,2024,22,8,2026,75,2007,National Draft,Key Forward,"forward profile: Key Forward:12.66, Small Forward:2.32, Pressure Forward:-5.97",59,60,23,281,196,85,112,26,7,39,23,30,118,172,22,-1.245,"2021,2022,2023,2024,2025,2026"
1017,Adelaide,Adelaide,1,22,Max,Michalanney,NSW,75,26,2,2004,188,85,57,50,42,52,49,41,42,42,42,57,45,47,48,59,44,45,67,55,46,56,76,53,73,59,65,55,43,65,17,48,39,51,34,43,45,48,23,45,28,30,34,26,30,31,23,30,26,5,11,10,9,13,7,3,12,12,4,10,11,13,8,2,411000,16,3,4,2026,16,2,2031,17,2022,National Draft,Medium Defender,"defensive profile: Intercept Defender:1.93, Key Defender:1.70, Half Back Flanker:1.66, Back Pocket:0.10 -> fallback Medium Defender (no standout)",49,53,21,280,184,96,91,37,5,4,0,12,75,206,30,0.277,"2023,2024,2025,2026"
1018,Adelaide,Adelaide,1,24,Sam,Berry,TAS,88,12,2,2002,187,88,35,42,67,49,52,65,63,41,60,36,56,56,55,59,47,57,47,60,65,45,75,59,76,92,78,54,54,66,38,61,61,54,31,28,24,20,25,29,44,20,28,27,43,44,42,56,42,2,13,9,10,14,4,3,7,3,10,4,6,7,6,6,653000,3,18,8,2024,11,9,2030,28,2020,National Draft,Inside Mid,"midfield profile: Inside Mid:8.07, Outside Mid:-1.34",57,61,19,279,164,115,31,78,66,6,0,2,143,146,21,0.582,"2021,2022,2023,2024,2025,2026"
1019,Adelaide,Adelaide,1,26,Darcy,Fogarty,VIC,85,25,9,1999,198,94,65,67,37,44,46,39,42,53,40,66,40,43,42,60,59,45,66,52,43,63,26,54,81,86,68,53,43,45,4,54,49,57,44,42,25,21,29,34,27,23,41,23,27,29,25,28,24,15,9,10,13,6,2,5,11,9,12,1,12,10,14,2,574000,32,12,12,2026,23,1,2028,12,2017,National Draft,Key Forward,"forward profile: Key Forward:10.71, Small Forward:3.63, Pressure Forward:-5.63",53,54,24,269,186,83,115,26,5,41,0,22,86,183,31,-0.028,"2021,2022,2023,2024,2025,2026"
1020,Adelaide,Adelaide,1,23,Zac,Taylor,SA,77,31,1,2003,178,77,38,42,47,42,39,44,42,40,43,38,45,41,41,49,41,40,48,49,49,42,71,45,73,79,92,59,41,33,37,58,32,64,21,21,20,17,28,22,39,21,19,14,39,36,43,45,31,7,16,15,9,10,2,5,10,11,15,11,19,14,7,1,296000,19,13,5,2025,22,5,2027,44,2021,National Draft,Inside Mid,"midfield profile: Inside Mid:-1.63, Outside Mid:-5.10",39,41,17,164,76,88,39,45,21,4,0,2,67,103,12,-2.413,"2024,2025,2026"
1021,Adelaide,Adelaide,1,23,Josh,Rachele,NSW,87,11,4,2003,176,74,47,53,42,46,46,42,44,54,38,47,43,45,44,49,62,44,47,53,46,14,73,50,68,78,77,53,43,51,34,52,46,53,29,24,34,22,54,33,49,33,39,51,26,47,29,30,27,6,4,7,13,11,10,7,12,10,8,7,5,4,13,11,390000,8,19,1,2025,13,5,2027,6,2021,National Draft,Small Forward,"forward profile: Small Forward:7.07, Key Forward:5.40, Pressure Forward:-3.01",45,50,14,161,121,40,47,26,17,27,0,4,49,105,14,0.697,"2022,2023,2024,2025,2026"
1022,Adelaide,Adelaide,1,31,Matt,Crouch,TAS,88,21,4,1995,185,86,41,39,75,68,62,78,71,54,93,40,54,45,45,55,56,74,37,57,75,44,76,57,66,57,94,48,65,49,35,50,70,54,18,25,25,32,38,26,45,34,30,31,53,44,53,52,47,10,3,2,11,13,9,9,3,3,6,11,2,2,6,13,1032000,5,10,6,2023,11,4,2028,23,2013,National Draft,Inside Mid,"midfield profile: Inside Mid:17.96, Outside Mid:0.67",69,72,6,154,48,106,18,24,37,1,0,0,65,90,4,0.684,"2022,2023,2024,2025"
1023,Adelaide,Adelaide,1,34,Brodie,Smith,SA,79,14,1,1992,187,84,46,44,44,49,46,44,45,39,43,47,46,51,53,45,44,45,35,59,48,44,69,54,93,71,73,53,46,41,45,62,42,53,24,32,36,43,26,30,19,20,27,19,27,21,16,27,25,6,4,17,13,3,11,17,2,10,4,16,1,1,6,2,390000,33,14,1,2025,19,9,2027,14,2010,National Draft,Medium Defender,"defensive profile: Half Back Flanker:2.29, Intercept Defender:1.79, Key Defender:1.45, Back Pocket:0.50 -> fallback Medium Defender (no standout)",43,43,11,141,94,47,34,23,4,3,0,4,47,81,17,-0.972,"2021,2022,2023,2024,2025"
1024,Adelaide,Adelaide,1,25,Nick,Murray,SA,88,18,12,2000,184,83,50,46,34,39,38,35,39,38,34,50,69,43,46,43,39,34,62,61,40,42,76,44,67,62,73,51,41,42,1,58,43,63,20,28,40,44,24,39,18,22,27,18,22,17,19,23,20,16,11,3,12,9,16,7,12,9,5,10,14,14,9,6,332000,9,8,4,2025,18,12,2030,64,2023,National Draft,Medium Defender,"defensive profile: Intercept Defender:9.97, Key Defender:9.76, Back Pocket:6.55, Half Back Flanker:-0.23 -> fallback Medium Defender (no standout)",46,50,12,101,64,37,41,12,0,0,0,5,28,70,90,-0.322,"2021,2022,2023,2024,2025,2026"
1025,Adelaide,Adelaide,1,23,Luke,Nankervis,QLD,88,25,5,2003,183,80,39,41,44,46,47,44,47,38,47,39,44,42,42,41,42,46,39,50,48,38,66,50,74,64,74,48,47,88,11,56,49,62,22,28,45,49,23,17,37,24,29,20,28,20,19,29,30,2,13,8,6,7,1,5,4,12,7,4,8,7,9,6,296000,27,22,9,2023,2,4,2029,2,2021,Pre-Season Draft,Back Pocket,"defensive profile: Back Pocket:0.16, Key Defender:-0.81, Intercept Defender:-2.17, Half Back Flanker:-2.61",40,42,7,88,43,45,19,13,5,0,0,0,29,61,8,-0.122,"2023,2024,2025,2026"
1026,Adelaide,Adelaide,1,20,Sid,Draper,VIC,90,5,7,2006,175,76,30,42,44,35,37,42,50,36,37,33,43,41,40,39,42,36,22,48,46,14,81,37,90,67,75,44,50,59,57,49,45,50,27,21,29,24,50,26,64,31,26,40,49,42,24,52,33,14,5,11,14,8,4,4,13,9,11,13,8,6,8,2,202000,34,8,1,2023,25,12,2025,4,2024,National Draft,Pressure Forward,"forward profile: Pressure Forward:1.72, Small Forward:0.98, Key Forward:-2.31",35,43,10,72,35,37,8,24,8,3,0,1,28,44,4,,
1027,Adelaide,Adelaide,1,26,Lachlan,Sholl,ACT,75,7,3,2000,183,85,49,39,34,53,53,36,34,37,42,46,36,48,47,40,44,47,44,52,42,50,74,55,69,89,99,49,36,46,11,57,38,60,22,22,17,27,36,26,21,24,21,21,23,19,17,27,39,7,9,13,13,9,11,9,10,5,6,3,15,8,6,14,332000,38,15,7,2023,17,2,2025,64,2018,National Draft,Half Back Flanker,"defensive profile: Half Back Flanker:0.13, Key Defender:-1.15, Intercept Defender:-1.44, Back Pocket:-1.48",40,42,5,70,42,28,22,4,6,1,0,0,16,52,4,-0.237,"2021,2022,2023,2024,2025,2026"
1028,Adelaide,Adelaide,1,26,Jordon,Butts,VIC,84,31,12,1999,201,101,57,56,29,37,33,33,32,40,34,60,59,39,40,38,38,31,53,53,39,83,31,41,61,74,88,59,37,58,1,48,31,61,30,37,55,46,30,35,30,29,27,21,25,22,18,25,21,15,14,2,3,1,11,2,12,9,15,5,13,9,2,5,350000,41,1,2,2024,8,8,2027,56,2023,Academy,Key Defender,"defensive profile: Key Defender:9.82, Intercept Defender:6.10, Back Pocket:5.26, Half Back Flanker:-4.48",40,44,10,64,43,21,31,2,0,0,0,10,28,36,63,-0.551,"2021,2022,2023,2024,2025,2026"
1029,Adelaide,Adelaide,1,24,Luke,Pedlar,SA,92,17,5,2002,177,78,40,49,49,37,36,46,53,35,35,41,47,41,41,38,54,35,41,49,49,21,89,40,57,76,80,62,53,56,41,42,39,54,23,24,35,33,70,39,59,23,52,66,29,54,34,35,36,4,14,12,2,11,7,5,12,6,7,11,9,14,3,11,262000,10,13,10,2023,8,6,2025,11,2020,National Draft,Small Forward,"forward profile: Small Forward:6.00, Key Forward:2.11, Pressure Forward:0.77",37,44,9,63,46,17,20,27,4,13,0,2,28,32,4,0.504,"2021,2022,2023,2024,2025,2026"
1030,Adelaide,Adelaide,1,21,Hugh,Bond,VIC,92,25,9,2004,179,79,33,39,49,37,39,51,64,33,45,34,54,41,41,36,40,40,49,49,50,55,77,43,82,65,89,39,70,86,13,47,55,47,32,19,39,51,19,23,41,20,27,27,27,21,27,23,28,15,13,10,12,14,15,11,13,11,11,2,2,3,3,5,313000,40,23,11,2025,28,7,2030,50,2022,National Draft,Back Pocket,"defensive profile: Back Pocket:2.57, Key Defender:1.16, Intercept Defender:-1.14, Half Back Flanker:-3.42",41,45,5,47,20,27,8,14,1,0,0,0,20,30,11,-0.515,"2024,2025,2026"
1031,Adelaide,Adelaide,1,27,Lachlan,Murphy,SA,88,4,12,1998,188,90,31,39,47,35,40,47,51,37,44,33,44,45,43,34,39,42,30,51,50,44,79,46,51,74,70,53,51,8,42,46,48,53,17,21,24,22,28,24,42,27,27,27,46,45,49,49,41,14,10,11,13,3,1,2,3,9,11,8,10,12,2,3,246000,4,16,9,2023,18,11,2029,56,2022,National Draft,Inside Mid,"midfield profile: Inside Mid:-0.84, Outside Mid:-6.27",38,41,5,40,18,22,6,12,7,0,0,0,21,22,3,-0.012,"2021,2022,2023,2024,2025"
1032,Adelaide,Adelaide,1,26,Chayce,Jones,WA,92,14,1,2000,180,76,33,39,36,33,33,37,45,37,32,34,37,36,35,32,38,30,23,39,41,41,63,40,91,70,73,50,48,73,44,48,41,58,17,23,35,38,17,22,29,15,15,16,21,22,16,23,17,5,5,12,10,4,2,2,9,5,2,12,7,7,11,5,140000,1,19,7,2026,5,7,2030,9,2018,National Draft,Back Pocket,"defensive profile: Back Pocket:0.57, Key Defender:-1.64, Half Back Flanker:-5.94, Intercept Defender:-6.12",28,29,5,30,19,11,8,7,1,0,0,0,11,20,1,-0.708,"2021,2022,2023,2024,2025,2026"
1033,Adelaide,Adelaide,1,24,Brayden,Cook,VIC,76,18,7,2002,186,82,32,42,40,39,38,34,36,50,28,33,44,41,41,30,38,34,27,47,42,42,66,45,51,87,38,55,34,75,58,57,22,53,28,26,35,52,32,24,42,25,25,31,31,18,26,27,32,12,9,13,10,2,2,11,14,12,13,9,13,10,10,10,175000,15,12,9,2023,19,6,2025,25,2020,National Draft,Back Pocket,"defensive profile: Back Pocket:1.66, Key Defender:-1.46, Intercept Defender:-4.38, Half Back Flanker:-4.56",33,36,3,18,13,5,4,7,2,0,0,0,4,15,2,0.3,"2021,2022,2023,2024,2025,2026"
1034,Adelaide,Adelaide,1,24,James,Borlase,VIC,75,18,7,2002,184,80,32,38,36,36,34,39,50,32,34,33,64,39,41,30,38,31,45,53,41,55,80,40,70,95,56,34,57,70,22,62,45,49,24,25,33,36,16,27,19,23,20,23,20,15,18,18,27,10,17,3,10,2,3,14,3,12,16,7,17,2,9,3,246000,35,3,4,2024,23,1,2029,52,2023,National Draft,Medium Defender,"defensive profile: Key Defender:6.31, Intercept Defender:6.15, Back Pocket:5.58, Half Back Flanker:-1.20 -> fallback Medium Defender (no standout)",38,44,2,16,10,6,3,3,1,0,0,0,5,10,12,-1.257,"2023,2024,2025,2026"
1035,Adelaide,Adelaide,1,22,Billy,Dowling,SA,97,1,7,2004,190,90,34,46,42,44,34,49,30,32,66,35,27,37,37,35,62,49,38,47,54,44,73,46,76,63,66,67,26,59,45,54,61,54,17,14,17,19,25,21,27,23,30,34,23,31,30,29,16,12,1,11,6,17,9,4,17,18,9,4,15,14,15,4,278000,31,10,4,2025,24,5,2030,43,2022,National Draft,Hybrid Mid Forward,Strong in both forward (fwd_c=3.84) and midfield (mid_c=1.73) signals,39,42,1,14,6,8,2,0,4,2,0,0,9,4,0,-1.491,"2024,2025,2026"
1036,Adelaide,Adelaide,1,30,Chris,Burgess,VIC,78,26,11,1995,201,97,52,54,39,43,42,38,48,33,31,48,49,42,41,32,40,39,45,50,42,82,26,54,59,65,67,39,50,66,34,48,45,51,50,42,26,28,26,39,21,26,44,18,23,23,24,28,25,12,4,2,8,13,2,6,6,2,6,5,12,3,11,4,313000,21,19,4,2025,18,2,2028,56,2022,National Draft,Key Forward,"forward profile: Key Forward:2.76, Pressure Forward:1.15, Small Forward:-0.55",40,41,1,10,8,2,5,2,0,0,0,0,2,6,2,-0.448,"2021,2022,2023,2024,2025"
1037,Adelaide,Adelaide,1,25,Harry,Schoenberg,SA,76,21,2,2001,188,85,29,38,38,32,30,34,34,32,34,31,43,34,33,26,37,28,1,38,42,49,75,34,73,80,85,67,33,51,54,54,28,59,28,20,46,60,20,23,40,23,28,21,22,22,22,24,26,14,17,6,6,3,2,11,3,8,16,3,6,11,9,13,140000,26,7,3,2026,19,7,2032,24,2019,National Draft,Back Pocket,"defensive profile: Back Pocket:1.89, Key Defender:-0.69, Intercept Defender:-6.12, Half Back Flanker:-7.77",28,30,1,5,1,4,1,2,0,0,0,0,2,3,1,-1.161,"2021,2022,2023,2024,2025"
1038,Brisbane Lions,Brisbane Lions,2,22,Will,Ashcroft,QLD,74,6,5,2004,190,87,50,44,70,78,75,70,55,62,83,47,51,64,63,81,67,82,67,69,72,42,69,74,78,64,68,67,45,23,23,60,59,61,30,27,26,35,39,31,46,36,40,56,24,48,48,45,22,4,9,10,11,11,5,11,4,4,1,6,4,8,10,11,1181000,8,12,5,2026,14,8,2030,2,2022,National Draft,Hybrid Mid Forward,Strong in both midfield (mid_c=7.09) and forward (fwd_c=0.62) signals,73,83,27,733,369,364,114,95,155,15,0,2,277,448,12,0.995,"2023,2024,2025,2026"
1039,Brisbane Lions,Brisbane Lions,2,28,Hugh,McCluggage,TAS,75,3,3,1998,185,85,49,44,80,74,72,82,71,76,86,46,61,61,61,80,77,89,66,73,79,50,79,79,58,72,91,56,63,56,45,48,73,57,24,32,26,33,44,27,50,24,46,52,25,51,57,48,35,13,6,12,10,11,8,4,7,6,12,15,10,14,2,14,1469000,6,2,6,2026,20,3,2032,3,2016,National Draft,Hybrid Mid Forward,Strong in both midfield (mid_c=8.06) and forward (fwd_c=0.93) signals,80,83,27,732,398,334,115,122,162,18,0,1,322,430,44,0.193,"2021,2022,2023,2024,2025,2026"
1040,Brisbane Lions,Brisbane Lions,2,37,Dayne,Zorko,VIC,89,9,2,1989,177,77,63,40,51,77,71,51,59,59,48,56,48,71,75,79,64,64,67,77,52,46,64,82,83,65,72,57,53,78,22,62,76,71,17,28,21,27,33,33,28,18,26,18,28,22,26,34,36,9,10,5,1,2,15,15,5,11,5,8,4,7,14,2,1105000,15,22,8,2024,20,3,2029,27,2021,Rookie Draft,Half Back Flanker,"defensive profile: Half Back Flanker:17.19, Intercept Defender:10.73, Key Defender:0.91, Back Pocket:-2.11",70,71,27,711,571,140,185,72,23,4,0,1,136,428,30,0.053,"2021,2022,2023,2024,2025,2026"
1041,Brisbane Lions,Brisbane Lions,2,29,Josh,Dunkley,QLD,95,9,1,1997,187,85,56,49,99,68,60,90,84,48,83,55,84,48,49,77,58,74,66,58,87,52,73,65,68,47,69,71,66,45,24,53,67,52,28,32,22,32,27,30,61,30,20,31,54,60,60,59,44,12,13,11,10,13,11,10,14,5,14,15,1,12,8,9,1558000,5,25,4,2026,13,11,2032,25,2015,National Draft,Inside Mid,"midfield profile: Inside Mid:18.60, Outside Mid:2.67",81,81,27,663,318,345,125,218,130,7,0,11,291,366,64,0.165,"2021,2022,2023,2024,2025,2026"
1042,Brisbane Lions,Brisbane Lions,2,33,Lachie,Neale,QLD,85,24,5,1993,185,85,48,42,75,74,68,78,60,67,90,46,53,59,58,74,73,82,65,66,77,48,66,71,71,76,93,53,52,37,35,45,64,65,24,25,27,23,27,33,48,30,24,26,43,43,43,52,38,2,5,2,4,5,4,11,11,9,8,8,5,7,7,13,1383000,9,16,6,2025,18,7,2027,58,2011,National Draft,Inside Mid,"midfield profile: Inside Mid:17.87, Outside Mid:4.66",77,77,22,590,288,302,90,81,136,8,0,2,269,323,23,-0.281,"2021,2022,2023,2024,2025,2026"
1043,Brisbane Lions,Brisbane Lions,2,22,Jaspa,Fletcher,QLD,87,24,2,2004,185,87,71,48,47,71,66,49,43,44,56,66,44,60,61,76,52,62,68,65,53,54,77,68,60,91,68,53,41,47,8,42,44,57,37,33,37,29,61,45,33,35,39,34,33,26,39,52,61,2,10,10,5,9,6,3,8,3,2,2,8,12,11,8,738000,3,13,6,2026,1,8,2031,12,2022,National Draft,Half Back Flanker,"defensive profile: Half Back Flanker:7.75, Intercept Defender:5.21, Key Defender:1.33, Back Pocket:-2.05",63,72,27,575,373,202,181,45,32,7,0,12,154,392,34,1.807,"2023,2024,2025,2026"
1044,Brisbane Lions,Brisbane Lions,2,22,Darcy,Wilmot,QLD,97,31,12,2003,177,74,60,42,49,67,67,50,47,41,53,55,51,67,66,74,52,59,67,64,53,50,78,68,73,70,76,53,44,38,37,62,49,68,26,27,31,35,43,38,35,24,22,25,34,34,32,40,47,11,3,2,3,12,9,11,11,12,1,7,4,10,7,3,768000,44,20,3,2023,19,4,2026,16,2021,National Draft,Half Back Flanker,"defensive profile: Half Back Flanker:7.54, Intercept Defender:4.81, Key Defender:1.32, Back Pocket:-0.81",62,69,27,549,373,176,160,56,31,6,0,3,149,339,57,1.0,"2022,2023,2024,2025,2026"
1045,Brisbane Lions,Brisbane Lions,2,26,Zac,Bailey,NSW,95,23,9,1999,193,91,53,50,53,61,64,55,55,51,59,50,44,57,56,71,69,64,66,62,56,59,88,66,67,72,80,62,53,36,28,48,61,56,25,22,20,31,47,24,52,25,48,51,32,52,54,53,29,5,11,4,4,3,3,12,11,14,6,9,5,8,10,11,799000,33,22,12,2026,2,4,2029,15,2017,National Draft,Hybrid Mid Forward,Strong in both forward (fwd_c=3.34) and midfield (mid_c=2.56) signals,60,63,26,520,321,199,123,60,62,42,0,4,174,340,18,-0.255,"2021,2022,2023,2024,2025,2026"
1046,Brisbane Lions,Brisbane Lions,2,19,Levi,Ashcroft,WA,79,18,12,2006,182,84,49,40,44,64,58,46,35,37,55,46,39,51,51,72,50,57,61,57,52,45,85,61,96,86,68,66,33,68,35,41,42,64,29,33,33,26,70,58,35,24,23,30,31,46,34,46,61,6,14,14,8,13,7,4,2,12,9,2,7,2,11,7,548000,10,12,3,2025,11,5,2027,5,2024,National Draft,Outside Mid,"midfield profile: Outside Mid:4.64, Inside Mid:0.80",53,63,27,517,325,192,120,33,65,12,0,0,165,340,22,,
1047,Brisbane Lions,Brisbane Lions,2,28,Jarrod,Berry,SA,80,5,2,1998,184,81,62,47,59,62,63,57,59,43,58,58,51,56,58,70,50,63,60,67,58,46,61,66,73,70,78,69,52,61,35,60,61,59,28,21,30,18,50,48,37,30,26,31,23,37,27,41,51,11,11,8,4,11,11,3,7,9,11,2,10,11,10,5,738000,7,4,4,2024,12,2,2027,17,2016,National Draft,Outside Mid,"midfield profile: Outside Mid:6.13, Inside Mid:2.10",61,64,24,477,291,186,137,79,41,9,0,7,146,332,21,0.99,"2021,2022,2023,2024,2025,2026"
1048,Brisbane Lions,Brisbane Lions,2,26,Cam,Rayner,SA,97,21,10,1999,195,96,52,56,57,50,55,59,60,54,56,53,50,53,52,68,63,63,67,64,58,49,79,65,57,53,88,55,57,52,15,45,62,62,21,22,29,29,44,20,38,29,42,51,30,38,43,37,21,2,13,1,6,11,2,3,14,4,8,12,1,13,8,13,709000,16,23,5,2023,20,5,2027,1,2017,National Draft,Hybrid Mid Forward,Strong in both forward (fwd_c=3.70) and midfield (mid_c=1.86) signals,58,63,27,420,247,173,91,81,60,36,0,16,182,248,29,0.026,"2022,2023,2024,2025,2026"
1049,Brisbane Lions,Brisbane Lions,2,29,Harris,Andrews,QLD,93,11,12,1996,184,81,90,62,41,54,44,45,44,50,45,89,74,42,44,66,47,44,74,60,48,56,68,53,64,71,73,48,48,26,8,50,43,63,24,34,38,41,21,41,21,19,24,25,19,24,17,21,24,2,10,3,15,11,6,4,13,15,7,13,10,3,10,14,653000,31,11,7,2025,11,5,2030,61,2014,National Draft,Medium Defender,"defensive profile: Key Defender:14.22, Intercept Defender:14.22, Back Pocket:6.08, Half Back Flanker:1.21 -> fallback Medium Defender (no standout)",60,60,27,383,284,99,221,32,1,0,0,38,137,238,229,-0.559,"2021,2022,2023,2024,2025,2026"
1050,Brisbane Lions,Brisbane Lions,2,28,Callum,Ah Chee,VIC,92,9,10,1997,194,94,61,55,43,49,50,45,47,52,44,59,43,46,45,65,54,48,64,53,48,91,41,55,98,94,85,50,47,56,22,45,50,58,72,73,28,28,37,49,27,26,66,27,26,23,33,34,29,12,8,14,1,5,13,5,8,12,11,6,11,2,5,8,548000,4,1,11,2025,25,12,2030,8,2015,National Draft,Key Forward,"forward profile: Key Forward:4.19, Small Forward:1.71, Pressure Forward:-2.21",52,55,26,349,233,116,138,45,13,24,0,12,114,237,29,0.411,"2021,2022,2023,2024,2025,2026"
1051,Brisbane Lions,Brisbane Lions,2,33,Ryan,Lester,QLD,91,26,8,1992,187,84,61,46,44,51,46,43,41,36,42,59,58,45,47,64,42,44,68,57,48,41,70,51,77,67,61,54,41,25,31,59,36,58,29,49,56,25,19,36,19,19,23,31,26,31,20,23,37,6,9,7,14,4,10,10,13,6,5,3,2,11,13,13,411000,35,1,9,2024,25,2,2027,28,2010,National Draft,Intercept Defender,"defensive profile: Intercept Defender:6.03, Key Defender:5.32, Back Pocket:3.02, Half Back Flanker:1.65",49,49,26,333,223,110,142,51,14,1,0,11,104,232,107,0.023,"2021,2022,2023,2024,2025,2026"
1052,Brisbane Lions,Brisbane Lions,2,21,Logan,Morris,VIC,92,10,5,2005,197,94,61,73,42,41,43,43,43,54,40,64,43,45,44,60,64,44,63,51,47,66,27,52,79,71,89,60,42,46,12,54,46,66,37,50,20,20,16,27,25,21,39,29,20,18,25,28,29,12,1,4,13,11,15,2,11,5,15,11,11,13,7,1,599000,13,6,1,2024,3,12,2028,31,2023,National Draft,Key Forward,"forward profile: Key Forward:13.25, Small Forward:5.45, Pressure Forward:-4.69",55,57,26,245,175,70,105,45,0,53,0,25,105,146,28,0.136,"2024,2025,2026"
1053,Brisbane Lions,Brisbane Lions,2,32,Charlie,Cameron,SA,77,5,7,1994,192,87,49,55,44,41,43,42,44,46,37,49,44,44,43,58,52,43,64,51,47,79,35,52,51,57,72,55,44,49,11,61,44,66,53,52,21,27,19,42,18,20,55,23,25,26,19,26,26,9,16,9,14,11,3,7,13,6,4,3,3,6,6,3,432000,23,12,2,2026,4,3,2030,7,2013,Rookie Draft,Key Forward,"forward profile: Key Forward:5.19, Small Forward:4.07, Pressure Forward:-1.30",46,47,25,240,181,59,89,55,10,32,0,10,92,160,23,-0.961,"2021,2022,2023,2024,2025,2026"
1054,Brisbane Lions,Brisbane Lions,2,28,Eric,Hipwood,VIC,97,13,9,1997,201,102,61,62,40,41,46,43,49,45,39,60,44,47,46,57,52,47,63,55,45,82,34,57,76,88,86,57,50,57,27,52,58,62,61,68,21,32,20,44,30,31,60,22,28,32,27,25,22,6,9,14,1,15,14,14,6,9,3,7,3,12,6,12,548000,30,27,7,2025,5,2,2027,14,2015,National Draft,Key Forward,"forward profile: Key Forward:7.28, Small Forward:2.36, Pressure Forward:-2.83",51,52,22,231,169,62,107,32,5,25,7,14,86,145,38,-0.346,"2021,2022,2023,2024,2025,2026"
1055,Brisbane Lions,Brisbane Lions,2,26,Noah,Answerth,QLD,81,6,8,1999,194,92,56,43,45,49,50,45,51,38,40,53,57,47,48,54,43,45,59,55,47,53,83,53,83,22,64,48,51,11,1,53,51,66,22,47,60,27,30,37,19,26,28,20,20,22,31,18,37,6,6,8,10,14,9,2,14,6,3,15,13,6,5,12,411000,43,16,10,2024,27,6,2027,55,2018,National Draft,Intercept Defender,"defensive profile: Intercept Defender:4.63, Key Defender:3.74, Back Pocket:2.49, Half Back Flanker:1.84",47,49,17,226,157,69,85,39,8,1,0,4,60,168,60,-0.033,"2022,2023,2024,2025,2026"
1056,Brisbane Lions,Brisbane Lions,2,32,Darcy,Fort,VIC,83,6,8,1993,201,100,40,62,57,39,38,58,58,42,51,42,63,42,42,55,42,46,63,47,58,60,23,49,90,83,76,55,55,44,7,65,57,70,21,28,22,25,17,16,18,43,19,14,14,22,20,29,17,14,9,10,5,13,3,6,14,4,4,13,10,12,10,7,500000,32,13,1,2025,18,5,2028,65,2018,National Draft,Ruck,Dominant hitouts (29.6/game),48,48,21,214,127,87,39,66,65,4,622,7,135,94,84,-0.535,"2022,2023,2024,2025,2026"
1057,Brisbane Lions,Brisbane Lions,2,30,Darcy,Gardiner,VIC,76,22,9,1995,187,86,52,44,39,44,41,39,42,40,39,50,59,42,44,52,44,39,56,56,44,57,89,47,66,77,96,48,43,99,1,59,42,55,21,54,61,28,20,52,28,32,24,28,20,31,20,22,44,8,3,6,7,2,9,14,12,15,8,9,10,15,4,3,313000,27,9,3,2026,19,7,2030,22,2013,National Draft,Intercept Defender,"defensive profile: Intercept Defender:5.20, Key Defender:4.50, Back Pocket:3.32, Half Back Flanker:0.14",42,43,18,187,124,63,78,25,1,6,2,4,60,130,87,-0.385,"2021,2022,2023,2024,2025,2026"
1058,Brisbane Lions,Brisbane Lions,2,23,Kai,Lohmann,QLD,77,6,5,2003,173,72,46,52,50,42,48,49,54,48,43,47,47,51,49,53,53,47,53,56,51,19,73,48,74,63,69,50,51,50,34,50,51,60,28,20,23,22,43,25,37,31,37,49,32,41,20,20,32,13,4,6,5,2,7,13,4,11,6,2,4,5,3,3,411000,1,8,11,2025,9,8,2027,20,2021,National Draft,Small Forward,"forward profile: Small Forward:4.06, Key Forward:2.27, Pressure Forward:0.60",47,53,18,183,112,71,54,49,10,20,0,5,72,114,11,0.855,"2022,2023,2024,2025,2026"
1059,Brisbane Lions,Brisbane Lions,2,26,Jack,Payne,QLD,91,15,10,1999,192,93,69,52,38,49,43,38,37,43,38,68,65,44,46,47,43,40,60,60,44,44,74,50,78,75,83,55,37,14,33,47,37,65,19,41,41,47,24,38,27,22,21,28,27,24,29,19,32,12,8,14,6,1,2,9,9,13,7,12,3,4,12,14,432000,40,2,7,2023,25,6,2029,54,2017,National Draft,Medium Defender,"defensive profile: Intercept Defender:9.72, Key Defender:9.45, Back Pocket:4.95, Half Back Flanker:0.93 -> fallback Medium Defender (no standout)",50,52,13,151,109,42,78,17,2,0,0,10,43,106,83,-0.087,"2021,2022,2023,2024,2025,2026"
1060,Brisbane Lions,Brisbane Lions,2,27,Brandon,Starcevich,QLD,78,24,7,1999,192,89,48,43,41,43,40,42,48,38,37,47,48,43,45,47,41,38,52,53,45,46,69,49,68,74,73,46,50,35,43,63,46,59,26,29,35,38,27,30,22,25,21,20,20,25,17,29,28,13,7,7,12,6,14,12,12,7,3,14,5,4,12,15,296000,37,18,3,2024,19,6,2030,18,2017,National Draft,Medium Defender,"defensive profile: Key Defender:1.97, Intercept Defender:1.75, Back Pocket:1.64, Half Back Flanker:0.60 -> fallback Medium Defender (no standout)",42,43,14,145,106,39,51,25,3,1,0,3,46,94,29,-0.543,"2021,2022,2023,2024,2025,2026"
1061,Brisbane Lions,Brisbane Lions,2,32,Oscar,McInerney,QLD,95,10,7,1994,208,111,41,64,55,39,36,56,54,43,51,44,59,45,45,46,45,47,51,52,58,78,24,50,88,72,67,60,53,19,17,59,48,66,21,30,26,21,28,25,30,56,29,22,30,28,22,30,17,14,3,7,5,6,12,4,2,10,10,14,9,13,2,10,454000,46,13,11,2025,2,2,2027,47,2022,National Draft,Ruck,Dominant hitouts (24.8/game),47,48,14,132,76,56,22,39,47,4,347,7,90,43,45,0.015,"2021,2022,2023,2024,2025"
1062,Brisbane Lions,Brisbane Lions,2,20,Sam,Marshall,WA,76,19,1,2006,189,89,38,41,37,48,45,36,33,36,40,38,37,43,43,45,42,42,30,49,43,55,81,49,79,75,77,52,34,50,63,50,26,60,24,34,51,46,28,45,30,27,28,24,34,26,28,27,34,1,6,3,12,13,1,10,12,2,14,3,4,5,10,10,216000,20,14,11,2024,23,8,2026,25,2024,National Draft,Medium Defender,"defensive profile: Back Pocket:-0.71, Key Defender:-1.86, Half Back Flanker:-2.40, Intercept Defender:-3.49 -> fallback Medium Defender (no standout)",34,39,11,123,64,59,27,15,8,1,0,0,31,89,3,,
1063,Brisbane Lions,Brisbane Lions,2,25,Bruce,Reville,VIC,75,22,2,2001,193,92,41,41,36,42,44,34,35,43,34,41,38,47,47,44,41,38,32,49,41,48,72,47,79,71,71,49,36,67,58,52,33,54,25,30,40,46,18,35,22,25,23,19,21,22,25,19,22,7,16,5,9,3,3,3,17,9,9,16,1,1,2,15,246000,38,12,11,2024,6,5,2029,50,2024,National Draft,Medium Defender,"defensive profile: Back Pocket:-0.12, Half Back Flanker:-1.43, Key Defender:-1.56, Intercept Defender:-3.08 -> fallback Medium Defender (no standout)",35,39,13,120,78,42,39,19,8,3,0,1,32,86,7,-1.173,"2024,2025,2026"
1064,Brisbane Lions,Brisbane Lions,2,33,Sam,Day,VIC,84,6,9,1992,198,96,50,56,42,38,37,45,51,43,40,51,44,40,40,44,42,39,45,49,47,71,30,46,67,52,96,47,56,38,31,52,42,57,21,46,33,24,18,19,28,45,33,23,28,24,30,28,21,13,4,14,8,12,12,12,6,5,9,9,8,14,9,2,332000,14,24,9,2024,20,3,2026,3,2010,National Draft,Hybrid Key Forward Ruck,"Ruck minutes (7.2 HO/g) plus forward output (CM/g=0.54, GL/g=0.23)",43,44,13,104,61,43,41,23,12,3,93,7,50,56,16,-0.233,"2021,2022,2023,2024,2025"
1065,Brisbane Lions,Brisbane Lions,2,20,Ty,Gallop,VIC,73,9,2,2006,199,96,50,58,52,40,38,50,51,46,45,53,48,40,39,36,47,41,39,49,53,77,36,45,80,63,76,47,50,50,41,43,36,46,53,54,29,32,26,36,29,25,49,27,24,21,32,22,31,9,3,14,14,5,8,15,12,2,6,3,4,6,7,9,370000,22,24,5,2025,18,1,2028,42,2024,National Draft,Key Forward,"forward profile: Key Forward:3.30, Pressure Forward:0.56, Small Forward:0.53",45,49,6,52,23,29,17,18,1,4,6,4,27,27,4,,
1066,Brisbane Lions,Brisbane Lions,2,21,Will,McLachlan,VIC,74,13,4,2005,183,82,36,45,29,34,35,28,27,35,28,38,34,42,40,32,43,31,25,47,37,48,73,42,67,88,70,55,28,98,44,60,25,60,48,20,21,24,30,43,39,30,46,43,21,19,30,31,23,9,12,2,15,9,6,13,12,3,1,3,13,5,9,2,140000,28,9,7,2026,12,8,2032,6,2023,Mid-Season Draft,Medium Forward,"forward profile: Small Forward:0.66, Key Forward:0.43, Pressure Forward:-2.98 -> fallback Medium Forward (no standout)",28,31,6,27,18,9,10,4,0,3,0,1,9,18,3,,
1067,Brisbane Lions,Brisbane Lions,2,30,Conor,McKenna,QLD,84,28,3,1996,169,71,31,38,33,35,35,30,32,39,26,32,36,41,40,30,41,33,18,51,38,17,78,39,76,82,69,54,34,21,62,55,24,62,21,22,16,22,37,26,31,24,26,36,24,33,17,16,23,12,7,11,18,9,15,14,6,8,8,4,6,14,14,15,140000,26,9,10,2025,3,1,2029,53,2022,National Draft,Small Forward,"forward profile: Small Forward:1.08, Pressure Forward:-0.92, Key Forward:-2.27",28,29,5,25,19,6,7,7,0,2,0,0,7,17,1,-1.431,"2023,2024,2025,2026"
1068,Brisbane Lions,Brisbane Lions,2,23,James,Tunstill,NT,92,18,7,2003,187,83,36,40,33,44,41,32,33,34,31,37,36,42,43,33,40,36,9,48,40,54,82,47,72,82,82,58,35,31,63,57,22,60,41,25,60,82,32,32,56,41,32,29,41,27,26,32,25,11,2,8,6,8,4,3,8,8,11,9,4,4,5,10,140000,29,22,12,2023,22,11,2025,41,2021,National Draft,Back Pocket,"defensive profile: Back Pocket:0.18, Key Defender:-1.15, Half Back Flanker:-2.40, Intercept Defender:-3.30",30,40,3,23,17,6,6,3,1,0,0,0,5,19,1,2.134,"2022,2023,2024,2025,2026"
1069,Brisbane Lions,Brisbane Lions,2,26,Keidean,Coleman,VIC,86,31,3,2000,178,77,58,39,35,68,58,34,29,33,42,52,34,59,67,41,45,51,33,73,43,61,75,63,82,81,88,50,29,70,33,50,28,55,32,21,25,31,52,44,28,29,30,31,27,26,23,34,53,11,2,9,11,7,10,4,10,9,8,10,8,7,4,10,524000,18,18,1,2023,22,1,2025,37,2019,National Draft,Half Back Flanker,"defensive profile: Half Back Flanker:14.67, Intercept Defender:8.79, Key Defender:0.31, Back Pocket:-1.93",49,51,1,19,13,6,6,1,0,0,0,0,3,14,0,-0.009,"2021,2022,2023,2024,2026"
1070,Brisbane Lions,Brisbane Lions,2,25,Deven,Robertson,TAS,84,30,6,2001,188,84,29,38,27,32,30,24,25,37,23,31,32,35,35,27,36,24,1,39,34,50,70,37,75,61,97,54,29,72,74,59,19,54,15,24,34,37,14,14,29,21,18,20,17,14,16,17,18,2,12,14,17,12,5,2,16,4,16,15,15,10,1,16,140000,2,5,2,2023,2,11,2027,22,2019,National Draft,Back Pocket,"defensive profile: Back Pocket:0.80, Key Defender:-1.56, Intercept Defender:-6.65, Half Back Flanker:-6.85",28,30,4,14,9,5,4,3,0,0,0,0,2,12,1,-1.985,"2021,2022,2023,2024,2025"
1071,Brisbane Lions,Brisbane Lions,2,29,Tom,Doedee,QLD,88,1,3,1997,201,100,57,38,23,51,47,23,20,32,27,51,51,41,40,31,39,39,40,54,33,75,35,53,99,84,89,67,26,23,20,54,11,61,14,26,44,40,22,26,17,24,22,20,22,21,19,16,18,13,2,14,10,4,6,14,16,16,6,10,2,2,11,13,296000,12,6,9,2023,22,8,2027,17,2015,National Draft,Key Defender,"defensive profile: Key Defender:4.34, Intercept Defender:3.44, Back Pocket:2.87, Half Back Flanker:-2.73",34,34,1,10,8,2,6,0,0,0,0,0,1,9,5,-1.654,"2021,2022,2023,2024,2026"
1072,Brisbane Lions,Brisbane Lions,2,23,Henry,Smith,QLD,92,24,9,2002,204,103,38,50,43,21,34,42,61,33,29,38,51,36,36,26,58,31,33,42,43,89,30,39,69,79,67,51,60,58,11,47,70,46,29,61,39,31,31,34,31,61,49,21,21,25,34,29,34,14,4,6,2,9,3,9,15,4,8,3,11,6,11,7,216000,25,1,9,2026,8,11,2030,48,2020,National Draft,Hybrid Key Forward Ruck,"Ruck minutes (6.5 HO/g) plus forward output (CM/g=0.00, GL/g=2.00)",34,39,2,7,5,2,5,5,0,4,13,0,4,8,4,-0.331,"2024,2025,2026"
1073,Brisbane Lions,Brisbane Lions,2,25,Luke,Beecken,QLD,84,18,4,2001,180,80,30,39,21,33,31,21,20,33,24,32,33,35,34,24,37,23,1,39,31,45,76,35,56,64,81,50,26,61,93,45,11,52,32,19,45,52,27,31,39,23,21,31,22,28,29,30,31,12,10,12,1,5,4,9,1,12,9,11,5,4,8,14,140000,17,19,5,2024,14,4,2027,71,2023,Rookie Draft,Back Pocket,"defensive profile: Back Pocket:1.05, Key Defender:-0.69, Intercept Defender:-6.12, Half Back Flanker:-7.77",28,32,1,3,1,2,1,0,0,0,0,0,0,3,1,,
1074,Carlton,Carlton,3,30,George,Hewett,VIC,72,29,12,1995,185,85,44,43,92,75,67,92,78,60,99,44,65,54,53,77,66,84,66,64,88,45,68,67,59,82,72,64,68,1,1,67,69,57,19,19,22,19,32,22,42,19,26,22,50,41,43,55,34,7,5,7,12,7,9,10,13,7,7,10,7,10,12,3,1650000,29,22,1,2023,23,3,2026,32,2013,National Draft,Inside Mid,"midfield profile: Inside Mid:22.46, Outside Mid:2.86",84,86,23,647,254,393,70,131,150,7,0,4,305,348,20,0.579,"2021,2022,2023,2024,2025,2026"
1075,Carlton,Carlton,3,31,Patrick,Cripps,WA,73,18,3,1995,188,87,45,52,90,63,57,91,85,73,94,48,66,52,51,72,76,76,66,61,86,44,79,62,61,82,68,64,76,47,18,52,79,56,21,19,29,21,39,22,38,23,30,44,25,36,39,39,31,5,6,9,7,3,6,14,7,7,2,2,1,2,3,3,1259000,9,6,1,2025,15,1,2030,13,2013,National Draft,Hybrid Mid Forward,Strong in both midfield (mid_c=7.34) and forward (fwd_c=1.21) signals,76,77,23,556,220,336,50,132,148,14,12,13,296,249,30,0.093,"2021,2022,2023,2024,2025,2026"
1076,Carlton,Carlton,3,26,Adam,Cerra,SA,82,7,10,1999,189,90,49,41,78,68,66,77,67,50,80,46,60,57,58,68,58,81,59,71,76,55,85,75,46,91,69,65,56,58,25,48,74,52,20,27,33,31,36,29,56,29,20,26,68,53,67,59,50,4,3,2,7,15,12,3,2,15,10,12,11,12,7,10,1259000,5,9,10,2026,19,1,2029,5,2017,National Draft,Inside Mid,"midfield profile: Inside Mid:14.48, Outside Mid:4.98",74,78,19,468,259,209,81,89,89,5,0,1,205,271,23,-0.32,"2021,2022,2023,2024,2025,2026"
1077,Carlton,Carlton,3,22,Oliver,Hollands,VIC,77,16,1,2004,181,79,54,41,55,61,64,53,60,40,52,50,55,58,60,68,48,59,70,65,54,44,73,64,56,65,76,54,56,52,27,51,57,68,23,23,30,17,50,31,19,27,28,27,19,28,21,26,42,7,7,4,7,10,9,5,2,3,5,10,12,6,4,11,709000,4,2,6,2025,10,10,2028,11,2022,National Draft,Half Back Flanker,"defensive profile: Half Back Flanker:6.29, Intercept Defender:4.21, Key Defender:0.40, Back Pocket:-0.08",59,65,23,439,260,179,115,75,22,4,0,1,105,317,36,0.778,"2023,2024,2025,2026"
1078,Carlton,Carlton,3,34,Nick,Haynes,QLD,78,18,5,1992,192,92,77,50,43,59,55,44,39,39,47,72,55,50,52,65,44,52,69,62,49,62,80,60,76,71,78,63,36,57,9,49,48,57,27,57,75,26,22,60,28,25,27,29,36,29,29,24,43,4,6,8,9,6,10,5,7,4,3,7,14,3,9,3,574000,26,11,9,2026,24,4,2029,7,2011,National Draft,Intercept Defender,"defensive profile: Intercept Defender:8.61, Key Defender:6.04, Half Back Flanker:4.97, Back Pocket:1.74",57,58,23,392,282,110,180,33,15,0,0,14,114,277,94,0.06,"2021,2022,2023,2024,2025,2026"
1079,Carlton,Carlton,3,27,Tom,De Koning,WA,89,16,7,1999,211,114,58,71,60,52,51,67,63,55,71,61,53,52,52,65,57,66,64,61,65,74,31,62,39,73,99,61,61,87,18,56,73,56,23,31,27,33,19,22,21,51,23,21,24,22,19,38,23,3,2,12,3,3,10,2,8,7,6,9,1,4,7,12,830000,12,17,1,2024,17,12,2028,30,2017,National Draft,Ruck,Dominant hitouts (23.3/game),64,69,22,381,194,187,72,51,97,6,512,21,209,173,53,1.175,"2021,2022,2023,2024,2025,2026"
1080,Carlton,Carlton,3,32,Adam,Saad,WA,73,23,7,1994,179,75,43,43,50,60,74,48,48,36,48,43,50,90,85,63,45,50,62,60,52,39,76,61,72,67,71,59,43,71,23,55,53,66,19,29,22,24,43,34,21,29,17,24,21,21,20,36,50,12,2,8,16,2,5,6,13,6,6,12,7,4,11,10,928000,42,25,12,2023,19,12,2026,25,2014,Rookie Draft,Half Back Flanker,"defensive profile: Half Back Flanker:11.07, Intercept Defender:4.49, Key Defender:1.69, Back Pocket:0.09",63,64,21,378,264,114,61,53,22,1,0,4,103,210,35,-0.483,"2021,2022,2023,2024,2025,2026"
1081,Carlton,Carlton,3,26,Sam,Walsh,WA,88,2,7,2000,181,81,45,43,75,70,70,75,66,60,85,44,53,60,59,63,63,77,53,65,73,52,79,65,51,70,73,60,58,59,1,46,65,52,16,15,24,26,31,26,42,23,25,23,41,43,47,39,34,4,12,5,5,15,1,14,10,8,4,3,7,9,8,2,1259000,18,17,8,2026,12,9,2032,1,2018,National Draft,Inside Mid,"midfield profile: Inside Mid:12.84, Outside Mid:6.79",72,77,14,368,152,216,50,64,52,5,0,2,145,222,3,-0.82,"2021,2022,2023,2024,2025,2026"
1082,Carlton,Carlton,3,30,Blake,Acres,VIC,81,7,10,1995,180,80,57,51,54,57,61,54,56,40,55,56,51,53,54,62,47,60,62,61,55,44,64,63,60,82,66,52,50,52,1,62,67,63,18,19,27,29,55,50,29,26,17,17,17,32,23,37,45,5,8,10,9,6,11,2,5,10,8,13,6,14,5,8,653000,13,3,8,2026,14,6,2032,19,2013,National Draft,Outside Mid,"midfield profile: Outside Mid:5.67, Inside Mid:0.30",56,56,19,355,210,145,87,54,19,5,0,9,110,252,27,0.058,"2021,2022,2023,2024,2025,2026"
1083,Carlton,Carlton,3,28,Jacob,Weitering,VIC,97,23,11,1997,190,88,84,62,41,52,44,46,42,45,45,84,63,46,48,60,43,45,75,60,49,52,72,53,93,75,87,59,46,35,1,62,43,63,18,38,38,38,24,38,22,24,20,22,18,30,23,17,27,10,14,8,14,4,3,3,4,2,10,10,12,10,2,2,574000,23,21,9,2026,24,9,2029,1,2015,National Draft,Medium Defender,"defensive profile: Intercept Defender:11.90, Key Defender:11.74, Back Pocket:4.30, Half Back Flanker:2.61 -> fallback Medium Defender (no standout)",57,59,23,316,247,69,162,22,5,0,1,32,126,194,147,-0.64,"2021,2022,2023,2024,2025,2026"
1084,Carlton,Carlton,3,32,Sam,Docherty,VIC,92,17,10,1993,180,77,55,40,49,66,59,47,42,38,49,49,49,49,50,57,48,57,55,60,51,46,66,64,57,64,86,59,39,38,23,48,40,68,22,17,18,20,36,29,21,17,14,17,20,21,27,25,43,17,6,5,15,14,7,15,16,19,5,15,4,15,9,7,599000,15,5,3,2025,5,8,2028,12,2011,National Draft,Outside Mid,"midfield profile: Outside Mid:7.53, Inside Mid:-1.35",52,52,15,304,198,106,87,41,19,5,0,0,72,221,22,-2.152,"2021,2022,2023,2024,2025"
1085,Carlton,Carlton,3,22,Cooper,Lord,VIC,86,1,7,2004,182,81,39,40,58,50,49,52,52,39,49,39,50,45,45,58,44,52,47,57,56,38,69,55,74,83,78,57,46,17,36,60,42,55,20,18,24,14,21,24,42,20,23,20,46,33,37,40,30,12,2,6,11,3,9,12,12,17,6,6,4,13,6,6,477000,36,19,3,2025,23,2,2027,9,2023,Mid-Season Draft,Inside Mid,"midfield profile: Inside Mid:1.67, Outside Mid:-0.59",48,51,21,294,157,137,57,82,37,5,0,1,104,196,8,-0.912,"2024,2025,2026"
1086,Carlton,Carlton,3,31,Zac,Williams,WA,90,20,9,1994,192,88,43,49,48,51,48,49,43,46,52,43,42,49,49,57,54,53,52,57,53,57,80,58,89,85,66,50,41,61,37,52,52,53,28,26,21,24,32,23,46,29,42,43,19,47,41,41,25,14,12,2,6,2,8,6,14,12,16,9,2,12,2,16,477000,6,7,9,2026,3,4,2029,31,2024,Mid-Season Draft,Hybrid Mid Forward,Strong in both forward (fwd_c=2.17) and midfield (mid_c=1.27) signals,48,49,19,281,180,101,55,35,51,22,0,4,121,148,19,-0.901,"2021,2022,2024,2025,2026"
1087,Carlton,Carlton,3,23,Jesse,Motlop,SA,99,1,7,2003,188,87,38,46,56,41,46,54,65,41,43,39,52,49,47,58,48,45,61,53,54,56,77,52,72,90,50,51,64,64,45,52,55,55,48,28,23,30,23,37,32,22,41,48,30,30,31,24,30,5,12,9,4,11,7,6,14,3,4,11,13,6,7,11,411000,3,21,6,2024,20,4,2029,27,2021,National Draft,Medium Forward,"forward profile: Pressure Forward:3.65, Small Forward:3.36, Key Forward:-1.14 -> fallback Medium Forward (no standout)",45,48,23,245,155,90,49,84,32,17,0,3,100,143,17,-0.2,"2022,2023,2024,2025,2026"
1088,Carlton,Carlton,3,31,Mitch,McGovern,VIC,86,11,10,1994,190,89,58,53,41,51,46,42,44,47,40,58,51,50,52,55,49,44,56,59,46,58,87,57,72,57,81,60,42,56,28,59,55,60,29,51,68,30,31,48,27,30,25,29,25,33,25,33,39,1,13,5,7,14,11,12,9,8,5,4,15,10,5,13,432000,11,13,12,2025,4,12,2027,43,2014,National Draft,Intercept Defender,"defensive profile: Intercept Defender:4.76, Half Back Flanker:3.57, Key Defender:2.44, Back Pocket:0.50",49,51,17,244,191,53,76,26,3,11,0,10,67,138,53,0.256,"2021,2022,2023,2024,2025,2026"
1089,Carlton,Carlton,3,19,Lachie,Fogarty,VIC,98,18,11,2007,176,78,44,50,59,47,44,54,51,43,51,45,54,44,44,56,47,48,59,53,58,14,87,44,77,99,71,57,46,40,25,49,36,60,20,21,20,29,42,33,68,25,20,43,53,45,20,56,27,3,1,13,13,7,8,11,6,14,15,11,5,3,12,2,454000,8,20,5,2025,24,8,2028,38,2025,National Draft,Pressure Forward,"forward profile: Pressure Forward:2.99, Small Forward:1.51, Key Forward:-0.29",49,63,20,237,113,124,53,76,9,11,0,6,104,137,22,-0.254,"2021,2022,2023,2024,2025,2026"
1090,Carlton,Carlton,3,29,Charlie,Curnow,NT,85,3,2,1997,196,97,81,82,41,46,46,46,48,52,42,83,40,47,46,53,61,50,63,56,48,87,34,60,81,87,81,59,50,40,7,47,55,63,60,61,34,34,30,42,25,35,61,26,29,26,32,35,29,9,12,12,6,11,12,7,5,5,13,6,5,5,9,8,862000,30,18,10,2025,21,3,2029,12,2015,National Draft,Key Forward,"forward profile: Key Forward:15.77, Small Forward:1.91, Pressure Forward:-6.82",63,65,18,212,177,35,107,21,2,32,0,28,91,122,21,0.317,"2021,2022,2023,2024,2025,2026"
1091,Carlton,Carlton,3,20,Matt,Carroll,VIC,72,1,7,2006,188,85,48,43,39,48,50,39,42,39,38,47,44,50,50,53,42,45,57,55,44,56,74,55,58,76,99,49,42,39,1,42,46,59,27,38,54,54,25,46,26,33,23,21,23,33,21,21,24,14,2,5,2,1,14,5,12,3,13,7,15,2,7,5,350000,32,18,10,2026,1,1,2029,15,2023,Rookie Draft,Medium Defender,"defensive profile: Half Back Flanker:1.52, Intercept Defender:1.30, Key Defender:1.06, Back Pocket:0.58 -> fallback Medium Defender (no standout)",44,48,17,205,155,50,65,25,7,1,0,3,56,151,28,,
1092,Carlton,Carlton,3,20,Lachlan,Cowan,NT,96,9,6,2006,194,92,57,44,48,57,55,46,48,39,43,54,54,53,55,54,44,50,48,62,50,43,86,59,89,64,57,60,45,45,38,51,40,59,29,42,55,62,31,57,35,40,41,26,27,27,38,32,29,2,11,7,8,5,2,4,9,2,5,8,7,4,4,1,454000,2,21,8,2023,12,7,2026,46,2024,National Draft,Medium Defender,"defensive profile: Intercept Defender:4.61, Half Back Flanker:4.51, Key Defender:2.20, Back Pocket:1.32 -> fallback Medium Defender (no standout)",50,68,14,203,144,59,68,35,8,1,0,3,54,151,31,2.356,"2023,2024,2025,2026"
1093,Carlton,Carlton,3,28,Jack,Silvagni,NT,72,17,12,1997,186,84,77,63,49,52,45,49,49,45,44,78,70,46,48,50,44,46,56,61,52,42,66,56,81,61,76,61,48,55,1,60,46,54,18,23,39,40,28,32,25,30,23,23,24,29,28,24,25,1,3,11,5,10,10,6,3,14,8,10,14,7,5,14,599000,1,7,4,2025,21,9,2027,53,2015,National Draft,Medium Defender,"defensive profile: Key Defender:10.13, Intercept Defender:10.07, Back Pocket:4.55, Half Back Flanker:1.38 -> fallback Medium Defender (no standout)",56,57,13,179,139,40,76,30,2,2,0,17,65,104,79,0.165,"2021,2022,2023,2024,2026"
1094,Carlton,Carlton,3,28,Harry,McKay,VIC,90,24,12,1997,191,90,92,94,59,45,43,63,62,82,60,97,47,43,43,49,84,55,54,53,62,97,29,56,62,86,89,55,59,75,1,55,74,57,67,70,27,26,35,43,23,32,64,28,26,28,31,30,30,14,7,5,4,1,3,9,11,11,5,8,5,14,11,4,1300000,10,16,10,2024,11,5,2030,10,2015,National Draft,Key Forward,"forward profile: Key Forward:17.91, Small Forward:0.45, Pressure Forward:-5.00",76,79,12,172,111,61,75,31,25,22,30,26,101,79,12,0.176,"2021,2022,2023,2024,2025,2026"
1095,Carlton,Carlton,3,27,Lewis,Young,VIC,96,1,7,1999,199,97,53,54,42,40,40,44,48,41,42,54,65,40,41,46,45,40,59,54,46,82,27,45,99,76,69,50,49,31,18,60,51,63,27,37,46,50,28,32,24,26,23,29,26,25,20,21,20,5,5,15,11,13,4,5,13,14,1,16,4,13,6,7,432000,33,20,3,2025,6,3,2028,49,2016,National Draft,Key Defender,"defensive profile: Key Defender:5.83, Intercept Defender:5.32, Back Pocket:4.29, Half Back Flanker:-2.64",45,47,13,129,76,53,49,22,5,6,35,7,52,85,78,-0.587,"2021,2022,2023,2024,2025,2026"
1096,Carlton,Carlton,3,24,Corey,Durdin,QLD,96,14,4,2002,180,79,41,49,41,39,39,39,40,41,37,41,42,42,41,47,48,39,43,50,45,13,66,41,86,99,84,53,40,56,54,56,36,59,29,27,22,24,46,30,38,29,39,44,26,36,21,23,22,13,13,13,5,12,4,13,10,14,8,3,9,5,2,12,246000,19,14,5,2025,25,3,2027,37,2020,National Draft,Small Forward,"forward profile: Small Forward:2.75, Key Forward:1.90, Pressure Forward:-1.13",37,40,16,128,81,47,39,29,7,14,0,3,50,77,12,0.251,"2021,2022,2023,2024,2025,2026"
1097,Carlton,Carlton,3,21,Will,White,VIC,79,27,7,2005,174,73,37,47,41,40,40,40,44,40,36,37,41,41,41,45,47,39,48,50,45,16,71,42,63,76,86,53,44,73,24,47,42,60,31,19,21,25,49,41,38,28,38,50,32,40,30,25,31,3,2,11,12,2,4,7,13,9,13,2,15,14,4,4,246000,38,18,11,2025,8,1,2031,48,2023,National Draft,Small Forward,"forward profile: Small Forward:2.77, Key Forward:1.11, Pressure Forward:-0.04",37,43,14,120,81,39,31,27,3,10,0,0,43,82,7,,
1098,Carlton,Carlton,3,24,Francis,Evans,VIC,75,23,8,2001,174,78,48,55,54,47,46,52,52,50,45,48,47,48,47,44,56,48,47,56,55,12,79,50,74,76,81,59,50,41,19,52,38,56,30,29,26,29,66,37,51,31,39,54,32,52,24,30,25,12,9,13,13,2,9,11,2,6,7,12,13,13,7,12,432000,44,13,7,2024,27,7,2029,41,2019,National Draft,Small Forward,"forward profile: Small Forward:4.31, Key Forward:3.41, Pressure Forward:0.16",47,52,10,114,72,42,31,31,10,13,0,4,47,64,4,0.682,"2021,2022,2023,2024,2026"
1099,Carlton,Carlton,3,26,Matthew,Cottrell,NSW,96,29,2,2000,184,85,48,46,50,60,55,51,38,48,54,47,46,56,57,44,47,65,54,69,56,50,74,71,81,55,59,54,35,68,1,43,39,55,31,26,29,27,58,49,38,29,22,23,27,38,30,43,64,11,12,3,2,5,4,10,14,13,3,14,12,10,9,14,626000,46,24,11,2024,21,11,2030,48,2024,Father-Son,Outside Mid,"midfield profile: Outside Mid:2.55, Inside Mid:-0.20",53,57,6,99,70,29,23,11,7,2,0,1,41,54,10,0.284,"2021,2022,2023,2024,2025,2026"
1100,Carlton,Carlton,3,24,Elijah,Hollands,SA,81,1,7,2002,182,83,45,41,53,57,53,52,50,37,53,43,45,47,48,44,46,56,47,59,55,48,71,60,79,69,72,61,46,72,30,48,51,61,17,30,21,29,54,38,28,18,29,23,17,38,31,35,48,15,6,5,2,7,15,11,2,12,2,2,10,12,14,7,454000,20,25,3,2024,13,7,2027,7,2020,National Draft,Outside Mid,"midfield profile: Outside Mid:2.41, Inside Mid:0.55",47,51,5,85,51,34,19,14,7,1,0,0,28,55,2,0.082,"2022,2023,2024,2025"
1101,Carlton,Carlton,3,22,Jaxon,Binns,VIC,79,1,7,2004,177,75,44,42,38,54,57,40,47,37,41,42,39,50,51,43,46,54,40,60,43,58,90,65,91,66,80,52,44,33,15,56,68,52,26,24,30,23,57,44,34,24,22,32,32,27,34,44,70,7,8,14,9,10,12,5,8,7,3,13,12,2,5,10,411000,25,27,10,2025,2,3,2028,32,2022,National Draft,Half Back Flanker,"defensive profile: Half Back Flanker:4.26, Intercept Defender:1.79, Key Defender:-1.45, Back Pocket:-1.73",44,49,5,84,64,20,18,6,7,1,0,0,18,63,4,,
1102,Carlton,Carlton,3,30,Marc,Pittonet,VIC,74,3,6,1996,200,96,49,70,63,41,37,65,63,45,62,55,55,42,42,41,44,49,39,50,63,81,35,47,59,78,80,59,62,57,28,46,57,55,22,39,35,27,21,33,21,63,31,21,20,30,29,33,33,11,13,3,9,12,9,12,7,2,12,14,7,3,2,6,524000,27,21,5,2023,28,10,2028,50,2014,National Draft,Ruck,Dominant hitouts (24.0/game),51,52,7,84,32,52,12,24,21,2,168,7,55,30,12,0.012,"2021,2022,2023,2024,2025,2026"
1103,Carlton,Carlton,3,25,Flynn,Young,VIC,96,1,7,2001,177,76,40,43,37,41,53,36,43,33,35,39,44,52,51,40,47,45,38,55,40,11,72,48,67,67,91,53,40,27,30,46,55,64,27,27,19,24,47,38,36,19,37,52,28,40,30,21,19,7,6,14,5,14,3,13,11,14,8,1,2,4,11,11,262000,45,4,11,2024,13,5,2026,4,2024,Mid-Season Draft,Small Forward,"forward profile: Small Forward:2.26, Pressure Forward:-0.32, Key Forward:-0.50",39,41,8,84,55,29,22,13,5,5,0,0,17,71,12,,
1104,Carlton,Carlton,3,21,Ashton,Moir,NSW,94,1,7,2005,195,95,52,63,37,41,36,37,33,44,39,55,38,38,37,39,51,37,46,46,44,92,40,45,71,57,71,51,34,74,8,48,33,61,65,61,32,33,26,39,34,32,53,34,27,29,32,24,28,8,4,8,12,4,13,3,9,4,3,2,5,2,15,6,350000,43,27,8,2025,8,5,2031,29,2023,National Draft,Key Forward,"forward profile: Key Forward:7.84, Small Forward:1.39, Pressure Forward:-4.53",43,49,9,75,47,28,26,10,3,10,0,7,32,41,7,,
1105,Carlton,Carlton,3,30,Orazio,Fantasia,VIC,94,14,9,1995,178,76,40,46,45,44,51,45,45,38,44,39,41,55,53,38,52,49,39,58,49,18,81,49,74,45,76,46,45,22,40,44,45,51,23,19,16,23,49,28,33,27,37,48,24,38,25,20,15,16,15,8,14,1,5,3,16,9,11,16,9,5,9,8,370000,14,18,5,2024,24,5,2029,55,2013,National Draft,Small Forward,"forward profile: Small Forward:4.71, Key Forward:1.38, Pressure Forward:-0.51",43,44,6,68,41,27,18,13,3,7,0,0,27,43,2,-1.205,"2021,2023,2024,2025"
1106,Carlton,Carlton,3,20,Harry,O'Farrell,VIC,90,1,7,2006,192,87,56,46,39,44,42,40,45,36,37,54,58,46,48,38,42,37,45,56,44,51,81,47,85,68,70,54,48,35,30,47,42,48,24,53,67,32,22,51,27,23,34,28,27,25,32,25,49,9,8,9,8,3,2,5,5,5,11,9,3,6,14,9,296000,22,19,10,2023,10,5,2025,40,2024,National Draft,Intercept Defender,"defensive profile: Intercept Defender:5.99, Key Defender:5.22, Back Pocket:3.66, Half Back Flanker:1.29",42,47,6,61,43,18,29,9,0,1,0,2,19,42,28,,
1107,Carlton,Carlton,3,21,Billy,Wilson,VIC,82,1,7,2005,185,83,42,39,40,50,48,37,38,33,37,41,44,44,44,37,41,43,40,52,43,38,71,52,69,69,99,60,37,35,21,67,32,50,28,21,42,48,19,21,34,20,21,21,27,21,17,26,29,8,10,4,3,4,14,1,7,3,3,2,7,3,5,7,246000,35,19,5,2024,28,8,2028,34,2023,National Draft,Back Pocket,"defensive profile: Back Pocket:0.36, Key Defender:-0.34, Half Back Flanker:-0.82, Intercept Defender:-1.10",38,41,4,48,29,19,13,8,1,0,0,0,9,37,4,,
1108,Carlton,Carlton,3,25,Brodie,Kemp,NT,93,1,7,2001,180,80,44,53,44,35,38,44,55,55,38,44,47,39,38,35,60,38,48,47,46,13,85,41,51,89,54,61,54,67,7,53,61,50,23,24,28,30,69,45,54,24,39,68,35,51,24,22,35,10,3,11,10,13,8,11,5,5,4,3,7,9,4,2,332000,17,21,1,2026,24,5,2029,17,2019,National Draft,Small Forward,"forward profile: Small Forward:5.74, Key Forward:4.42, Pressure Forward:-0.21",41,45,5,43,28,15,15,11,0,7,0,1,17,25,7,0.17,"2021,2022,2023,2024,2025,2026"
1109,Carlton,Carlton,3,29,Alex,Cincotta,TAS,88,17,12,1996,187,82,32,41,55,36,36,49,56,53,40,33,56,41,41,34,41,37,50,48,52,50,74,44,82,61,68,45,53,77,3,45,41,50,22,22,49,57,30,26,34,19,21,28,28,31,23,19,18,9,11,6,13,9,13,4,11,14,9,15,13,11,2,2,332000,39,9,3,2026,25,8,2031,53,2024,National Draft,Back Pocket,"defensive profile: Back Pocket:2.62, Key Defender:-0.83, Intercept Defender:-4.29, Half Back Flanker:-5.50",42,43,5,39,16,23,7,20,4,1,0,0,16,20,7,-0.603,"2023,2024,2025"
1110,Carlton,Carlton,3,22,Hudson,O'Keeffe,QLD,73,22,5,2004,197,92,64,81,40,30,31,45,52,49,42,73,46,36,35,33,45,34,41,41,45,69,30,41,86,82,66,49,54,86,41,62,65,61,24,42,38,29,30,22,18,51,39,31,21,19,25,19,23,11,5,13,11,7,1,7,12,15,12,6,9,13,15,8,477000,40,26,1,2024,21,8,2027,47,2022,Rookie Draft,Hybrid Key Forward Ruck,"Ruck minutes (8.0 HO/g) plus forward output (CM/g=1.80, GL/g=0.60)",50,55,5,35,20,15,11,6,1,3,40,9,22,12,12,,
1111,Carlton,Carlton,3,20,Lucas,Camporeale,VIC,98,1,7,2006,179,75,37,39,46,47,41,45,39,39,47,37,45,40,41,35,41,43,29,48,51,46,86,47,57,83,71,69,38,45,58,43,33,51,25,33,47,66,22,25,44,32,32,29,25,26,23,26,33,13,4,10,14,5,8,8,3,11,13,5,12,6,13,14,262000,21,14,3,2026,26,3,2030,54,2024,National Draft,Back Pocket,"defensive profile: Back Pocket:0.78, Key Defender:0.01, Intercept Defender:-1.93, Half Back Flanker:-2.58",38,44,3,34,18,16,7,6,5,0,0,0,14,21,4,,
1112,Carlton,Carlton,3,23,Jordan,Boyd,VIC,82,19,8,2003,178,78,35,39,31,47,49,31,25,39,33,36,35,68,66,33,39,32,28,52,40,39,67,46,68,61,60,55,28,35,66,59,17,61,20,25,21,16,39,33,16,21,24,19,26,16,18,32,34,8,13,1,15,9,8,12,13,15,6,2,8,15,3,3,313000,37,3,12,2023,18,12,2027,67,2021,Academy,Half Back Flanker,"defensive profile: Half Back Flanker:3.55, Back Pocket:0.29, Key Defender:-0.17, Intercept Defender:-0.86",39,43,3,26,19,7,6,2,0,0,0,0,7,12,2,-0.201,"2022,2023,2024,2025,2026"
1113,Collingwood,Collingwood,4,23,Nick,Daicos,VIC,87,3,1,2003,185,81,50,46,73,79,89,76,72,94,84,48,52,81,79,82,94,90,69,80,74,50,62,85,73,76,92,64,63,20,9,56,83,61,31,30,18,31,35,18,42,29,34,50,20,35,48,39,21,4,13,9,6,6,4,4,4,6,13,10,10,12,4,4,1894000,35,2,9,2025,24,6,2029,4,2021,National Draft,Hybrid Mid Forward,Strong in both midfield (mid_c=8.21) and forward (fwd_c=1.32) signals,87,99,25,750,419,331,101,98,155,17,0,4,263,453,7,0.834,"2022,2023,2024,2025,2026"
1114,Collingwood,Collingwood,4,27,Josh,Daicos,WA,92,26,11,1998,181,78,56,45,52,78,75,52,51,58,61,53,44,67,70,78,64,70,69,77,55,47,65,76,71,80,84,51,45,76,29,59,64,67,29,20,18,31,54,36,34,25,24,25,27,25,24,41,45,6,11,10,13,8,9,7,8,5,3,2,4,5,5,14,1032000,7,11,1,2025,6,6,2030,57,2016,National Draft,Outside Mid,"midfield profile: Outside Mid:13.78, Inside Mid:1.04",70,73,25,671,423,248,123,57,43,3,0,5,150,440,13,0.818,"2021,2022,2023,2024,2025,2026"
1115,Collingwood,Collingwood,4,32,Jack,Crisp,NSW,80,2,10,1993,184,82,50,45,76,56,57,73,73,47,68,48,64,54,54,69,51,68,65,64,71,57,81,65,71,99,90,47,64,60,31,41,77,48,21,27,25,24,29,34,53,26,30,27,64,48,52,60,38,1,1,3,7,4,15,17,4,2,12,13,11,9,15,7,1032000,25,25,10,2026,22,12,2028,27,2025,National Draft,Inside Mid,"midfield profile: Inside Mid:10.00, Outside Mid:2.58",68,69,25,501,285,216,106,129,72,9,0,5,226,284,44,-0.854,"2021,2022,2023,2024,2025,2026"
1116,Collingwood,Collingwood,4,35,Steele,Sidebottom,NSW,72,2,1,1991,186,88,48,43,66,60,64,66,67,57,65,46,57,59,58,69,66,66,65,63,65,47,73,66,51,57,43,55,59,81,27,52,76,63,23,25,17,19,30,24,44,22,23,29,49,52,50,51,36,13,3,10,14,10,2,5,1,9,7,8,9,8,2,2,928000,22,27,8,2025,5,10,2029,11,2008,National Draft,Inside Mid,"midfield profile: Inside Mid:8.15, Outside Mid:5.39",65,66,23,488,284,204,97,90,75,15,0,1,183,299,34,-0.03,"2021,2022,2023,2024,2025,2026"
1117,Collingwood,Collingwood,4,38,Scott,Pendlebury,NT,72,7,1,1988,180,79,47,42,65,66,62,63,57,48,69,44,56,51,51,69,50,66,56,60,64,52,72,63,70,76,99,57,50,67,23,50,54,53,21,31,32,24,38,28,54,30,30,31,63,60,61,59,35,7,14,13,7,15,13,12,11,2,2,11,10,9,5,8,830000,10,19,3,2025,20,7,2027,5,2005,National Draft,Inside Mid,"midfield profile: Inside Mid:8.74, Outside Mid:4.06",62,63,22,486,234,252,89,86,85,3,0,0,166,311,30,-0.216,"2021,2022,2023,2024,2025,2026"
1118,Collingwood,Collingwood,4,23,Ned,Long,VIC,92,1,7,2003,183,81,40,44,89,52,54,81,88,49,69,40,75,49,49,69,48,63,58,60,76,60,81,58,55,54,63,51,73,18,18,41,73,65,29,36,37,38,42,37,75,34,34,25,81,63,79,82,54,1,2,3,12,4,12,3,5,11,9,3,3,9,3,3,996000,44,25,3,2023,25,4,2026,5,2021,Rookie Draft,Inside Mid,"midfield profile: Inside Mid:12.16, Outside Mid:-1.31",69,77,25,446,182,264,62,176,82,7,3,2,197,249,36,1.321,"2022,2023,2024,2025,2026"
1119,Collingwood,Collingwood,4,31,Darcy,Cameron,VIC,99,18,7,1995,208,109,77,84,64,54,46,69,62,48,70,80,54,47,48,69,48,60,65,56,68,80,33,60,38,65,99,77,57,28,10,54,72,45,32,47,46,25,28,35,34,66,37,26,36,36,37,53,25,8,8,10,11,4,10,9,9,6,9,11,4,3,7,4,962000,14,3,4,2026,23,4,2032,48,2016,National Draft,Ruck,Dominant hitouts (28.3/game),69,73,25,441,268,173,128,69,101,7,708,38,248,177,49,0.995,"2021,2022,2023,2024,2025,2026"
1120,Collingwood,Collingwood,4,28,Patrick,Lipinski,VIC,81,17,7,1998,179,77,46,43,52,57,57,52,48,43,57,44,46,50,50,65,48,59,63,60,55,43,74,60,88,58,89,54,44,35,19,51,48,61,28,32,31,21,63,46,30,19,28,23,25,30,25,34,51,7,14,9,11,10,15,9,9,14,11,9,13,10,13,13,548000,1,13,3,2023,18,5,2025,28,2016,National Draft,Outside Mid,"midfield profile: Outside Mid:2.85, Inside Mid:0.65",53,54,23,395,204,191,83,59,31,10,0,2,135,270,18,-0.26,"2021,2022,2023,2024,2025,2026"
1121,Collingwood,Collingwood,4,27,Harry,Perryman,TAS,73,19,12,1998,191,92,50,44,50,53,51,49,49,36,48,48,50,50,51,64,44,52,63,58,52,47,71,58,85,82,79,54,48,71,20,51,47,60,23,24,33,38,22,29,19,15,16,24,20,25,21,24,19,6,2,8,7,12,15,15,7,10,14,9,16,2,14,16,524000,12,10,7,2025,18,1,2029,14,2016,National Draft,Medium Defender,"defensive profile: Half Back Flanker:2.52, Intercept Defender:2.43, Key Defender:1.15, Back Pocket:0.54 -> fallback Medium Defender (no standout)",51,52,25,383,247,136,102,65,22,4,0,6,128,253,45,-1.327,"2021,2022,2023,2024,2025,2026"
1122,Collingwood,Collingwood,4,29,Dan,Houston,NSW,74,12,5,1997,190,87,46,43,48,59,52,47,47,43,48,45,53,49,51,62,51,52,64,61,51,48,70,60,84,75,78,53,45,44,15,52,43,57,20,34,28,37,25,26,27,28,25,16,24,26,25,28,28,2,8,7,8,15,4,2,13,5,15,5,12,8,2,6,524000,9,27,10,2023,21,4,2029,47,2021,Academy,Medium Defender,"defensive profile: Intercept Defender:3.98, Half Back Flanker:3.57, Key Defender:1.44, Back Pocket:0.37 -> fallback Medium Defender (no standout)",52,53,21,354,230,124,75,49,18,7,0,3,97,223,53,-0.392,"2021,2022,2023,2024,2025,2026"
1123,Collingwood,Collingwood,4,26,Isaac,Quaynor,VIC,72,15,1,2000,197,95,59,49,47,52,52,45,47,39,44,58,52,52,53,63,42,46,64,57,49,42,70,52,65,64,84,55,45,50,25,49,43,69,28,42,42,19,18,38,20,24,26,17,22,22,24,21,36,4,14,8,10,12,12,3,15,12,13,4,14,15,15,5,477000,3,6,8,2024,14,10,2028,13,2018,National Draft,Intercept Defender,"defensive profile: Intercept Defender:5.07, Half Back Flanker:3.99, Key Defender:3.87, Back Pocket:1.73",50,52,25,351,217,134,121,62,6,0,0,14,98,253,60,-0.632,"2021,2022,2023,2024,2025,2026"
1124,Collingwood,Collingwood,4,29,Brayden,Maynard,VIC,88,20,9,1996,190,85,55,46,49,55,55,49,53,38,45,53,59,57,59,59,46,50,59,63,51,35,73,59,81,81,69,52,52,52,22,67,51,59,17,28,33,13,19,24,19,15,26,14,19,19,23,18,24,10,15,6,8,4,5,3,3,3,9,5,15,3,17,12,574000,4,26,7,2024,26,2,2028,30,2014,National Draft,Intercept Defender,"defensive profile: Intercept Defender:7.86, Half Back Flanker:6.80, Key Defender:4.35, Back Pocket:2.06",53,53,20,321,234,87,95,50,8,5,0,7,93,215,75,-0.628,"2021,2022,2023,2024,2025,2026"
1125,Collingwood,Collingwood,4,33,Jamie,Elliott,VIC,98,21,8,1992,191,87,63,70,46,45,47,46,52,59,42,62,45,44,43,61,75,46,66,51,48,68,24,54,83,78,70,53,50,27,3,62,55,58,44,36,22,20,20,26,18,27,36,22,24,22,24,19,19,14,9,14,3,3,7,14,6,10,12,6,4,4,10,13,709000,5,3,11,2024,10,8,2026,20,2021,Mid-Season Draft,Key Forward,"forward profile: Key Forward:13.25, Small Forward:8.10, Pressure Forward:-3.50",58,59,25,302,206,96,127,57,15,60,0,18,102,195,23,-0.575,"2021,2022,2023,2024,2025,2026"
1126,Collingwood,Collingwood,4,36,Jeremy,Howe,VIC,86,29,6,1990,189,85,56,49,37,51,41,37,39,43,35,56,56,50,54,55,44,37,57,62,43,43,58,52,80,58,73,54,39,40,1,63,41,58,18,32,38,14,19,37,23,16,15,21,19,24,13,23,28,11,6,16,11,16,5,17,10,2,3,5,6,6,13,13,350000,38,9,7,2025,16,4,2028,33,2010,National Draft,Intercept Defender,"defensive profile: Intercept Defender:9.31, Key Defender:7.14, Half Back Flanker:5.15, Back Pocket:3.38",46,46,19,238,193,45,79,23,4,0,0,11,57,121,87,-0.513,"2021,2022,2023,2024,2025,2026"
1127,Collingwood,Collingwood,4,30,Darcy,Moore,VIC,95,25,1,1996,200,97,65,57,43,42,39,45,45,45,46,67,76,46,48,56,43,40,71,62,48,85,29,45,79,70,71,50,48,28,16,57,44,57,23,29,51,39,18,32,21,19,22,27,16,19,23,19,25,7,8,8,5,7,6,6,2,7,7,10,3,7,10,11,681000,30,4,10,2025,11,1,2031,9,2014,National Draft,Key Defender,"defensive profile: Key Defender:12.79, Intercept Defender:11.21, Back Pocket:7.07, Half Back Flanker:-1.25",52,53,22,234,119,115,99,39,2,0,0,24,105,121,180,-1.086,"2021,2022,2023,2024,2025,2026"
1128,Collingwood,Collingwood,4,28,Lachie,Schultz,NT,78,30,11,1997,192,92,53,55,67,47,50,61,68,54,52,50,61,44,44,54,56,52,56,53,61,60,74,55,67,86,92,65,60,65,38,51,63,61,24,24,34,28,40,31,45,30,45,58,25,46,56,53,32,9,3,10,13,12,7,9,12,3,9,9,5,8,12,6,574000,8,13,2,2026,28,2,2028,57,2018,National Draft,Hybrid Mid Forward,Strong in both forward (fwd_c=2.40) and midfield (mid_c=1.37) signals,54,55,16,232,128,104,78,79,18,13,0,2,87,149,20,0.068,"2021,2022,2023,2024,2025,2026"
1129,Collingwood,Collingwood,4,32,Tim,Membrey,VIC,78,26,5,1994,195,92,56,63,39,42,40,39,34,42,42,56,42,40,39,56,54,41,65,47,46,82,30,47,70,72,86,56,33,47,23,48,37,66,42,42,21,23,26,33,22,23,36,25,19,23,18,23,27,16,10,17,11,5,11,1,10,8,14,9,15,17,3,11,454000,28,3,8,2023,18,3,2026,46,2012,National Draft,Key Forward,"forward profile: Key Forward:9.17, Small Forward:3.18, Pressure Forward:-4.27",47,48,23,225,135,90,96,30,1,32,7,14,97,134,36,-1.12,"2021,2022,2023,2024,2025,2026"
1130,Collingwood,Collingwood,4,25,Beau,McCreery,VIC,75,19,4,2001,186,85,38,43,61,44,57,55,60,47,44,39,57,65,61,54,44,51,55,59,57,39,63,57,61,92,67,56,53,33,32,51,49,56,27,17,23,29,31,22,42,30,17,29,52,46,50,46,36,9,15,2,7,10,11,10,3,8,8,12,2,15,13,3,524000,31,11,2,2025,1,6,2031,44,2020,National Draft,Inside Mid,"midfield profile: Inside Mid:1.76, Outside Mid:0.53",52,54,19,214,131,83,40,83,34,6,0,3,84,127,18,0.206,"2021,2022,2023,2024,2025,2026"
1131,Collingwood,Collingwood,4,33,Brody,Mihocek,VIC,97,4,2,1993,191,86,59,68,49,41,39,49,53,46,42,61,46,40,40,56,57,42,65,49,51,86,28,50,50,69,85,59,54,30,10,51,48,50,61,62,20,32,31,48,30,27,57,27,26,31,22,32,33,12,8,10,13,12,2,4,15,14,7,3,2,14,5,10,548000,41,4,7,2023,20,11,2025,42,2024,National Draft,Key Forward,"forward profile: Key Forward:9.64, Small Forward:4.12, Pressure Forward:-2.21",52,53,22,211,147,64,83,55,4,36,11,20,99,116,21,-0.083,"2021,2022,2023,2024,2025,2026"
1132,Collingwood,Collingwood,4,31,Daniel,McStay,VIC,88,24,6,1995,199,99,63,70,49,42,40,48,42,48,45,68,48,43,42,50,52,43,55,49,53,84,39,49,99,67,83,61,41,42,41,56,38,59,24,52,32,27,22,21,20,44,40,21,30,29,19,21,25,1,4,14,14,15,3,1,9,2,12,3,8,5,2,10,599000,11,8,5,2026,23,7,2029,25,2013,National Draft,Hybrid Key Forward Ruck,"Ruck minutes (4.1 HO/g) plus forward output (CM/g=1.33, GL/g=1.06)",53,54,18,175,108,67,62,44,20,19,74,24,95,83,30,-0.797,"2021,2022,2023,2024,2025,2026"
1133,Collingwood,Collingwood,4,22,Edward,Allan,VIC,79,26,5,2004,180,79,40,41,46,50,45,44,41,37,50,40,43,41,41,49,43,44,42,50,50,53,79,46,72,64,92,52,39,41,37,56,36,53,31,29,28,26,33,29,57,31,28,19,51,56,61,52,38,4,4,2,3,3,2,13,2,12,8,5,11,3,12,14,313000,16,16,5,2026,6,1,2028,52,2023,National Draft,Inside Mid,"midfield profile: Inside Mid:-1.49, Outside Mid:-2.55",41,50,13,171,70,101,33,29,15,1,0,1,56,111,7,0.167,"2024,2025,2026"
1134,Collingwood,Collingwood,4,29,Billy,Frampton,WA,78,20,11,1996,201,103,63,55,37,43,40,40,41,40,42,64,68,43,45,50,40,38,67,59,44,74,34,45,70,95,87,52,43,62,1,61,46,57,20,34,56,57,31,37,27,24,21,29,30,30,23,27,25,6,3,15,14,8,6,9,6,4,10,8,12,10,5,6,524000,17,22,7,2023,10,4,2028,84,2014,National Draft,Key Defender,"defensive profile: Key Defender:11.36, Intercept Defender:10.60, Back Pocket:5.93, Half Back Flanker:-0.44",48,48,16,167,99,68,69,15,2,0,3,15,61,108,119,-0.321,"2021,2022,2023,2024,2025,2026"
1135,Collingwood,Collingwood,4,30,Jordan,de Goey,VIC,87,15,3,1996,186,86,41,49,50,48,49,52,53,48,54,42,43,47,47,48,53,56,48,59,53,49,78,58,82,83,62,49,52,51,46,50,63,63,22,25,18,26,39,27,42,22,38,49,19,43,39,35,25,16,12,12,10,10,9,2,9,14,1,10,8,14,6,6,477000,2,15,11,2023,20,9,2026,5,2014,National Draft,Hybrid Mid Forward,Strong in both forward (fwd_c=1.77) and midfield (mid_c=1.64) signals,48,49,11,165,92,73,27,24,30,9,0,3,68,96,9,-1.099,"2021,2022,2023,2024,2025,2026"
1136,Collingwood,Collingwood,4,32,Will,Hoskin-Elliott,TAS,75,2,9,1993,178,78,45,47,36,41,41,36,38,39,34,44,40,40,40,50,47,38,50,49,42,21,77,43,53,58,52,49,38,58,28,61,37,59,28,25,20,24,42,23,30,27,37,46,16,36,24,28,15,7,9,15,9,15,9,8,5,16,9,4,8,16,14,4,231000,32,27,1,2023,20,12,2028,4,2011,National Draft,Small Forward,"forward profile: Small Forward:1.78, Key Forward:1.19, Pressure Forward:-1.63",37,38,18,158,110,48,60,25,4,12,0,2,44,117,15,-0.333,"2021,2022,2023,2024,2025"
1137,Collingwood,Collingwood,4,19,Lachlan,Sullivan,NT,90,15,10,2007,187,86,34,43,50,43,45,48,49,42,46,36,46,44,44,48,45,46,47,54,52,57,89,49,56,84,93,53,47,43,42,45,43,50,25,25,20,21,31,31,61,22,25,22,64,58,61,56,38,2,12,15,15,14,1,15,3,4,12,12,9,10,11,9,332000,33,27,3,2023,26,7,2025,47,2025,National Draft,Inside Mid,"midfield profile: Inside Mid:-0.79, Outside Mid:-3.58",43,57,14,150,69,81,22,40,17,6,0,1,60,97,6,-0.571,"2024,2025,2026"
1138,Collingwood,Collingwood,4,26,Bobby,Hill,ACT,84,9,2,2000,170,73,42,49,43,39,47,44,52,51,38,43,43,54,51,46,57,41,50,52,46,9,81,45,76,40,70,46,55,57,18,61,47,55,23,21,19,20,49,35,46,23,40,43,27,45,25,23,22,14,2,8,4,13,5,5,11,4,11,2,6,5,7,10,370000,23,17,9,2024,2,2,2030,24,2018,National Draft,Small Forward,"forward profile: Small Forward:5.44, Key Forward:2.91, Pressure Forward:-1.18",45,48,14,124,85,39,36,29,8,20,0,3,48,72,9,0.358,"2021,2022,2023,2024,2025,2026"
1139,Collingwood,Collingwood,4,33,Tom,Mitchell,SA,90,31,5,1993,180,79,47,38,80,65,62,73,68,32,78,44,61,50,50,48,46,70,40,64,73,48,75,61,74,94,77,68,59,52,21,50,53,55,15,20,26,22,26,22,39,22,23,25,43,44,49,41,35,9,11,13,5,6,2,15,15,5,11,6,7,6,8,5,1032000,6,18,4,2026,27,9,2032,21,2011,National Draft,Inside Mid,"midfield profile: Inside Mid:11.43, Outside Mid:3.00",66,66,4,93,32,61,17,24,12,0,0,0,35,56,1,-1.504,"2021,2022,2023,2024,2025"
1140,Collingwood,Collingwood,4,35,Mason,Cox,VIC,74,14,3,1991,206,106,53,61,41,33,31,43,47,43,40,57,49,37,37,39,43,34,39,42,46,77,25,42,88,86,69,60,48,58,42,53,51,66,21,44,31,26,24,17,26,50,33,27,28,27,21,22,29,9,14,3,3,12,6,16,4,9,13,9,10,9,3,2,332000,46,7,7,2024,22,11,2029,51,2023,Rookie Draft,Hybrid Key Forward Ruck,"Ruck minutes (10.4 HO/g) plus forward output (CM/g=0.90, GL/g=0.40)",42,43,10,69,39,30,27,15,11,4,104,9,41,24,27,-0.565,"2021,2022,2023,2024,2025,2026"
1141,Collingwood,Collingwood,4,30,Oleg,Markov,VIC,76,1,7,1996,190,88,30,39,35,40,48,34,36,37,36,32,38,53,50,37,40,36,32,46,40,38,60,43,63,49,80,49,39,1,35,55,30,65,18,20,27,39,18,15,28,17,19,16,20,20,22,20,20,8,4,2,18,12,12,7,17,16,13,7,16,16,16,16,188000,37,9,6,2023,13,1,2028,50,2015,National Draft,Back Pocket,"defensive profile: Back Pocket:0.13, Key Defender:-1.49, Half Back Flanker:-2.42, Intercept Defender:-4.31",33,33,8,69,32,37,10,11,3,1,0,0,18,52,5,-1.765,"2021,2022,2023,2024,2025"
1142,Collingwood,Collingwood,4,21,Roan,Steele,VIC,78,14,3,2005,190,91,41,39,30,47,49,29,26,40,32,40,35,49,48,36,40,43,26,53,38,52,75,54,82,77,99,60,28,27,42,55,24,64,22,33,41,50,18,45,23,25,27,21,30,23,31,19,18,4,10,2,13,9,9,6,8,15,4,12,5,12,8,9,202000,45,22,4,2025,8,1,2031,53,2023,National Draft,Medium Defender,"defensive profile: Back Pocket:-0.28, Key Defender:-0.83, Half Back Flanker:-2.66, Intercept Defender:-3.16 -> fallback Medium Defender (no standout)",33,41,5,48,33,15,15,3,2,0,0,0,9,38,4,,
1143,Collingwood,Collingwood,4,25,Charlie,Dean,VIC,76,1,7,2001,200,97,40,39,35,41,37,38,39,33,46,39,52,36,36,36,40,36,53,46,43,67,35,40,99,79,77,46,41,51,15,58,45,54,30,36,46,43,22,27,23,24,21,27,17,29,18,20,26,9,12,9,8,3,13,5,12,10,11,10,4,13,9,2,231000,43,5,5,2024,16,4,2027,2,2021,Rookie Draft,Key Defender,"defensive profile: Key Defender:3.61, Back Pocket:2.69, Intercept Defender:1.46, Half Back Flanker:-4.09",34,35,4,42,16,26,11,3,0,0,0,0,15,25,17,,
1144,Collingwood,Collingwood,4,21,Wil,Parker,VIC,78,28,12,2005,181,79,41,40,36,43,38,33,37,32,29,40,43,39,40,33,38,32,32,47,40,46,71,45,98,71,81,44,41,40,32,44,24,48,25,22,32,40,16,18,30,20,15,22,25,24,20,22,19,12,17,18,17,7,2,6,11,7,17,14,10,6,18,11,188000,15,22,5,2025,23,12,2029,58,2023,Academy,Back Pocket,"defensive profile: Back Pocket:1.30, Key Defender:-0.35, Intercept Defender:-1.66, Half Back Flanker:-2.02",32,38,4,34,24,10,13,7,0,0,0,0,6,25,5,-1.897,"2024,2025,2026"
1145,Collingwood,Collingwood,4,24,Reef,McInnes,NSW,77,1,7,2002,185,82,42,40,31,42,39,30,35,34,29,41,50,43,45,32,40,32,26,54,38,41,68,46,74,86,66,58,35,54,45,59,33,53,31,33,53,42,30,40,33,36,36,30,29,28,33,26,27,2,4,13,5,9,11,4,6,4,3,8,8,12,6,4,188000,26,15,12,2026,16,2,2031,23,2020,National Draft,Medium Defender,"defensive profile: Key Defender:2.91, Back Pocket:2.88, Intercept Defender:2.39, Half Back Flanker:-0.84 -> fallback Medium Defender (no standout)",33,38,3,24,17,7,9,3,0,0,0,0,4,18,10,1.038,"2022,2023,2024,2025,2026"
1146,Collingwood,Collingwood,4,32,Will,Hayes,VIC,96,1,7,1994,183,85,41,39,45,36,47,41,56,42,28,40,45,42,41,31,44,41,38,53,43,10,77,46,99,81,63,65,53,19,10,47,53,64,25,28,25,21,36,19,50,27,18,32,33,27,20,34,22,8,3,13,2,8,15,9,12,14,10,3,13,7,4,2,278000,39,15,8,2026,25,8,2028,22,2021,Mid-Season Draft,Pressure Forward,"forward profile: Pressure Forward:3.18, Small Forward:2.62, Key Forward:-3.26",38,39,2,16,13,3,6,6,0,1,0,0,3,17,0,,
1147,Collingwood,Collingwood,4,20,Charlie,West,VIC,89,1,7,2006,180,82,24,39,33,31,29,31,29,33,33,28,38,35,34,25,48,27,32,41,40,15,76,29,77,82,65,50,29,34,51,55,28,66,29,23,18,21,43,39,36,26,35,42,26,37,19,26,20,10,11,14,5,15,4,8,6,6,12,2,1,4,10,8,140000,29,19,5,2025,16,3,2031,50,2024,National Draft,Small Forward,"forward profile: Small Forward:3.78, Key Forward:-0.83, Pressure Forward:-2.47",28,32,1,4,1,3,0,1,0,1,0,0,2,2,1,,
1148,Essendon,Essendon,5,30,Zach,Merrett,VIC,85,3,10,1995,186,82,48,45,72,77,79,69,60,71,77,48,60,67,67,75,71,82,68,73,71,41,72,79,90,71,62,72,47,26,1,47,67,60,24,22,19,26,51,43,34,17,29,18,23,34,25,35,53,2,16,2,7,14,6,4,8,13,10,15,7,14,15,14,1341000,7,7,5,2025,15,3,2030,26,2013,National Draft,Outside Mid,"midfield profile: Outside Mid:11.71, Inside Mid:10.92",75,75,22,611,335,276,82,96,85,9,0,5,205,393,35,-0.409,"2021,2022,2023,2024,2025,2026"
1149,Essendon,Essendon,5,21,Archie,Roberts,WA,78,1,7,2005,181,78,57,44,50,68,72,51,55,38,62,54,48,62,63,73,49,62,69,64,53,54,84,64,66,66,51,57,50,31,19,42,72,62,25,25,31,22,59,40,20,25,24,28,27,21,22,36,59,2,9,14,2,9,3,6,14,3,9,13,14,7,11,7,830000,21,27,12,2023,1,2,2026,54,2023,National Draft,Half Back Flanker,"defensive profile: Half Back Flanker:10.61, Intercept Defender:7.36, Key Defender:1.32, Back Pocket:-1.82",62,68,23,563,304,259,122,52,28,2,0,5,130,401,34,0.277,"2024,2025,2026"
1150,Essendon,Essendon,5,28,Andrew,McGrath,VIC,84,2,6,1998,181,83,46,42,55,67,74,56,48,47,71,45,48,73,70,71,54,62,67,60,59,35,65,57,66,99,51,53,43,24,10,52,53,58,15,22,16,20,43,36,17,17,25,25,18,31,29,30,33,4,16,9,14,8,9,9,7,17,10,7,11,9,16,10,928000,1,13,2,2023,25,6,2028,1,2016,National Draft,Outside Mid,"midfield profile: Outside Mid:9.14, Inside Mid:3.28",65,67,23,523,225,298,81,56,39,1,0,3,167,339,32,-0.297,"2021,2022,2023,2024,2025,2026"
1151,Essendon,Essendon,5,25,Sam,Durham,VIC,84,9,7,2001,182,82,47,49,78,59,61,81,74,55,86,48,59,58,58,67,57,76,62,65,78,55,83,66,56,86,93,56,66,26,38,55,83,50,25,38,33,31,45,40,73,31,37,25,76,60,72,71,49,8,8,6,5,4,5,4,11,11,10,6,6,12,3,5,1181000,22,7,12,2024,19,11,2028,9,2020,Mid-Season Draft,Inside Mid,"midfield profile: Inside Mid:17.05, Outside Mid:0.06",75,81,20,437,201,236,59,82,107,8,0,7,236,216,30,1.037,"2021,2022,2023,2024,2025,2026"
1152,Essendon,Essendon,5,28,Mason,Redman,TAS,75,26,8,1997,178,75,60,47,43,74,61,44,47,42,46,58,47,58,62,66,52,54,64,67,47,53,78,70,81,85,49,56,48,68,22,61,49,56,29,25,28,32,48,41,27,22,28,30,32,18,32,40,46,8,13,1,13,12,9,5,12,7,4,8,3,5,12,10,709000,27,17,8,2024,19,2,2028,30,2015,National Draft,Half Back Flanker,"defensive profile: Half Back Flanker:11.88, Intercept Defender:9.18, Key Defender:2.67, Back Pocket:-1.45",59,61,19,435,324,111,100,35,4,4,0,8,76,269,35,0.174,"2021,2022,2023,2024,2025,2026"
1153,Essendon,Essendon,5,26,Xavier,Duursma,VIC,87,7,7,2000,180,82,59,49,56,60,66,54,53,41,59,56,51,62,61,66,50,58,64,59,56,48,74,58,60,84,67,64,48,65,15,55,56,60,29,35,33,26,64,56,39,25,31,35,27,42,39,48,67,1,9,10,4,11,10,7,13,8,5,3,10,3,3,3,738000,28,25,10,2026,12,8,2029,18,2018,National Draft,Outside Mid,"midfield profile: Outside Mid:6.61, Inside Mid:2.07",60,63,22,428,219,209,114,67,37,10,0,8,131,295,27,0.354,"2021,2022,2023,2024,2025,2026"
1154,Essendon,Essendon,5,25,Nic,Martin,QLD,90,3,4,2001,186,86,69,48,53,75,85,52,49,59,60,63,52,80,77,65,66,68,62,68,55,45,79,71,92,75,85,56,44,49,13,54,50,53,29,23,32,36,66,65,42,37,24,32,36,44,42,41,74,5,11,10,10,9,2,2,11,12,11,10,4,3,5,13,1181000,37,9,1,2026,6,8,2032,28,2024,National Draft,Outside Mid,"midfield profile: Outside Mid:15.51, Inside Mid:-0.21",73,81,16,389,224,165,111,42,21,11,0,5,87,287,29,1.097,"2022,2023,2024,2025,2026"
1155,Essendon,Essendon,5,25,Jaxon,Prior,TAS,95,4,6,2001,194,93,57,45,40,55,53,40,43,37,41,55,49,52,55,63,43,46,68,60,44,44,81,57,45,62,73,55,40,38,13,55,53,58,22,51,68,21,22,43,24,26,32,26,26,27,26,24,41,12,7,7,14,13,10,2,5,5,12,10,3,14,9,7,454000,25,6,4,2026,10,3,2032,59,2019,National Draft,Intercept Defender,"defensive profile: Intercept Defender:6.65, Half Back Flanker:6.00, Key Defender:3.69, Back Pocket:1.04",50,54,23,362,254,108,113,35,3,0,0,8,80,252,63,0.227,"2021,2022,2023,2024,2025,2026"
1156,Essendon,Essendon,5,33,Dylan,Shiel,VIC,75,9,3,1993,177,79,45,41,55,59,73,54,55,49,63,43,47,71,69,58,53,63,42,65,56,45,80,62,69,72,80,50,47,25,61,54,72,49,31,28,20,26,62,49,30,25,18,21,29,35,27,44,54,9,15,8,6,3,6,14,5,14,4,14,9,5,9,8,799000,9,1,11,2026,3,11,2029,37,2023,National Draft,Outside Mid,"midfield profile: Outside Mid:7.97, Inside Mid:5.18",61,62,14,296,141,155,53,40,42,2,0,0,87,200,9,-0.016,"2021,2022,2023,2024,2025"
1157,Essendon,Essendon,5,24,Archie,Perkins,VIC,75,26,3,2002,193,89,47,51,49,48,48,48,48,42,51,49,42,45,45,59,51,49,56,54,51,56,83,52,51,62,71,53,44,29,5,53,56,54,55,24,27,29,24,43,32,23,58,42,29,30,24,28,25,6,12,8,4,11,10,6,12,6,2,1,8,10,1,13,432000,16,4,11,2026,26,2,2031,9,2020,National Draft,Medium Forward,"forward profile: Key Forward:1.62, Small Forward:1.48, Pressure Forward:-0.68 -> fallback Medium Forward (no standout)",46,51,21,295,154,141,59,48,29,17,0,10,106,183,4,0.273,"2021,2022,2023,2024,2025,2026"
1158,Essendon,Essendon,5,25,Jye,Caldwell,VIC,99,28,9,2000,184,87,50,47,95,67,66,90,85,46,89,49,71,55,55,61,59,83,49,68,87,52,78,71,57,87,77,51,67,22,1,57,87,64,19,19,27,27,38,39,45,33,23,23,51,48,57,55,45,9,12,10,12,2,7,11,11,2,4,10,12,10,12,10,1513000,6,28,4,2023,21,1,2029,11,2018,National Draft,Inside Mid,"midfield profile: Inside Mid:19.61, Outside Mid:3.89",81,87,11,285,137,148,44,74,58,5,0,2,131,163,10,0.972,"2021,2022,2023,2024,2025,2026"
1159,Essendon,Essendon,5,28,Will,Setterfield,VIC,87,1,7,1998,188,87,52,46,89,65,62,77,84,44,66,50,75,48,49,59,48,64,53,59,75,39,74,62,81,74,93,64,68,34,23,65,61,52,18,30,18,27,29,32,48,25,27,22,47,50,54,50,30,6,9,11,2,3,10,3,13,5,13,8,9,3,8,12,1032000,12,20,8,2025,8,7,2029,5,2016,National Draft,Inside Mid,"midfield profile: Inside Mid:10.90, Outside Mid:4.64",69,75,13,282,148,134,54,96,45,1,0,3,92,195,15,1.271,"2021,2022,2023,2024,2025,2026"
1160,Essendon,Essendon,5,23,Ben,Hobbs,VIC,89,1,7,2003,182,83,37,43,60,48,47,57,62,37,55,37,50,43,43,57,46,49,51,52,58,43,80,51,75,87,67,58,57,22,40,59,59,53,26,24,28,27,24,27,44,17,28,22,54,45,52,57,33,14,10,15,15,15,2,11,9,5,10,13,7,11,16,10,477000,8,16,1,2026,22,8,2032,13,2021,National Draft,Inside Mid,"midfield profile: Inside Mid:2.93, Outside Mid:-1.50",50,55,18,268,129,139,38,68,31,5,0,1,101,161,5,-0.523,"2022,2023,2024,2025"
1161,Essendon,Essendon,5,20,Isaac,Kako,SA,75,1,7,2006,176,76,37,45,50,47,48,48,44,40,48,38,45,53,50,59,48,46,65,53,53,18,89,45,82,47,78,51,43,62,2,44,32,61,26,24,27,33,56,41,49,20,48,51,27,38,21,30,27,13,8,10,9,15,11,12,14,14,3,12,4,4,9,3,370000,10,18,5,2025,7,7,2027,13,2024,National Draft,Small Forward,"forward profile: Small Forward:1.88, Pressure Forward:0.32, Key Forward:-1.01",45,53,23,257,127,130,45,58,23,15,0,3,111,136,12,,
1162,Essendon,Essendon,5,28,Jade,Gresham,SA,85,24,8,1997,180,78,37,43,51,48,49,50,49,39,50,37,46,50,48,55,46,47,53,52,53,49,68,50,72,84,71,53,49,60,19,60,39,57,15,22,17,21,21,22,37,21,16,13,36,32,40,32,24,7,13,10,10,8,17,16,17,17,6,2,10,13,4,7,432000,11,23,2,2024,21,2,2028,18,2015,National Draft,Inside Mid,"midfield profile: Inside Mid:1.18, Outside Mid:-1.37",46,47,19,249,122,127,48,55,37,10,0,0,94,148,12,-1.753,"2021,2022,2023,2024,2025,2026"
1163,Essendon,Essendon,5,29,Peter,Wright,VIC,96,8,9,1996,203,100,72,83,51,45,42,52,50,54,49,76,56,42,41,55,61,48,64,48,54,77,26,52,79,69,78,67,48,39,19,60,51,68,20,43,35,24,21,29,24,41,36,19,17,24,19,20,26,3,3,13,2,13,2,14,6,16,6,15,9,15,9,7,830000,20,9,3,2023,3,6,2026,8,2014,National Draft,Hybrid Key Forward Ruck,"Ruck minutes (10.4 HO/g) plus forward output (CM/g=1.47, GL/g=1.47)",61,62,19,225,142,83,88,45,16,28,198,28,111,119,61,-0.413,"2021,2022,2023,2024,2025,2026"
1164,Essendon,Essendon,5,30,Jayden,Laverde,WA,97,12,4,1996,190,86,68,45,41,51,51,43,53,36,42,63,59,46,49,53,43,44,63,59,44,55,77,52,64,66,75,47,53,51,5,60,60,56,20,46,57,30,19,47,22,18,26,22,18,23,28,26,32,9,9,1,15,15,10,6,14,3,10,11,2,2,15,13,454000,15,5,4,2024,26,2,2027,20,2014,National Draft,Intercept Defender,"defensive profile: Intercept Defender:9.22, Key Defender:5.98, Half Back Flanker:5.26, Back Pocket:2.83",50,51,14,216,139,77,97,25,3,0,0,5,46,165,63,-0.255,"2021,2022,2023,2024,2025,2026"
1165,Essendon,Essendon,5,20,Angus,Clarke,VIC,72,1,7,2006,179,77,59,50,40,53,54,41,42,38,44,57,41,50,51,52,47,49,59,56,45,46,83,56,61,59,76,56,41,28,20,51,51,56,31,33,20,21,45,46,21,23,28,29,25,25,28,34,62,15,7,13,11,12,12,12,11,5,7,12,3,13,11,13,454000,36,7,4,2026,6,3,2029,39,2024,National Draft,Half Back Flanker,"defensive profile: Half Back Flanker:2.66, Intercept Defender:1.35, Key Defender:-0.19, Back Pocket:-1.18",47,53,14,211,135,76,71,20,5,5,0,6,55,157,15,,
1166,Essendon,Essendon,5,38,Todd,Goldstein,ACT,98,1,7,1988,210,113,39,53,43,38,39,51,55,37,57,39,48,40,40,50,41,45,53,46,50,68,25,43,82,74,89,60,61,83,9,62,63,57,22,32,24,16,19,18,17,32,15,17,23,24,13,20,22,18,16,4,14,5,1,16,4,11,18,12,5,5,14,14,350000,17,1,3,2024,19,9,2027,37,2006,National Draft,Ruck,Dominant hitouts (26.7/game),42,42,16,192,60,132,42,19,59,1,427,1,99,96,50,-1.405,"2021,2022,2023,2024,2025"
1167,Essendon,Essendon,5,21,Nate,Caddy,VIC,87,1,7,2005,192,87,62,67,40,43,45,42,38,45,44,65,37,47,46,51,53,47,59,53,47,79,23,55,63,81,55,64,37,15,24,57,51,51,46,48,24,25,22,35,21,21,46,23,30,26,22,19,25,14,11,8,8,4,12,11,7,3,4,14,4,11,12,10,548000,30,2,12,2025,5,9,2030,10,2023,National Draft,Key Forward,"forward profile: Key Forward:8.80, Small Forward:0.75, Pressure Forward:-5.16",52,57,17,186,130,56,67,17,2,20,2,18,85,99,12,-0.158,"2024,2025,2026"
1168,Essendon,Essendon,5,27,Jordan,Ridley,VIC,98,20,10,1998,195,91,72,58,33,63,54,37,36,41,42,72,43,55,56,49,44,43,43,55,42,53,74,56,86,61,82,48,42,23,32,47,31,67,30,41,50,21,22,38,28,28,30,29,20,17,20,24,38,9,14,5,5,6,13,12,3,5,7,10,10,10,14,7,411000,14,8,8,2023,22,3,2028,22,2016,National Draft,Intercept Defender,"defensive profile: Intercept Defender:6.47, Key Defender:5.83, Half Back Flanker:5.22, Back Pocket:-0.17",51,52,10,170,121,49,55,6,0,0,0,11,34,104,25,-0.109,"2021,2022,2023,2024,2025,2026"
1169,Essendon,Essendon,5,24,Zach,Reid,VIC,95,1,7,2002,187,82,82,56,49,57,46,46,43,41,45,78,67,42,44,49,44,43,61,55,51,39,76,53,66,83,62,59,36,33,4,62,45,58,27,48,54,24,19,40,30,22,29,24,34,29,29,30,38,10,4,2,2,8,4,2,3,12,12,9,9,10,5,4,454000,31,22,6,2024,21,5,2027,10,2020,National Draft,Intercept Defender,"defensive profile: Intercept Defender:9.32, Key Defender:8.32, Back Pocket:3.71, Half Back Flanker:2.78",54,60,10,154,110,44,77,25,2,0,2,9,43,101,51,1.039,"2021,2022,2026"
1170,Essendon,Essendon,5,19,Zak,Johnson,VIC,86,1,7,2007,183,83,44,39,38,51,55,37,34,37,42,42,43,59,58,44,42,42,34,53,44,39,76,51,93,50,70,62,32,32,16,50,37,61,22,26,18,22,37,31,21,20,25,30,28,22,30,29,53,7,6,5,7,10,4,9,9,13,9,4,2,3,3,7,390000,40,21,10,2025,28,8,2027,70,2024,National Draft,Half Back Flanker,"defensive profile: Half Back Flanker:2.79, Intercept Defender:0.96, Key Defender:0.75, Back Pocket:0.36",43,48,9,118,70,48,32,12,1,0,0,0,29,79,15,,
1171,Essendon,Essendon,5,28,Matt,Guelfi,SA,99,14,8,1997,180,78,39,50,51,37,37,50,56,44,45,42,52,40,39,44,48,41,51,47,52,10,84,40,56,74,54,53,54,72,48,59,52,46,25,29,22,26,66,39,50,21,47,48,27,47,28,21,22,9,4,12,6,10,10,3,4,14,3,11,4,11,14,10,313000,35,20,3,2024,25,3,2030,76,2017,National Draft,Small Forward,"forward profile: Small Forward:2.44, Pressure Forward:1.63, Key Forward:0.96",40,41,12,110,55,55,21,35,3,9,0,4,53,56,19,-0.148,"2021,2022,2023,2024,2025,2026"
1172,Essendon,Essendon,5,20,Lachlan,Blakiston,VIC,93,23,1,2006,192,91,42,45,43,40,38,47,45,35,49,43,54,43,44,43,41,42,62,53,49,87,31,45,56,63,84,60,48,39,14,45,48,61,20,37,65,57,26,28,33,26,33,26,33,32,26,30,21,14,13,9,7,5,5,14,8,9,13,5,12,10,3,8,332000,46,6,5,2024,9,9,2030,55,2024,Rookie Draft,Key Defender,"defensive profile: Key Defender:4.27, Back Pocket:2.94, Intercept Defender:2.34, Half Back Flanker:-2.56",41,53,11,109,54,55,27,14,4,1,23,3,59,57,44,,
1173,Essendon,Essendon,5,21,Luamon,Lual,VIC,73,1,7,2005,181,78,42,42,40,37,43,39,51,37,36,41,44,46,45,43,43,37,50,48,42,45,73,45,70,81,61,43,52,46,12,48,47,61,29,17,41,48,29,20,29,18,27,19,27,21,21,18,19,3,3,12,2,12,13,5,7,14,7,10,9,5,5,9,246000,34,23,10,2025,25,11,2029,39,2023,National Draft,Back Pocket,"defensive profile: Back Pocket:0.58, Key Defender:-1.36, Half Back Flanker:-3.38, Intercept Defender:-3.92",38,41,12,103,50,53,35,26,2,4,0,1,24,75,11,,
1174,Essendon,Essendon,5,26,Saad,El-Hawli,TAS,96,1,7,2000,191,90,43,41,38,43,57,37,41,36,38,43,42,60,57,42,42,44,35,52,42,51,71,52,86,58,63,55,39,66,26,59,50,61,16,33,39,38,24,35,17,25,24,21,25,29,18,27,26,2,9,6,12,15,6,6,15,10,7,12,7,11,11,4,313000,41,7,11,2026,11,2,2031,13,2023,Mid-Season Draft,Medium Defender,"defensive profile: Half Back Flanker:0.48, Back Pocket:0.27, Key Defender:0.11, Intercept Defender:-1.20 -> fallback Medium Defender (no standout)",39,40,9,100,63,37,28,13,7,1,0,1,26,79,12,,
1175,Essendon,Essendon,5,29,Kyle,Langford,VIC,86,1,12,1996,200,96,49,54,43,42,47,43,46,45,42,51,44,46,45,41,49,45,46,52,47,72,29,52,58,64,99,51,46,42,19,59,50,47,50,53,25,23,27,36,22,27,48,18,18,24,17,24,23,11,14,14,3,16,11,10,5,9,2,5,7,11,9,6,411000,4,12,11,2026,11,10,2028,17,2014,National Draft,Key Forward,"forward profile: Key Forward:3.65, Small Forward:1.63, Pressure Forward:-1.43",44,44,9,100,60,40,28,18,4,8,0,5,36,67,11,-1.065,"2021,2022,2023,2024,2025,2026"
1176,Essendon,Essendon,5,28,Ben,McKay,SA,72,24,12,1997,192,89,70,63,40,40,34,42,46,43,41,73,55,36,36,41,40,35,65,46,46,73,34,42,90,70,69,52,50,62,15,53,41,55,21,36,50,46,18,28,26,29,22,20,25,19,25,23,21,6,8,10,1,4,16,11,14,11,13,15,15,12,13,12,477000,32,17,10,2023,1,11,2028,21,2015,National Draft,Key Defender,"defensive profile: Key Defender:7.99, Back Pocket:3.31, Intercept Defender:2.35, Half Back Flanker:-5.88",49,50,10,88,51,37,44,14,0,0,0,14,38,47,40,-0.474,"2021,2022,2023,2024,2025,2026"
1177,Essendon,Essendon,5,29,Darcy,Parish,QLD,97,25,7,1997,181,84,36,38,67,74,67,73,47,43,97,36,42,55,54,53,49,81,36,62,74,47,70,62,82,61,61,58,40,70,37,63,67,61,15,22,25,21,25,19,35,21,25,19,39,36,40,40,32,18,15,4,6,8,8,6,13,17,6,4,13,12,18,14,1142000,3,23,6,2024,20,4,2028,5,2015,National Draft,Inside Mid,"midfield profile: Inside Mid:20.17, Outside Mid:3.53",68,69,3,88,31,57,7,7,21,0,0,0,40,49,1,-1.489,"2021,2022,2023,2024,2025,2026"
1178,Essendon,Essendon,5,22,Elijah,Tsatas,NSW,90,1,7,2004,181,80,30,41,47,57,50,52,39,37,64,32,37,50,50,43,46,58,25,59,56,46,80,57,71,97,91,57,40,37,71,43,41,56,24,27,26,32,40,31,53,27,31,25,72,61,65,63,40,13,6,9,8,13,2,13,14,12,5,13,14,14,6,13,454000,5,8,8,2026,20,2,2030,5,2022,National Draft,Inside Mid,"midfield profile: Inside Mid:8.01, Outside Mid:-2.87",47,54,5,84,40,44,5,6,25,1,0,0,38,40,2,-0.003,"2023,2024,2025,2026"
1179,Essendon,Essendon,5,24,Jye,Menzie,VIC,93,1,7,2002,197,93,44,53,37,39,39,35,39,41,33,44,38,40,40,40,47,35,34,47,41,95,42,44,96,72,86,51,40,49,34,52,35,43,54,61,24,23,22,40,21,23,60,20,26,23,26,29,25,4,12,5,16,11,14,7,8,2,4,14,4,8,5,9,262000,29,3,12,2025,4,5,2028,18,2021,Mid-Season Draft,Key Forward,"forward profile: Key Forward:4.45, Small Forward:2.68, Pressure Forward:-1.88",37,41,10,75,48,27,32,15,1,9,0,2,22,55,4,-0.797,"2022,2023,2024,2025"
1180,Essendon,Essendon,5,21,Harry,Jones,QLD,99,18,4,2005,176,75,47,46,49,42,44,47,49,37,42,46,49,43,44,39,43,45,45,53,51,16,84,45,83,80,87,55,47,36,27,63,45,47,18,22,25,25,36,29,53,31,28,31,47,38,21,42,20,12,11,7,11,8,2,9,5,3,1,10,7,12,12,14,332000,23,15,3,2025,17,6,2027,53,2023,National Draft,Pressure Forward,"forward profile: Pressure Forward:1.86, Small Forward:0.48, Key Forward:-1.42",42,52,7,71,45,26,26,19,2,2,5,1,29,50,8,,
1181,Essendon,Essendon,5,27,Sam,Draper,WA,90,28,9,1998,205,107,72,90,61,42,43,67,66,49,63,79,59,46,47,40,57,57,51,54,64,74,34,55,67,85,49,65,66,51,26,48,71,55,23,49,43,20,32,21,25,69,21,32,20,21,20,38,30,13,4,12,3,13,3,12,10,7,9,4,11,10,9,10,862000,2,21,6,2026,23,12,2031,1,2016,Rookie Draft,Ruck,Dominant hitouts (20.6/game),63,65,5,67,36,31,18,14,16,7,103,9,44,30,16,0.256,"2021,2022,2023,2024,2025,2026"
1182,Essendon,Essendon,5,22,Archie,May,QLD,81,1,7,2004,201,99,51,57,50,40,39,48,49,44,41,53,53,42,42,37,50,43,46,50,52,75,33,50,45,87,88,72,47,78,29,62,45,49,50,57,29,24,30,47,23,24,54,25,25,27,24,24,33,8,9,9,4,4,12,14,10,3,9,7,12,8,4,4,411000,26,28,12,2026,23,3,2028,6,2024,Mid-Season Draft,Key Forward,"forward profile: Key Forward:3.71, Small Forward:2.43, Pressure Forward:-0.05",46,49,7,62,43,19,23,19,1,7,5,4,31,34,15,,
1183,Essendon,Essendon,5,24,Liam,McMahon,VIC,88,1,7,2002,190,90,41,51,31,34,33,35,32,35,37,43,34,39,38,35,56,35,41,47,41,56,74,44,82,67,87,57,34,32,48,43,45,43,46,25,25,23,26,44,34,28,55,43,22,34,23,22,31,15,15,7,3,11,6,8,1,4,15,6,8,4,12,6,202000,48,8,5,2025,4,3,2028,31,2020,National Draft,Medium Forward,"forward profile: Key Forward:5.71, Small Forward:5.70, Pressure Forward:-5.82 -> fallback Medium Forward (no standout)",34,36,7,46,32,14,16,1,1,12,0,2,26,19,7,,
1184,Essendon,Essendon,5,20,Archer,Day-Wicks,WA,99,1,7,2006,185,83,33,39,40,37,41,38,39,37,41,34,40,42,40,35,42,36,25,47,44,43,73,41,83,99,85,47,36,65,60,58,45,55,45,32,27,29,30,48,36,26,45,47,31,30,31,25,25,5,12,1,8,2,4,4,1,12,13,11,7,2,15,5,188000,44,11,8,2026,19,8,2031,6,2024,Rookie Draft,Medium Forward,"forward profile: Pressure Forward:0.58, Small Forward:0.40, Key Forward:-3.26 -> fallback Medium Forward (no standout)",31,35,5,43,15,28,8,9,1,1,0,0,14,30,2,,
1185,Essendon,Essendon,5,25,Nick,Bryan,SA,78,1,7,2001,200,95,34,50,43,50,40,43,38,33,40,35,46,43,44,35,41,42,27,52,50,76,24,52,99,78,74,57,41,41,58,62,19,53,27,42,40,29,23,31,18,43,22,29,18,21,28,39,29,1,11,8,12,12,5,9,12,3,9,3,12,6,11,7,216000,24,6,12,2023,3,2,2029,38,2019,National Draft,Ruck,Dominant hitouts (19.0/game),36,41,4,39,30,9,7,7,8,0,76,0,16,21,6,0.91,"2021,2022,2023,2024,2025,2026"
1186,Essendon,Essendon,5,20,Jayden,Nguyen,TAS,88,27,7,2006,189,86,39,43,48,36,35,45,47,35,41,41,47,40,41,34,39,36,47,47,49,50,64,42,63,89,86,61,45,62,28,62,41,60,22,25,45,46,19,27,37,22,19,23,26,19,26,26,24,11,10,1,10,4,10,9,13,13,11,4,7,11,3,6,262000,42,4,11,2023,9,2,2029,53,2022,Academy,Back Pocket,"defensive profile: Back Pocket:1.88, Key Defender:0.44, Intercept Defender:-2.85, Half Back Flanker:-3.72",38,43,5,38,19,19,11,13,2,0,0,1,19,21,5,,
1187,Essendon,Essendon,5,21,Vigo,Visentini,VIC,96,1,7,2005,195,93,35,45,46,37,43,53,63,33,58,36,55,42,43,35,41,48,34,54,51,87,27,45,84,54,82,63,65,23,8,51,78,50,31,46,67,52,33,39,21,30,24,31,19,27,27,28,23,9,1,11,13,3,4,14,6,14,8,3,9,15,6,10,313000,39,12,1,2025,24,4,2030,8,2023,Rookie Draft,Key Defender,"defensive profile: Key Defender:3.37, Back Pocket:2.51, Intercept Defender:1.64, Half Back Flanker:-3.38",40,46,2,25,8,17,4,3,5,0,25,0,12,14,8,,
1188,Essendon,Essendon,5,23,Oskar,Smartt,VIC,93,18,1,2003,197,98,45,59,44,35,31,42,38,43,36,50,45,38,38,30,38,35,26,46,48,63,25,44,45,86,83,51,37,25,48,52,32,51,36,51,22,24,25,37,19,18,46,20,21,27,27,23,23,7,10,1,2,14,11,14,7,10,5,4,9,6,12,2,262000,47,13,3,2023,11,3,2026,60,2021,National Draft,Key Forward,"forward profile: Key Forward:3.23, Pressure Forward:-0.41, Small Forward:-2.86",38,41,4,22,17,5,7,8,2,0,0,3,15,8,5,,
1189,Essendon,Essendon,5,20,Rhys,Unwin,VIC,82,1,7,2006,177,79,37,44,33,36,41,37,40,33,34,37,32,47,46,31,42,38,33,52,41,20,74,42,60,86,88,62,46,23,43,53,39,61,29,26,18,17,41,25,43,20,30,35,20,36,28,22,26,14,9,15,1,13,10,2,14,2,14,13,10,11,2,9,162000,38,14,3,2026,5,7,2029,61,2024,National Draft,Small Forward,"forward profile: Small Forward:0.52, Key Forward:-0.05, Pressure Forward:-2.08",33,37,3,20,15,5,7,2,1,1,0,0,9,12,0,,
1190,Essendon,Essendon,5,21,Lewis,Hayes,ACT,74,1,7,2005,190,89,41,39,39,57,55,38,45,33,46,40,53,42,44,38,43,45,33,53,43,54,74,47,66,88,56,39,50,72,25,51,28,63,24,42,50,27,18,45,30,30,20,30,20,24,24,21,41,3,3,8,2,14,3,12,7,14,13,11,7,13,12,4,296000,18,11,12,2026,18,3,2029,25,2022,National Draft,Intercept Defender,"defensive profile: Intercept Defender:4.11, Key Defender:2.39, Half Back Flanker:1.73, Back Pocket:1.26",41,45,1,16,6,10,3,2,1,0,0,0,2,14,3,,
1191,Essendon,Essendon,5,20,Tom,Edwards,VIC,95,16,10,2006,174,76,35,47,41,27,33,42,60,42,33,36,42,36,36,30,54,32,31,44,42,19,76,37,41,59,99,60,58,17,29,49,78,51,28,30,28,26,60,36,49,29,43,57,33,43,25,30,19,3,6,6,13,10,8,13,9,9,2,11,2,9,11,12,202000,45,25,9,2023,24,4,2028,46,2024,National Draft,Small Forward,"forward profile: Small Forward:7.27, Key Forward:2.60, Pressure Forward:0.53",33,42,2,14,10,4,4,4,0,3,0,0,5,7,1,,
1192,Fremantle,Fremantle,6,25,Caleb,Serong,TAS,92,9,2,2001,178,78,36,43,88,74,69,90,68,80,98,37,61,66,66,78,82,91,67,76,88,51,88,78,58,61,50,72,54,48,31,46,75,55,27,39,36,33,34,34,69,27,35,40,80,77,74,72,60,11,5,3,3,2,5,9,3,8,11,4,11,11,6,4,1745000,3,22,4,2024,16,4,2028,8,2019,National Draft,Inside Mid,"midfield profile: Inside Mid:25.25, Outside Mid:2.53",87,94,24,657,331,326,41,114,197,7,0,3,346,310,28,0.879,"2021,2022,2023,2024,2025,2026"
1193,Fremantle,Fremantle,6,26,Andrew,Brayshaw,VIC,81,8,11,1999,186,86,42,42,92,72,72,87,83,84,87,42,73,60,61,76,82,83,66,70,83,45,71,72,76,73,71,68,71,85,13,53,71,69,16,25,24,20,20,30,39,26,18,25,44,40,41,36,30,3,7,5,4,12,5,16,4,4,2,13,14,8,14,16,1697000,8,11,10,2024,27,6,2026,2,2017,National Draft,Inside Mid,"midfield profile: Inside Mid:17.85, Outside Mid:6.48",84,88,24,647,292,355,70,161,120,7,0,3,263,393,38,-0.058,"2021,2022,2023,2024,2025,2026"
1194,Fremantle,Fremantle,6,25,Jordan,Clark,VIC,92,16,10,2000,177,74,59,49,59,73,69,59,57,48,62,58,57,69,72,74,54,66,72,74,60,57,82,72,96,81,86,58,51,63,1,45,60,52,31,36,31,24,50,41,24,29,27,33,26,36,29,47,61,3,13,10,3,13,10,7,10,7,5,4,3,2,11,6,1032000,6,14,9,2026,23,10,2032,15,2018,National Draft,Half Back Flanker,"defensive profile: Half Back Flanker:12.19, Intercept Defender:10.10, Key Defender:3.97, Back Pocket:-0.26",69,75,24,579,381,198,114,72,32,2,0,12,168,346,58,1.089,"2021,2022,2023,2024,2025,2026"
1195,Fremantle,Fremantle,6,30,Luke,Ryan,VIC,97,6,2,1996,195,93,63,45,44,70,50,44,45,39,44,59,58,54,60,70,48,45,72,68,48,42,79,63,89,82,74,55,46,75,9,50,42,61,20,48,56,23,18,38,25,29,29,26,28,29,22,27,37,2,12,3,8,2,13,9,7,6,12,7,13,14,11,1,574000,13,21,6,2024,5,7,2026,66,2016,National Draft,Intercept Defender,"defensive profile: Intercept Defender:13.32, Half Back Flanker:12.54, Key Defender:6.11, Back Pocket:1.65",57,58,24,498,384,114,146,48,6,0,0,8,97,263,96,-0.095,"2021,2022,2023,2024,2025,2026"
1196,Fremantle,Fremantle,6,27,Shai,Bolton,TAS,76,8,12,1998,189,90,44,51,58,51,77,62,63,45,64,45,48,86,78,65,57,64,65,59,61,55,78,62,38,67,88,46,60,50,16,57,78,56,22,17,18,24,30,29,44,26,34,47,30,43,46,43,29,16,6,16,14,4,8,7,2,4,11,5,14,15,13,8,830000,15,16,6,2026,5,2,2029,29,2016,National Draft,Hybrid Mid Forward,Strong in both forward (fwd_c=2.74) and midfield (mid_c=2.71) signals,60,61,23,412,226,186,65,60,62,28,0,6,186,242,26,-0.516,"2021,2022,2023,2024,2025,2026"
1197,Fremantle,Fremantle,6,24,Luke,Jackson,NT,80,29,9,2001,210,109,65,80,73,57,50,73,65,79,75,70,61,48,48,64,77,65,64,58,72,81,30,57,69,66,90,63,61,77,15,47,50,63,32,51,43,26,30,32,22,65,32,25,26,31,35,46,33,13,4,2,9,3,5,9,5,12,9,6,2,1,8,4,1068000,9,5,3,2026,14,10,2031,3,2019,National Draft,Ruck,Dominant hitouts (21.8/game),71,81,21,373,153,220,72,87,71,20,458,28,202,176,39,1.182,"2021,2022,2023,2024,2025,2026"
1198,Fremantle,Fremantle,6,20,Murphy,Reid,QLD,78,30,7,2006,191,90,37,45,48,51,53,50,47,50,53,38,42,52,51,63,55,56,63,58,53,46,71,58,74,90,99,52,46,59,17,56,47,50,33,28,32,30,45,21,43,21,49,55,27,49,57,46,24,3,13,12,6,9,5,7,3,5,6,10,2,12,14,7,500000,16,24,9,2024,3,8,2027,17,2024,National Draft,Hybrid Mid Forward,Strong in both forward (fwd_c=1.93) and midfield (mid_c=0.66) signals,50,54,24,347,188,159,49,47,24,25,0,2,137,208,17,,
1199,Fremantle,Fremantle,6,23,Matthew,Johnson,VIC,82,16,3,2003,181,79,48,41,59,55,64,59,62,40,63,46,52,59,58,61,46,62,58,60,59,42,72,60,68,74,99,55,57,48,27,63,69,53,28,21,26,25,27,34,42,25,21,26,55,54,47,55,40,6,8,2,5,10,11,1,13,2,3,10,1,3,9,4,709000,44,3,9,2025,14,9,2031,28,2022,National Draft,Inside Mid,"midfield profile: Inside Mid:6.05, Outside Mid:3.75",58,64,18,338,160,178,74,59,54,2,0,1,121,219,23,0.222,"2023,2024,2025,2026"
1200,Fremantle,Fremantle,6,24,Karl,Worner,WA,97,16,6,2002,197,92,54,46,44,54,50,42,44,38,44,53,54,48,49,63,43,44,64,57,47,50,78,52,73,95,83,54,41,31,18,47,39,53,27,73,81,41,40,58,33,33,35,38,27,33,27,41,53,3,6,8,5,3,10,3,2,6,9,6,10,2,4,3,390000,23,1,10,2026,4,6,2028,8,2021,Rookie Draft,Intercept Defender,"defensive profile: Intercept Defender:3.99, Key Defender:3.26, Half Back Flanker:2.17, Back Pocket:1.69",48,57,23,316,179,137,94,49,8,0,0,8,74,227,61,2.001,"2023,2024,2025,2026"
1201,Fremantle,Fremantle,6,24,Heath,Chapman,SA,90,31,1,2002,191,89,54,46,44,50,48,43,47,38,41,53,53,47,49,60,42,45,64,58,47,49,79,53,76,85,96,52,48,62,17,58,42,51,29,54,58,32,27,45,33,30,26,30,33,26,22,31,38,14,11,5,8,1,14,5,14,7,13,5,2,9,1,5,411000,5,14,8,2024,23,11,2026,14,2020,National Draft,Intercept Defender,"defensive profile: Intercept Defender:4.10, Key Defender:3.56, Back Pocket:1.99, Half Back Flanker:1.89",47,50,23,295,191,104,100,50,8,0,0,9,81,210,62,-0.124,"2021,2022,2023,2024,2025,2026"
1202,Fremantle,Fremantle,6,28,Bailey,Banfield,WA,93,26,2,1998,187,87,43,42,47,48,50,46,46,38,46,43,51,51,51,58,44,46,56,54,50,57,89,52,82,65,87,55,44,49,20,49,50,61,21,42,51,48,31,41,35,24,30,26,35,28,34,24,23,3,5,10,15,5,14,3,9,4,9,3,7,4,12,5,411000,41,13,9,2023,22,5,2026,5,2017,Rookie Draft,Medium Defender,"defensive profile: Intercept Defender:1.64, Half Back Flanker:1.57, Key Defender:1.16, Back Pocket:1.03 -> fallback Medium Defender (no standout)",47,48,21,278,172,106,67,45,15,4,0,2,98,182,47,0.131,"2021,2022,2023,2024,2025,2026"
1203,Fremantle,Fremantle,6,24,Josh,Treacy,VIC,97,4,8,2002,199,97,82,86,48,46,47,50,48,61,48,87,48,49,48,61,66,51,74,55,52,85,27,57,70,85,68,57,47,82,14,57,50,58,55,60,22,33,25,38,31,28,63,38,29,31,23,28,25,6,12,8,11,7,10,7,6,2,3,12,7,1,7,8,928000,35,14,4,2024,22,1,2029,7,2020,Rookie Draft,Key Forward,"forward profile: Key Forward:15.52, Small Forward:1.40, Pressure Forward:-6.26",68,75,24,276,186,90,120,44,0,44,13,44,131,152,47,1.454,"2021,2022,2023,2024,2025,2026"
1204,Fremantle,Fremantle,6,26,Michael,Frederick,WA,92,17,5,2000,174,75,46,49,45,45,50,43,44,46,41,46,45,51,50,60,54,48,65,57,48,13,89,50,63,81,79,55,41,28,7,40,45,48,31,31,22,27,62,35,47,26,50,61,30,52,27,22,23,3,1,2,6,9,16,3,6,15,5,14,4,9,5,4,411000,32,1,8,2023,22,12,2025,61,2019,National Draft,Small Forward,"forward profile: Small Forward:4.48, Key Forward:2.19, Pressure Forward:-0.74",47,50,24,272,177,95,81,56,11,30,0,5,87,186,18,-0.324,"2021,2022,2023,2024,2025,2026"
1205,Fremantle,Fremantle,6,22,Neil,Erasmus,WA,90,2,12,2003,188,86,39,40,55,55,50,55,47,39,60,39,47,47,47,55,45,56,42,57,59,42,73,54,67,56,77,61,45,39,60,48,41,66,29,27,21,28,29,25,46,29,25,19,53,54,50,56,38,4,11,2,15,15,4,11,5,15,4,5,5,15,6,3,524000,28,23,2,2025,8,10,2030,10,2021,National Draft,Inside Mid,"midfield profile: Inside Mid:4.94, Outside Mid:-1.52",50,54,16,255,121,134,43,43,49,2,0,0,109,154,12,-0.531,"2022,2023,2024,2025,2026"
1206,Fremantle,Fremantle,6,27,Brennan,Cox,WA,88,13,8,1998,194,90,66,56,38,41,37,42,46,40,42,67,67,39,40,58,40,37,67,54,45,82,21,44,65,56,85,49,51,40,13,63,49,68,15,28,41,46,16,24,21,23,16,27,25,25,16,15,21,10,2,4,10,16,1,12,16,14,1,8,8,8,9,2,574000,36,27,11,2023,25,9,2026,41,2016,National Draft,Key Defender,"defensive profile: Key Defender:10.78, Intercept Defender:9.21, Back Pocket:5.51, Half Back Flanker:-1.61",49,51,24,253,158,95,114,29,3,1,0,25,101,155,167,-0.897,"2021,2022,2023,2024,2025,2026"
1207,Fremantle,Fremantle,6,29,Corey,Wagner,VIC,75,23,3,1997,187,85,40,41,62,54,54,56,57,42,48,40,57,54,55,55,44,54,52,63,59,46,73,60,57,95,53,55,51,49,29,47,40,57,17,23,17,21,39,33,31,23,26,15,27,31,20,35,44,9,15,16,13,14,8,2,9,3,4,12,5,9,9,8,548000,34,3,5,2025,12,2,2027,43,2015,National Draft,Outside Mid,"midfield profile: Outside Mid:1.62, Inside Mid:1.48",52,52,17,248,161,87,45,75,28,3,0,1,84,167,17,-0.449,"2023,2024,2025,2026"
1208,Fremantle,Fremantle,6,32,Jaeger,O'Meara,WA,91,23,2,1994,182,82,39,40,61,49,54,63,66,40,64,39,50,48,47,54,46,58,50,55,61,49,73,54,70,65,94,45,63,54,12,53,71,69,21,17,18,22,22,26,29,18,17,22,32,30,32,32,27,9,9,8,18,6,8,18,16,13,12,14,13,13,16,1,653000,2,19,4,2026,10,4,2032,35,2021,National Draft,Inside Mid,"midfield profile: Inside Mid:7.46, Outside Mid:-0.14",55,56,14,243,106,137,36,49,44,2,0,1,104,151,12,-1.419,"2021,2022,2023,2024,2025,2026"
1209,Fremantle,Fremantle,6,24,Nathan,O'Driscoll,VIC,74,17,5,2002,181,83,42,41,56,53,55,53,53,39,53,41,52,51,52,53,45,56,54,61,56,40,70,58,66,70,99,54,48,57,35,57,54,56,21,18,28,18,57,39,26,22,18,25,28,36,30,34,55,3,6,7,14,7,10,6,1,11,11,13,12,15,10,11,500000,30,7,4,2025,19,3,2027,27,2020,National Draft,Outside Mid,"midfield profile: Outside Mid:1.67, Inside Mid:1.48",50,53,14,222,122,100,42,45,23,3,0,1,76,148,17,0.215,"2022,2023,2024,2025,2026"
1210,Fremantle,Fremantle,6,29,Sam,Switkowski,WA,79,20,11,1996,169,68,40,43,53,51,52,50,46,52,51,40,50,54,51,53,49,50,54,55,55,10,78,47,97,80,60,58,45,60,22,53,28,66,18,18,16,19,48,26,37,28,26,41,26,30,25,28,18,12,3,13,9,12,9,15,14,11,11,13,8,6,1,11,454000,39,10,10,2023,11,5,2025,73,2017,National Draft,Small Forward,"forward profile: Small Forward:1.94, Pressure Forward:1.25, Key Forward:-2.28",48,49,17,220,96,124,43,53,21,11,0,2,80,133,17,-0.26,"2021,2022,2023,2024,2025,2026"
1211,Fremantle,Fremantle,6,23,Patrick,Voss,TAS,78,29,6,2003,195,92,55,68,48,38,43,51,60,52,45,58,46,46,45,55,65,46,63,53,51,67,34,52,59,71,65,49,60,66,19,50,63,53,58,50,26,19,31,43,24,23,49,34,34,28,24,26,27,3,10,3,9,9,10,3,11,4,10,3,8,9,8,7,574000,20,19,2,2025,24,8,2031,9,2021,Rookie Draft,Key Forward,"forward profile: Key Forward:9.60, Small Forward:5.37, Pressure Forward:-2.51",54,59,20,194,126,68,65,44,13,37,32,16,97,101,19,1.145,"2024,2025,2026"
1212,Fremantle,Fremantle,6,24,Jeremy,Sharp,WA,88,13,8,2001,187,87,40,40,38,51,56,38,35,35,44,39,38,57,55,50,44,45,60,53,44,58,72,51,80,53,66,50,35,58,1,50,34,51,19,29,19,21,53,46,32,20,29,19,19,41,32,34,57,13,11,11,8,3,13,11,13,8,8,8,13,4,8,10,390000,14,3,3,2025,6,1,2030,27,2019,National Draft,Outside Mid,"midfield profile: Outside Mid:2.50, Inside Mid:-4.01",45,47,14,185,98,87,40,18,16,3,0,0,47,135,9,-0.605,"2021,2022,2024,2025,2026"
1213,Fremantle,Fremantle,6,31,Alex,Pearce,VIC,99,9,6,1995,200,102,74,64,43,45,39,49,47,48,50,77,56,44,45,50,47,42,65,53,51,79,32,46,74,86,60,57,53,97,16,48,41,54,30,37,49,51,20,26,30,26,26,19,17,21,18,28,21,14,10,4,2,8,10,2,8,7,3,11,9,7,15,13,626000,25,18,4,2023,8,6,2025,37,2013,National Draft,Key Defender,"defensive profile: Key Defender:8.24, Intercept Defender:4.89, Back Pocket:2.80, Half Back Flanker:-2.37",56,58,16,177,101,76,79,20,4,4,0,23,92,89,71,0.184,"2021,2022,2023,2024,2025,2026"
1214,Fremantle,Fremantle,6,23,Jye,Amiss,VIC,73,31,7,2003,202,98,54,64,35,37,35,37,39,44,36,56,39,38,38,55,52,35,67,45,41,82,24,43,99,59,85,54,43,66,1,64,38,51,41,43,24,21,22,31,18,17,47,15,18,19,25,23,20,8,13,4,3,5,10,13,10,13,7,7,13,3,4,8,390000,24,17,4,2023,24,7,2027,8,2021,National Draft,Key Forward,"forward profile: Key Forward:9.48, Small Forward:2.62, Pressure Forward:-4.82",45,50,24,171,113,58,82,23,4,32,0,18,74,102,30,-0.819,"2022,2023,2024,2025,2026"
1215,Fremantle,Fremantle,6,28,Sean,Darcy,WA,97,12,6,1998,203,99,37,59,57,34,35,60,66,40,53,40,58,41,41,49,42,45,46,47,58,69,28,46,58,76,81,54,68,43,24,56,66,69,23,26,23,14,18,22,20,35,17,13,20,17,13,24,17,19,19,10,9,7,16,6,21,3,15,10,15,7,9,15,432000,4,26,7,2026,20,4,2031,38,2016,National Draft,Ruck,Dominant hitouts (26.4/game),45,46,17,167,83,84,25,52,60,5,449,6,117,61,49,-1.345,"2021,2022,2023,2024,2025,2026"
1216,Fremantle,Fremantle,6,25,Hayden,Young,QLD,78,11,4,2001,188,83,39,45,61,56,60,60,51,54,62,40,50,61,60,48,61,65,30,64,63,36,71,64,77,71,66,57,46,50,58,47,48,50,16,23,20,19,38,22,35,30,32,40,21,32,35,39,28,10,9,8,13,14,9,14,3,13,12,8,10,12,8,11,653000,26,5,2,2023,20,8,2027,7,2019,National Draft,Hybrid Mid Forward,Strong in both midfield (mid_c=3.26) and forward (fwd_c=1.02) signals,56,60,9,151,84,67,18,28,30,7,0,2,71,87,9,0.233,"2021,2022,2023,2024,2025,2026"
1217,Fremantle,Fremantle,6,23,Isaiah,Dudley,VIC,86,30,4,2003,177,75,37,45,39,38,43,37,40,46,33,37,42,47,45,46,49,38,42,51,43,13,93,41,64,92,60,49,41,63,44,54,34,53,28,26,31,29,61,34,47,22,45,59,31,49,22,26,33,11,11,9,11,7,1,10,12,11,4,13,9,12,15,10,246000,43,19,12,2023,4,10,2027,46,2025,Rookie Draft,Small Forward,"forward profile: Small Forward:3.51, Key Forward:0.93, Pressure Forward:-0.90",38,48,16,113,74,39,33,29,4,15,0,1,36,80,13,,
1218,Fremantle,Fremantle,6,22,Josh,Draper,ACT,91,9,2,2004,193,92,41,42,41,37,35,43,48,36,40,41,56,41,41,41,39,35,52,49,45,52,80,41,46,63,67,44,54,70,16,41,43,46,24,32,42,42,20,34,22,26,22,23,26,23,21,25,25,8,1,15,3,14,12,7,4,2,12,11,15,9,2,15,278000,37,28,4,2026,8,2,2031,53,2025,National Draft,Medium Defender,"defensive profile: Key Defender:4.36, Back Pocket:4.04, Intercept Defender:2.02, Half Back Flanker:-3.33 -> fallback Medium Defender (no standout)",40,48,11,86,48,38,27,19,4,0,6,2,41,47,46,-0.813,"2024,2025,2026"
1219,Fremantle,Fremantle,6,30,Oscar,McDonald,VIC,79,18,3,1996,185,86,57,50,43,39,40,44,57,43,34,57,57,41,42,37,45,37,54,52,44,47,73,48,71,70,93,41,61,47,1,45,52,56,18,32,31,28,25,29,23,19,24,19,24,23,18,23,25,2,6,1,16,16,8,9,1,2,1,15,2,12,14,6,370000,21,4,10,2024,17,4,2030,53,2014,National Draft,Medium Defender,"defensive profile: Key Defender:2.95, Back Pocket:2.49, Intercept Defender:2.10, Half Back Flanker:-1.48 -> fallback Medium Defender (no standout)",45,45,7,66,49,17,32,17,2,4,7,4,20,47,24,-1.365,"2022,2024,2025,2026"
1220,Fremantle,Fremantle,6,34,Nat,Fyfe,WA,81,18,9,1991,184,80,31,40,31,32,35,33,36,37,35,34,33,40,39,35,37,34,7,49,38,42,64,41,77,78,64,44,41,28,92,49,36,65,27,12,18,19,16,24,24,18,29,24,12,20,21,15,20,13,12,15,10,7,8,15,12,8,8,15,17,13,16,15,140000,7,26,6,2024,3,10,2027,55,2020,National Draft,Medium Forward,"forward profile: Small Forward:-1.37, Pressure Forward:-1.67, Key Forward:-2.15 -> fallback Medium Forward (no standout)",28,29,8,48,17,31,9,6,8,0,0,1,19,30,3,-1.778,"2021,2022,2023,2024,2025"
1221,Fremantle,Fremantle,6,21,Cooper,Simpson,WA,96,13,2,2005,187,88,40,40,31,48,53,31,38,34,31,40,36,49,50,36,45,45,24,59,37,36,63,57,93,67,52,48,41,64,52,66,33,65,21,35,37,48,35,37,27,22,25,29,25,24,24,20,32,5,5,5,13,8,9,8,10,2,5,3,9,7,10,8,216000,29,27,12,2023,13,7,2029,35,2023,National Draft,Medium Defender,"defensive profile: Half Back Flanker:0.08, Back Pocket:-1.09, Key Defender:-1.88, Intercept Defender:-2.01 -> fallback Medium Defender (no standout)",35,43,3,32,22,10,8,3,0,1,0,0,3,29,1,2.35,"2024,2025,2026"
1222,Fremantle,Fremantle,6,30,James,Aish,QLD,85,8,11,1995,184,82,32,39,31,43,37,31,25,33,36,33,37,39,40,32,39,34,12,45,40,52,70,42,82,75,72,67,28,64,67,46,17,60,22,24,41,55,21,27,35,23,25,24,30,21,19,17,25,6,11,8,2,6,4,13,9,9,6,5,6,5,13,15,140000,11,28,1,2023,12,9,2028,7,2013,National Draft,Back Pocket,"defensive profile: Back Pocket:0.50, Key Defender:-0.41, Intercept Defender:-3.50, Half Back Flanker:-4.14",28,29,3,23,11,12,4,2,1,0,0,0,7,16,3,-0.116,"2021,2022,2023,2024,2025"
1223,Fremantle,Fremantle,6,23,Brandon,Walker,WA,77,17,10,2002,187,84,34,48,49,41,36,47,44,37,45,40,47,40,40,32,40,38,25,46,52,50,78,42,89,63,55,70,43,44,34,51,36,60,37,46,52,49,24,45,25,24,24,33,31,33,26,30,30,8,12,3,10,5,5,12,13,2,1,14,8,7,1,5,246000,31,2,11,2024,18,11,2028,50,2020,National Draft,Medium Defender,"defensive profile: Back Pocket:1.46, Key Defender:1.42, Intercept Defender:-2.22, Half Back Flanker:-3.65 -> fallback Medium Defender (no standout)",35,40,2,18,9,9,1,5,1,0,0,1,9,10,2,0.614,"2021,2022,2023,2024,2025,2026"
1224,Fremantle,Fremantle,6,28,Quinton,Narkle,WA,92,3,12,1997,173,74,29,38,29,37,32,27,25,32,27,31,33,35,34,27,42,26,7,43,37,15,73,31,99,71,82,50,29,53,62,59,11,54,17,19,18,22,38,26,27,22,32,38,14,23,21,18,16,14,7,6,17,16,12,8,8,8,7,6,7,8,8,12,140000,19,13,4,2026,18,6,2028,60,2016,National Draft,Small Forward,"forward profile: Small Forward:1.06, Key Forward:-1.69, Pressure Forward:-2.49",28,29,2,10,6,4,2,2,0,1,0,0,2,8,0,-1.656,"2021,2022,2023,2024,2025"
1225,Fremantle,Fremantle,6,26,Liam,Reidy,NSW,89,14,6,2000,203,99,30,47,38,29,34,44,71,49,31,32,48,37,37,27,37,33,38,44,40,89,30,42,94,66,93,36,84,44,22,54,61,58,26,39,33,26,26,29,26,60,18,20,29,23,18,36,27,1,15,6,13,15,7,13,4,8,12,9,15,8,4,2,188000,18,18,2,2026,1,3,2030,13,2022,Rookie Draft,Ruck,Dominant hitouts (18.0/game),32,35,1,6,4,2,1,2,1,0,18,0,2,4,2,-0.992,"2024,2025,2026"
1226,Geelong,Geelong,7,25,Bailey,Smith,VIC,76,7,12,2000,184,83,51,40,81,81,85,82,82,91,82,47,61,72,72,81,90,94,67,83,78,46,67,92,70,60,92,45,69,13,31,58,98,59,27,27,23,33,28,29,56,29,29,30,56,56,54,58,41,10,9,5,7,8,5,7,7,5,9,3,7,3,6,13,1794000,3,11,9,2026,26,12,2030,7,2018,National Draft,Inside Mid,"midfield profile: Inside Mid:16.61, Outside Mid:14.28",87,96,23,720,454,266,111,114,131,8,0,0,251,453,24,0.562,"2021,2022,2023,2024,2026"
1227,Geelong,Geelong,7,23,Max,Holmes,WA,82,29,8,2002,178,76,59,46,71,75,99,73,64,71,78,54,53,99,99,81,76,87,66,86,72,46,78,86,45,83,70,54,52,62,12,51,79,62,35,24,30,38,69,66,37,29,29,39,37,45,40,52,82,3,8,5,8,9,6,1,6,9,11,11,12,5,8,9,1894000,9,23,8,2023,13,5,2028,20,2020,National Draft,Outside Mid,"midfield profile: Outside Mid:18.02, Inside Mid:12.30",89,97,26,699,436,263,140,92,120,14,0,4,264,403,26,1.819,"2021,2022,2023,2024,2025,2026"
1228,Geelong,Geelong,7,27,Gryan,Miers,WA,81,30,3,1999,178,75,57,43,56,71,74,53,50,59,55,52,49,62,62,72,63,67,66,67,56,45,73,72,73,71,88,60,42,69,18,66,51,64,19,31,22,31,42,49,38,20,22,18,32,38,31,32,47,3,12,3,4,12,4,8,3,12,5,8,2,11,4,4,894000,32,25,4,2024,28,5,2027,57,2017,National Draft,Outside Mid,"midfield profile: Outside Mid:11.76, Inside Mid:0.12",66,70,24,534,353,181,136,76,36,14,0,0,129,406,10,0.954,"2021,2022,2023,2024,2025,2026"
1229,Geelong,Geelong,7,30,Tom,Atkins,SA,86,18,9,1995,189,88,37,43,99,57,50,98,96,51,83,37,85,49,49,71,50,68,61,58,93,55,74,58,73,70,74,62,79,58,29,46,66,64,33,28,25,20,36,35,59,24,22,25,55,59,53,58,36,13,2,6,3,5,5,9,12,2,7,6,12,1,8,3,1383000,30,18,6,2023,24,1,2029,5,2023,National Draft,Inside Mid,"midfield profile: Inside Mid:21.92, Outside Mid:-3.76",79,81,26,511,223,288,52,232,147,5,0,2,298,229,34,0.458,"2021,2022,2023,2024,2025,2026"
1230,Geelong,Geelong,7,28,Zach,Guthrie,VIC,77,30,6,1998,195,93,71,50,46,62,55,45,43,41,46,68,52,53,56,70,46,52,67,64,50,55,82,63,69,82,82,58,40,39,37,42,43,56,26,67,76,34,25,61,24,27,25,36,30,25,31,37,56,12,7,4,6,4,3,10,7,2,3,7,9,7,3,11,599000,39,26,7,2024,10,8,2026,43,2025,Rookie Draft,Intercept Defender,"defensive profile: Intercept Defender:7.04, Half Back Flanker:6.03, Key Defender:4.30, Back Pocket:0.82",57,61,26,454,325,129,169,54,8,1,0,16,121,295,69,0.59,"2021,2022,2023,2024,2025,2026"
1231,Geelong,Geelong,7,23,Oliver,Dempsey,WA,86,1,7,2003,193,93,57,59,57,58,61,56,49,50,59,58,49,62,59,69,59,58,71,58,59,45,77,60,86,82,86,53,44,52,12,46,48,55,38,29,31,28,51,31,62,28,58,59,35,60,58,59,34,3,4,1,3,9,11,3,5,4,8,9,3,8,6,2,681000,28,14,2,2024,2,9,2030,13,2021,Rookie Draft,Hybrid Mid Forward,Strong in both forward (fwd_c=3.44) and midfield (mid_c=0.87) signals,58,65,26,441,248,193,100,73,33,35,0,18,173,251,24,1.311,"2022,2023,2024,2025,2026"
1232,Geelong,Geelong,7,29,Shaun,Mannagh,VIC,88,1,7,1997,187,88,45,46,69,56,67,64,70,51,53,43,59,65,63,66,61,68,66,69,64,49,85,75,85,68,82,54,60,48,10,51,72,59,24,25,29,23,44,21,40,33,49,44,21,46,52,45,26,6,13,12,2,1,5,7,12,8,5,9,5,6,8,13,862000,7,11,1,2024,3,6,2030,36,2023,National Draft,Hybrid Mid Forward,Strong in both midfield (mid_c=4.26) and forward (fwd_c=3.03) signals,62,63,23,421,305,116,84,112,79,31,0,1,148,262,18,-0.023,"2024,2025,2026"
1233,Geelong,Geelong,7,23,Lawson,Humphries,VIC,85,1,7,2003,180,76,57,43,42,59,60,39,39,40,38,53,47,65,65,64,44,47,65,62,45,54,73,60,74,94,70,58,38,36,19,50,37,54,23,15,17,19,36,28,22,15,20,24,24,21,25,27,34,6,15,15,13,14,15,6,5,6,6,7,2,9,8,6,653000,17,16,10,2026,2,1,2030,63,2023,National Draft,Half Back Flanker,"defensive profile: Half Back Flanker:8.49, Intercept Defender:5.38, Key Defender:1.80, Back Pocket:0.21",55,58,25,404,310,94,134,50,8,4,0,6,84,267,46,-1.546,"2024,2025,2026"
1234,Geelong,Geelong,7,33,Tom,Stewart,VIC,92,15,3,1993,184,84,73,49,43,64,49,45,44,38,45,68,47,50,52,62,45,46,55,58,49,39,70,59,67,81,64,59,46,28,14,62,45,56,24,33,27,35,18,36,27,18,18,20,16,16,22,16,18,16,13,14,10,3,6,4,14,9,14,12,1,12,1,8,500000,44,1,5,2025,22,6,2031,40,2016,National Draft,Medium Defender,"defensive profile: Half Back Flanker:8.47, Intercept Defender:7.99, Key Defender:3.96, Back Pocket:-0.08 -> fallback Medium Defender (no standout)",51,51,20,371,296,75,147,29,9,1,0,11,97,213,45,-0.651,"2021,2022,2023,2024,2025,2026"
1235,Geelong,Geelong,7,35,Mark,Blicavs,VIC,81,28,3,1991,206,108,56,64,60,48,42,61,54,47,62,57,61,42,42,63,49,52,64,49,62,86,33,49,94,66,79,57,53,42,33,52,50,56,20,36,31,23,22,17,23,46,34,26,21,29,19,16,29,2,10,8,9,10,10,5,13,10,12,7,7,10,3,13,653000,46,17,2,2026,27,11,2032,31,2023,National Draft,Hybrid Key Forward Ruck,"Ruck minutes (13.6 HO/g) plus forward output (CM/g=0.72, GL/g=0.44)",55,56,25,355,157,198,96,80,75,11,341,18,197,169,84,-0.828,"2021,2022,2023,2024,2025,2026"
1236,Geelong,Geelong,7,33,Jeremy,Cameron,VIC,82,1,4,1993,198,95,72,79,44,52,52,45,46,76,40,71,42,49,48,65,99,50,72,54,48,81,26,60,49,71,74,53,47,47,1,41,45,56,56,62,29,30,25,49,29,31,63,27,29,22,26,31,30,3,3,2,12,14,5,6,9,3,7,4,5,4,7,14,996000,5,28,4,2026,21,11,2029,10,2025,National Draft,Key Forward,"forward profile: Key Forward:18.70, Small Forward:11.13, Pressure Forward:-7.34",68,69,26,352,288,64,152,46,11,88,4,25,114,242,23,-0.05,"2021,2022,2023,2024,2025,2026"
1237,Geelong,Geelong,7,36,Patrick,Dangerfield,VIC,95,5,4,1990,194,92,55,64,58,48,46,61,53,71,64,58,47,47,47,62,65,59,58,56,62,48,80,57,40,74,99,63,50,39,54,45,61,51,26,24,24,23,42,22,40,21,38,51,21,42,47,48,25,16,8,10,8,13,4,8,11,10,4,9,9,9,10,3,738000,35,19,1,2026,20,4,2030,10,2007,National Draft,Hybrid Mid Forward,Strong in both forward (fwd_c=4.52) and midfield (mid_c=1.31) signals,59,60,23,350,180,170,77,57,49,30,3,20,201,151,30,-1.018,"2021,2022,2023,2024,2025,2026"
1238,Geelong,Geelong,7,29,Mark,O'Connor,VIC,81,17,1,1997,194,91,57,46,49,51,49,49,53,41,45,55,50,46,47,64,43,48,64,54,51,49,74,55,61,76,95,56,53,14,19,61,47,61,30,39,44,50,30,42,31,18,19,29,27,24,30,26,19,12,9,12,8,7,15,11,2,15,15,15,7,7,6,13,477000,42,16,8,2023,21,6,2029,40,2024,Rookie Draft,Medium Defender,"defensive profile: Key Defender:1.05, Intercept Defender:0.83, Back Pocket:0.71, Half Back Flanker:0.47 -> fallback Medium Defender (no standout)",50,51,25,346,224,122,126,66,23,1,0,8,110,239,36,-0.432,"2021,2022,2023,2024,2025,2026"
1239,Geelong,Geelong,7,28,Brad,Close,TAS,83,30,7,1998,194,92,45,52,46,50,46,44,38,54,45,46,46,45,44,63,48,48,65,54,49,80,28,54,99,65,54,66,36,53,14,43,31,60,45,49,21,28,23,35,30,23,51,24,18,28,25,28,26,14,10,5,10,7,5,7,7,2,1,11,7,15,4,14,432000,45,8,6,2026,13,3,2029,14,2019,Rookie Draft,Key Forward,"forward profile: Key Forward:2.44, Small Forward:1.19, Pressure Forward:-1.17",46,47,26,327,196,131,72,58,12,19,0,9,112,196,31,-0.704,"2021,2022,2023,2024,2025,2026"
1240,Geelong,Geelong,7,21,Connor,O'Sullivan,VIC,84,1,7,2005,194,91,74,58,46,49,46,47,45,43,49,74,64,46,47,64,43,45,75,57,51,82,33,50,50,99,69,57,43,24,11,44,43,50,35,53,78,70,32,42,32,32,28,29,23,34,38,37,35,5,2,4,11,10,11,6,8,11,2,10,5,11,2,4,653000,14,27,8,2023,20,10,2025,11,2023,National Draft,Key Defender,"defensive profile: Key Defender:8.58, Intercept Defender:7.08, Back Pocket:3.85, Half Back Flanker:-0.50",57,68,25,314,179,135,144,46,1,0,1,26,121,202,127,1.657,"2024,2025,2026"
1241,Geelong,Geelong,7,25,Sam,De Koning,SA,89,26,2,2001,202,100,64,54,42,50,46,46,42,44,53,63,58,46,48,62,47,49,67,52,50,88,25,53,95,89,70,56,42,64,48,59,47,63,32,61,44,27,22,22,28,58,46,33,23,37,36,36,23,7,10,4,11,2,10,5,8,11,6,4,9,12,10,7,524000,16,23,8,2025,8,8,2027,19,2019,National Draft,Hybrid Key Forward Ruck,"Ruck minutes (3.6 HO/g) plus forward output (CM/g=0.70, GL/g=0.13)",53,59,23,309,169,140,115,23,19,3,83,16,128,178,112,0.969,"2021,2022,2023,2024,2025,2026"
1242,Geelong,Geelong,7,28,Jack,Bowes,VIC,79,26,1,1998,180,79,41,45,53,51,53,53,54,43,49,42,48,57,56,59,50,51,52,59,54,51,65,56,66,76,62,53,53,40,33,56,49,50,19,27,21,27,47,35,28,18,20,25,22,28,34,34,44,7,12,10,1,4,14,15,9,13,10,6,15,6,12,9,524000,12,10,9,2024,15,10,2029,10,2016,National Draft,Outside Mid,"midfield profile: Outside Mid:1.19, Inside Mid:0.76",51,52,21,298,187,111,54,59,35,16,0,4,113,183,20,-0.153,"2021,2022,2023,2024,2025,2026"
1243,Geelong,Geelong,7,27,Tyson,Stengle,QLD,76,19,10,1998,169,68,44,55,53,47,46,52,53,54,46,44,48,44,43,61,59,48,65,52,54,14,96,49,73,85,65,53,50,70,5,57,47,53,26,30,26,32,72,41,57,26,44,65,28,42,32,25,24,15,6,5,7,5,15,7,2,15,8,10,16,5,14,2,500000,18,23,2,2025,5,6,2027,6,2016,Rookie Draft,Small Forward,"forward profile: Small Forward:5.53, Key Forward:4.29, Pressure Forward:0.50",49,51,24,297,195,102,73,73,19,34,0,5,120,176,18,-0.412,"2022,2023,2024,2025,2026"
1244,Geelong,Geelong,7,27,Jack,Henry,VIC,73,29,8,1998,198,98,80,62,39,50,41,41,35,42,42,80,51,44,46,57,41,42,65,55,47,73,31,52,75,44,77,59,35,33,28,51,41,58,21,34,43,43,19,30,26,24,23,22,21,26,20,20,23,3,9,3,14,14,12,6,13,4,7,11,5,14,6,11,626000,38,6,11,2026,10,1,2028,16,2016,Rookie Draft,Key Defender,"defensive profile: Key Defender:8.07, Intercept Defender:6.65, Back Pocket:2.30, Half Back Flanker:0.85",54,55,21,258,208,50,136,20,3,0,0,28,99,149,80,-0.45,"2021,2022,2023,2024,2025,2026"
1245,Geelong,Geelong,7,22,Oisin,Mullin,VIC,98,13,1,2004,181,78,43,43,50,41,41,48,53,38,42,43,50,43,43,60,41,41,64,48,50,43,73,47,95,59,98,54,51,40,24,48,45,57,30,27,33,50,25,28,37,17,30,18,29,30,23,31,23,3,9,7,11,4,10,2,1,9,7,15,14,13,2,4,370000,34,6,5,2024,15,7,2027,48,2022,National Draft,Back Pocket,"defensive profile: Back Pocket:1.49, Key Defender:-0.17, Intercept Defender:-2.78, Half Back Flanker:-3.43",44,50,25,246,135,111,75,75,35,2,0,4,94,152,29,-0.055,"2023,2024,2025,2026"
1246,Geelong,Geelong,7,24,Shannon,Neale,NT,89,1,7,2002,205,107,68,83,51,38,41,51,56,54,43,72,51,45,44,59,61,43,68,51,52,75,30,50,72,70,90,52,55,92,37,56,50,57,23,44,36,30,29,29,28,59,38,31,28,33,31,31,24,3,8,10,7,11,4,5,5,5,3,9,8,6,13,8,738000,33,8,7,2023,11,3,2025,33,2020,National Draft,Hybrid Key Forward Ruck,"Ruck minutes (4.3 HO/g) plus forward output (CM/g=1.36, GL/g=1.76)",60,67,25,209,129,80,99,69,8,44,108,34,109,110,36,1.282,"2022,2023,2024,2025,2026"
1247,Geelong,Geelong,7,35,Rhys,Stanley,NSW,88,1,12,1990,202,98,43,64,47,36,36,51,55,42,48,46,51,42,42,52,42,44,53,49,51,74,35,48,85,68,81,56,57,55,31,57,62,67,21,39,36,26,24,25,17,47,27,19,22,21,17,31,18,7,14,6,8,13,4,8,4,3,16,16,11,4,11,7,432000,1,27,4,2023,11,2,2026,47,2008,National Draft,Ruck,Dominant hitouts (24.9/game),46,46,19,186,105,81,39,36,53,6,473,10,111,76,53,-0.943,"2021,2022,2023,2024,2025,2026"
1248,Geelong,Geelong,7,31,Jack,Martin,TAS,94,29,1,1995,194,90,62,54,43,49,53,42,47,47,41,58,41,51,50,49,51,45,38,53,46,82,24,53,67,77,51,51,46,49,58,49,47,55,56,52,22,26,28,40,26,24,57,22,24,21,29,23,28,14,6,3,6,8,15,6,6,2,12,16,1,11,7,4,477000,19,23,10,2026,23,2,2028,1,2019,Pre-Season Draft,Key Forward,"forward profile: Key Forward:3.85, Small Forward:2.35, Pressure Forward:-1.32",49,50,13,170,109,61,78,26,5,12,0,4,44,127,5,-0.428,"2021,2022,2023,2024,2025,2026"
1249,Geelong,Geelong,7,24,Oliver,Henry,VIC,97,29,7,2002,200,99,47,55,42,37,37,41,41,48,38,50,43,41,41,46,49,39,49,49,46,93,25,47,70,82,78,58,38,37,11,42,45,44,68,72,31,32,32,47,24,24,55,29,29,22,24,25,24,12,10,3,9,1,1,14,7,11,10,4,7,2,3,11,332000,36,19,8,2026,17,12,2028,17,2020,National Draft,Key Forward,"forward profile: Key Forward:3.92, Small Forward:1.81, Pressure Forward:-1.81",42,47,15,117,80,37,36,27,5,14,0,9,54,61,15,0.221,"2021,2022,2023,2024,2025,2026"
1250,Geelong,Geelong,7,35,Mitch,Duncan,VIC,95,10,6,1991,185,83,47,39,37,49,47,36,37,38,38,44,37,45,46,43,42,43,27,51,42,57,81,53,60,64,99,56,37,36,30,46,43,56,27,24,22,27,44,38,22,28,21,22,20,27,23,34,50,18,18,12,7,16,11,15,13,2,4,6,12,16,6,2,296000,22,5,1,2025,13,4,2028,28,2009,National Draft,Half Back Flanker,"defensive profile: Half Back Flanker:0.31, Back Pocket:-0.86, Key Defender:-1.40, Intercept Defender:-1.59",38,39,9,116,76,40,38,13,6,1,0,0,26,80,4,-1.43,"2021,2022,2023,2024,2025"
1251,Geelong,Geelong,7,22,Jhye,Clark,VIC,94,1,7,2004,186,84,33,40,43,41,39,41,37,35,41,34,43,43,44,41,41,41,28,51,47,47,88,48,74,83,80,55,34,11,46,43,41,46,24,31,45,56,25,27,37,29,32,29,20,32,23,25,24,6,8,6,9,14,9,6,3,3,9,9,8,6,14,14,231000,13,16,1,2024,22,1,2028,8,2022,National Draft,Back Pocket,"defensive profile: Back Pocket:0.78, Key Defender:-0.70, Half Back Flanker:-2.67, Intercept Defender:-2.70",36,42,10,91,56,35,15,18,14,1,0,0,39,54,10,-0.409,"2024,2025,2026"
1252,Geelong,Geelong,7,23,Mitch,Knevitt,TAS,87,1,7,2003,186,86,46,50,59,44,45,54,49,44,52,49,51,47,47,40,43,49,28,56,58,47,78,50,88,88,63,55,41,74,62,60,45,52,31,30,28,29,41,38,62,23,24,29,58,60,65,62,39,5,2,1,13,7,11,3,9,11,9,10,10,2,12,11,432000,10,13,3,2023,13,4,2025,25,2021,National Draft,Inside Mid,"midfield profile: Inside Mid:2.99, Outside Mid:-4.30",48,52,7,81,37,44,17,26,14,1,0,4,39,44,4,0.402,"2022,2023,2024,2025,2026"
1253,Geelong,Geelong,7,21,Ted,Clohesy,SA,98,23,2,2005,181,81,39,46,47,37,37,44,45,38,38,42,44,42,42,39,41,39,19,52,49,11,84,42,77,68,65,56,42,76,71,58,45,56,30,22,26,29,35,25,57,24,28,38,40,38,25,41,29,1,5,13,5,14,9,5,10,12,3,15,2,14,10,2,231000,40,17,8,2026,4,8,2028,53,2023,Academy,Pressure Forward,"forward profile: Pressure Forward:1.32, Small Forward:-0.21, Key Forward:-1.73",37,47,9,71,48,23,16,22,12,2,0,3,34,39,4,,
1254,Geelong,Geelong,7,32,Jed,Bews,NSW,76,14,12,1993,185,81,58,39,44,53,49,45,44,38,45,52,46,49,52,39,42,50,45,60,49,58,84,57,64,54,98,50,45,45,26,52,40,55,28,31,43,43,21,44,27,24,23,28,25,24,32,32,26,1,1,13,9,9,6,13,11,13,2,8,10,8,10,3,390000,24,25,7,2025,4,6,2030,86,2011,National Draft,Medium Defender,"defensive profile: Half Back Flanker:3.65, Intercept Defender:3.24, Key Defender:1.17, Back Pocket:0.65 -> fallback Medium Defender (no standout)",45,46,4,56,38,18,24,7,5,0,0,0,18,39,7,0.014,"2021,2022,2023,2024,2025,2026"
1255,Geelong,Geelong,7,21,George,Stevens,NT,88,1,7,2005,187,84,35,43,49,57,52,53,36,67,58,36,36,55,52,37,61,57,25,58,58,49,71,58,62,54,93,79,40,63,39,55,19,46,30,20,26,28,41,29,51,28,40,55,23,42,45,45,25,3,5,5,10,12,13,14,10,11,9,10,10,11,3,10,524000,15,18,5,2024,1,9,2026,58,2023,National Draft,Hybrid Mid Forward,Strong in both midfield (mid_c=3.00) and forward (fwd_c=0.89) signals,51,54,2,28,16,12,4,3,9,1,0,0,15,14,0,,
1256,Geelong,Geelong,7,20,Oliver,Wiltshire,VIC,72,6,5,2006,180,83,35,43,35,41,40,31,30,33,28,36,36,42,41,29,44,37,19,53,40,21,90,43,75,95,60,67,31,15,38,62,19,55,21,25,29,21,62,43,50,29,47,56,25,35,30,29,23,7,10,7,13,4,11,4,6,1,6,9,7,15,7,14,150000,21,26,10,2025,25,4,2027,54,2024,Rookie Draft,Small Forward,"forward profile: Small Forward:1.33, Key Forward:-0.55, Pressure Forward:-1.26",31,44,2,13,10,3,4,3,1,1,0,0,3,10,0,,
1257,Gold Coast,Gold Coast,8,25,Noah,Anderson,WA,78,17,2,2001,185,87,47,41,72,79,85,78,63,82,95,44,54,77,76,82,84,92,70,76,77,42,75,79,58,62,93,55,55,81,9,64,77,57,21,28,20,20,35,24,48,19,24,20,60,50,48,59,41,7,3,14,9,13,7,2,5,3,12,13,2,6,11,8,1650000,15,12,12,2025,5,5,2029,2,2019,National Draft,Inside Mid,"midfield profile: Inside Mid:19.23, Outside Mid:10.22",84,91,25,752,369,383,93,76,174,12,0,1,315,447,41,0.742,"2021,2022,2023,2024,2025,2026"
1258,Gold Coast,Gold Coast,8,25,Matt,Rowell,VIC,80,1,7,2001,178,78,35,42,99,66,71,99,99,99,98,36,82,67,66,79,97,90,68,75,99,58,77,77,47,76,83,61,96,71,15,44,96,51,28,40,32,39,41,38,71,37,37,33,80,75,74,72,50,11,11,11,2,7,10,3,3,7,1,8,10,11,7,5,2103000,18,9,6,2026,10,2,2032,1,2019,National Draft,Inside Mid,"midfield profile: Inside Mid:29.31, Outside Mid:2.05",94,99,25,657,308,349,41,214,205,10,0,1,345,313,27,1.49,"2021,2022,2023,2024,2025,2026"
1259,Gold Coast,Gold Coast,8,29,John,Noble,NT,90,25,3,1997,183,82,53,41,47,73,79,48,56,45,51,49,49,80,79,77,54,60,67,70,49,42,80,74,62,48,91,51,51,52,1,62,75,59,27,32,27,20,52,46,31,22,28,33,33,25,30,38,50,14,9,6,8,11,11,9,5,14,5,1,9,6,1,9,1032000,2,15,12,2025,14,2,2029,24,2023,National Draft,Half Back Flanker,"defensive profile: Half Back Flanker:14.80, Intercept Defender:8.95, Key Defender:1.57, Back Pocket:-1.72",68,71,25,632,436,196,121,56,25,3,0,2,114,401,45,0.519,"2021,2022,2023,2024,2025,2026"
1260,Gold Coast,Gold Coast,8,30,Touk,Miller,WA,79,22,2,1996,190,91,42,46,75,71,68,73,59,55,82,42,58,59,59,72,64,81,62,69,74,48,68,71,71,59,96,63,52,66,25,57,53,68,18,27,26,25,36,28,39,16,36,37,21,36,42,44,20,17,11,11,16,7,6,7,10,16,13,17,6,6,8,7,1105000,11,18,6,2025,19,3,2027,29,2014,National Draft,Hybrid Mid Forward,Strong in both midfield (mid_c=6.49) and forward (fwd_c=1.35) signals,69,69,23,569,255,314,68,104,109,16,0,4,240,334,30,-0.918,"2021,2022,2023,2024,2025,2026"
1261,Gold Coast,Gold Coast,8,20,Joel,Jeffrey,TAS,75,29,6,2006,188,87,63,47,47,64,66,47,51,42,47,60,54,69,71,71,48,57,63,73,50,43,71,68,60,97,65,53,49,73,22,49,49,51,39,32,36,39,68,44,33,27,33,39,37,28,32,43,70,6,6,2,10,8,7,8,7,8,2,11,2,10,7,12,799000,40,28,5,2024,25,2,2027,45,2024,Rookie Draft,Half Back Flanker,"defensive profile: Half Back Flanker:10.21, Intercept Defender:8.87, Key Defender:3.70, Back Pocket:0.55",63,75,25,471,323,148,140,55,12,5,0,10,103,330,69,1.535,"2021,2022,2023,2024,2025,2026"
1262,Gold Coast,Gold Coast,8,25,Sam,Flanders,QLD,82,24,7,2001,179,80,44,42,50,61,60,51,45,48,62,43,43,50,50,69,55,61,63,60,55,49,75,59,84,92,82,57,41,46,39,59,47,63,34,30,35,25,34,46,72,35,38,40,71,71,75,69,54,10,11,11,7,5,9,1,6,7,11,8,11,6,6,7,574000,3,22,4,2024,27,1,2027,11,2019,National Draft,Inside Mid,"midfield profile: Inside Mid:2.64, Outside Mid:2.63",54,62,23,430,192,238,79,48,57,12,0,0,138,292,9,1.523,"2021,2022,2023,2024,2025,2026"
1263,Gold Coast,Gold Coast,8,26,Wil,Powell,ACT,96,26,8,1999,186,83,58,47,54,53,59,53,57,37,51,56,59,64,65,66,44,53,69,66,54,42,69,58,77,82,98,52,55,68,11,51,57,70,25,33,44,32,24,39,20,25,22,24,30,28,23,20,22,15,4,9,1,15,9,8,11,5,5,5,4,4,13,2,709000,27,25,8,2023,15,6,2028,19,2017,National Draft,Medium Defender,"defensive profile: Intercept Defender:6.16, Half Back Flanker:5.79, Key Defender:4.11, Back Pocket:1.96 -> fallback Medium Defender (no standout)",59,60,25,405,236,169,120,76,16,1,0,11,127,260,72,-0.2,"2021,2022,2023,2024,2025,2026"
1264,Gold Coast,Gold Coast,8,23,Bodhi,Uwland,VIC,81,1,7,2003,187,82,63,48,45,56,55,47,49,40,50,60,62,56,58,68,45,49,71,65,50,56,91,57,56,83,88,60,48,54,7,57,53,60,36,78,87,40,45,72,40,32,35,35,29,42,30,27,63,2,9,9,9,7,5,11,10,11,5,5,6,6,6,4,548000,32,7,11,2023,17,3,2026,26,2021,Rookie Draft,Intercept Defender,"defensive profile: Intercept Defender:8.97, Key Defender:6.34, Half Back Flanker:5.17, Back Pocket:2.72",56,67,25,400,244,156,134,44,12,1,0,11,116,258,116,2.237,"2023,2024,2025,2026"
1265,Gold Coast,Gold Coast,8,28,Brayden,Fiorini,QLD,72,22,8,1997,179,77,46,43,65,66,62,59,54,42,62,44,59,50,51,63,52,63,61,61,62,58,82,63,61,67,66,62,46,47,27,57,46,44,22,30,29,23,66,56,28,30,23,21,28,40,37,39,63,6,3,5,8,1,3,12,11,5,12,14,7,15,11,12,709000,8,24,10,2025,6,7,2030,20,2015,National Draft,Outside Mid,"midfield profile: Outside Mid:5.66, Inside Mid:3.84",57,58,18,377,197,180,64,76,35,8,0,2,115,263,28,-0.5,"2021,2022,2023,2024,2025,2026"
1266,Gold Coast,Gold Coast,8,29,Daniel,Rioli,QLD,79,16,4,1997,183,79,44,40,49,60,78,48,48,38,53,42,48,86,81,63,49,56,61,61,52,47,83,60,82,73,92,55,45,31,18,57,50,63,32,28,32,26,49,38,34,32,25,22,30,33,24,46,55,13,10,6,4,7,10,8,6,9,5,14,3,13,14,11,894000,17,8,3,2026,28,2,2031,15,2015,National Draft,Half Back Flanker,"defensive profile: Half Back Flanker:9.61, Intercept Defender:2.74, Key Defender:-0.66, Back Pocket:-1.17",62,64,20,372,207,165,70,49,19,8,0,0,98,258,25,0.295,"2021,2022,2023,2024,2025,2026"
1267,Gold Coast,Gold Coast,8,21,Bailey,Humphrey,QLD,99,11,9,2004,190,89,54,65,70,49,49,71,69,59,66,59,56,50,50,64,57,64,64,61,69,44,73,61,71,74,79,46,63,50,37,60,65,64,27,24,29,22,37,23,45,26,37,47,23,49,43,46,18,13,10,2,8,13,2,1,1,11,13,11,6,8,6,4,738000,19,28,12,2024,22,8,2027,6,2022,National Draft,Hybrid Mid Forward,Strong in both forward (fwd_c=3.89) and midfield (mid_c=2.34) signals,62,67,23,354,188,166,65,94,59,25,0,22,201,159,24,0.536,"2023,2024,2025,2026"
1268,Gold Coast,Gold Coast,8,22,Mac,Andrew,WA,84,4,12,2003,191,91,66,53,39,50,48,42,47,39,45,65,71,48,50,64,45,44,74,64,45,41,77,52,60,72,80,58,48,58,13,62,54,58,23,52,59,23,24,54,25,31,31,25,29,33,32,34,37,3,7,12,1,3,11,9,2,8,3,7,4,3,3,12,477000,1,11,2,2023,4,6,2029,5,2021,National Draft,Intercept Defender,"defensive profile: Intercept Defender:12.63, Key Defender:10.54, Back Pocket:5.26, Half Back Flanker:2.95",53,62,24,333,210,123,129,26,5,3,10,17,92,222,184,1.112,"2022,2023,2024,2025,2026"
1269,Gold Coast,Gold Coast,8,28,Ben,Ainsworth,QLD,87,10,2,1998,175,75,47,48,41,50,53,40,40,48,44,46,39,48,47,62,52,51,62,58,46,14,80,50,59,79,99,50,39,52,23,54,40,52,18,26,24,18,56,36,36,28,37,48,28,38,26,20,24,7,8,9,8,12,13,16,15,15,9,15,6,7,8,5,411000,9,5,2,2024,3,1,2028,4,2016,National Draft,Small Forward,"forward profile: Small Forward:2.62, Key Forward:2.02, Pressure Forward:-2.21",46,48,24,322,175,147,85,39,12,23,0,4,85,237,12,-0.426,"2021,2022,2023,2024,2025,2026"
1270,Gold Coast,Gold Coast,8,33,Jarrod,Witts,QLD,93,13,9,1992,211,113,45,76,66,44,38,68,60,49,68,50,65,44,44,61,47,53,68,50,67,90,36,48,90,58,92,76,57,30,30,58,54,62,28,50,46,23,26,34,33,72,35,31,32,24,27,35,25,8,12,11,6,9,3,12,8,13,8,15,3,7,2,5,709000,28,11,6,2024,2,8,2030,67,2011,National Draft,Ruck,Dominant hitouts (43.3/game),58,60,24,306,119,187,38,82,104,4,1040,19,219,109,93,0.194,"2021,2022,2023,2024,2025,2026"
1271,Gold Coast,Gold Coast,8,30,Lachie,Weller,QLD,83,23,2,1996,181,82,38,40,46,51,57,46,42,44,52,38,41,56,55,57,44,54,56,60,50,51,72,56,57,77,89,53,40,26,32,63,49,55,16,17,20,23,45,39,22,26,15,19,24,27,22,30,36,11,11,11,2,1,9,12,10,6,2,2,6,14,14,12,500000,14,13,5,2026,26,7,2029,13,2014,National Draft,Outside Mid,"midfield profile: Outside Mid:2.27, Inside Mid:-0.22",49,50,19,292,146,146,46,38,29,3,0,1,98,198,11,-0.923,"2021,2022,2023,2024,2025,2026"
1272,Gold Coast,Gold Coast,8,28,Ben,Long,VIC,97,21,8,1997,192,87,64,72,45,41,45,47,53,52,42,65,46,46,45,59,61,47,67,53,49,80,25,56,62,86,74,49,52,51,28,46,58,68,53,50,32,23,23,40,18,27,46,20,18,20,21,27,29,7,10,10,2,9,7,2,3,5,13,4,11,8,8,14,681000,22,7,1,2023,4,10,2028,25,2016,National Draft,Key Forward,"forward profile: Key Forward:12.52, Small Forward:5.06, Pressure Forward:-3.60",57,58,24,259,192,67,109,46,9,45,0,22,110,151,39,0.151,"2021,2022,2023,2024,2025,2026"
1273,Gold Coast,Gold Coast,8,32,Sam,Collins,QLD,81,15,6,1994,195,93,70,58,47,47,38,49,43,45,48,71,67,41,43,58,43,42,73,56,53,81,34,47,64,74,71,61,43,31,8,48,41,62,24,33,55,43,28,22,17,19,20,26,27,18,22,18,20,9,2,6,4,5,8,4,2,6,10,15,14,13,15,2,653000,25,22,9,2024,1,12,2030,55,2015,National Draft,Key Defender,"defensive profile: Key Defender:10.28, Intercept Defender:8.22, Back Pocket:5.07, Half Back Flanker:-1.61",54,55,22,252,161,91,111,40,2,0,0,25,125,133,136,-0.111,"2021,2022,2023,2024,2025,2026"
1274,Gold Coast,Gold Coast,8,25,Connor,Budarick,QLD,80,1,7,2001,174,75,45,46,47,42,47,46,52,40,44,45,46,45,45,54,44,45,54,52,48,21,90,45,81,71,68,50,50,30,19,55,56,58,19,26,24,29,33,24,50,27,21,31,47,35,28,42,30,4,9,10,14,6,13,13,6,13,10,2,15,5,5,11,370000,35,2,12,2023,17,1,2029,16,2019,Rookie Draft,Pressure Forward,"forward profile: Pressure Forward:1.44, Small Forward:0.33, Key Forward:-1.47",43,46,19,222,120,102,58,48,4,6,0,5,70,149,15,-0.691,"2021,2022,2023,2024,2025,2026"
1275,Gold Coast,Gold Coast,8,23,Sam,Clohesy,QLD,79,1,7,2003,180,77,46,44,48,55,54,46,41,39,49,44,44,52,52,51,45,54,53,62,51,44,64,59,30,63,81,58,39,27,14,66,39,51,21,26,14,23,35,33,20,26,22,19,23,25,29,25,34,14,11,2,12,7,4,11,3,6,10,8,8,14,12,13,500000,33,26,7,2025,12,9,2029,4,2023,Rookie Draft,Outside Mid,"midfield profile: Outside Mid:2.36, Inside Mid:-1.75",48,50,14,214,125,89,51,34,13,4,0,2,68,146,11,-0.856,"2024,2025,2026"
1276,Gold Coast,Gold Coast,8,26,Ben,King,VIC,84,7,7,2000,196,91,62,81,36,40,33,39,32,57,40,68,37,38,37,57,76,37,67,45,46,85,37,45,87,61,73,68,36,71,16,61,29,51,53,64,26,34,24,38,22,29,61,33,25,30,22,24,30,14,11,15,5,13,11,12,11,4,9,7,12,1,7,4,599000,34,20,5,2023,12,10,2027,6,2018,National Draft,Key Forward,"forward profile: Key Forward:18.65, Small Forward:7.22, Pressure Forward:-9.54",55,57,25,183,129,54,81,16,1,71,0,33,113,75,30,0.16,"2021,2023,2024,2025,2026"
1277,Gold Coast,Gold Coast,8,21,Ethan,Read,WA,97,1,7,2005,205,107,50,64,40,36,36,43,49,40,38,53,44,39,39,53,48,38,52,47,45,88,34,47,45,99,87,52,53,59,20,52,48,59,29,67,42,36,26,37,37,74,49,29,32,26,32,33,31,7,7,4,1,7,3,4,7,11,7,12,9,1,6,3,370000,20,10,11,2024,23,12,2028,9,2023,National Draft,Hybrid Key Forward Ruck,"Ruck minutes (4.1 HO/g) plus forward output (CM/g=0.71, GL/g=0.90)",44,53,21,159,110,49,56,30,12,19,87,15,79,82,34,0.551,"2024,2025,2026"
1278,Gold Coast,Gold Coast,8,24,Alex,Davies,QLD,73,18,3,2002,182,85,30,41,81,49,48,80,81,38,76,32,66,48,48,47,46,61,43,56,75,47,76,53,61,75,85,42,74,1,3,53,68,54,25,34,34,24,38,31,67,31,28,30,69,61,70,70,52,6,6,8,10,4,11,14,12,9,10,10,13,14,13,11,830000,5,16,7,2026,22,9,2029,21,2024,Rookie Draft,Inside Mid,"midfield profile: Inside Mid:14.22, Outside Mid:-4.55",64,71,8,136,48,88,8,44,35,2,0,0,75,66,11,0.645,"2021,2022,2023,2024,2025,2026"
1279,Gold Coast,Gold Coast,8,31,Nick,Holman,QLD,95,29,5,1995,183,86,32,42,52,37,35,48,54,42,43,35,50,38,38,47,42,37,43,46,51,19,74,35,75,73,74,49,53,42,62,47,41,58,18,25,18,17,38,19,50,25,24,26,39,37,24,37,21,1,9,11,16,12,8,17,3,9,10,9,7,11,11,10,296000,7,26,6,2026,10,3,2032,51,2013,National Draft,Pressure Forward,"forward profile: Pressure Forward:3.26, Small Forward:1.33, Key Forward:-2.84",41,41,16,135,52,83,16,54,15,6,0,3,61,75,16,-1.028,"2021,2022,2023,2024,2025,2026"
1280,Gold Coast,Gold Coast,8,21,Jed,Walter,WA,76,1,7,2005,197,94,50,60,42,35,35,44,44,41,42,54,47,42,41,46,51,39,50,47,47,86,42,45,73,70,53,61,46,96,34,43,45,54,74,69,28,29,24,54,24,37,69,36,31,34,24,28,29,4,8,2,2,9,7,14,5,10,1,7,12,9,11,4,370000,4,16,12,2023,10,10,2026,3,2023,National Draft,Key Forward,"forward profile: Key Forward:5.98, Small Forward:1.83, Pressure Forward:-3.18",44,55,16,114,63,51,39,24,0,18,4,13,70,47,37,0.435,"2024,2025,2026"
1281,Gold Coast,Gold Coast,8,21,Will,Graham,ACT,83,1,7,2005,187,86,36,44,59,41,42,55,59,43,46,36,52,45,44,39,53,46,48,53,57,34,70,50,71,90,65,56,57,74,21,52,47,72,17,14,15,17,22,23,23,13,21,36,13,28,27,24,23,8,10,6,7,9,18,14,17,16,18,11,20,12,8,14,370000,26,13,7,2025,18,12,2029,26,2023,National Draft,Hybrid Mid Forward,Strong in both forward (fwd_c=1.98) and midfield (mid_c=0.63) signals,44,47,8,84,46,38,17,32,9,10,0,0,41,46,5,-0.924,"2024,2025,2026"
1282,Gold Coast,Gold Coast,8,29,Jy,Farrar,VIC,80,1,7,1997,200,97,59,68,47,44,40,44,45,48,39,61,50,39,38,39,53,39,44,46,49,86,37,47,84,75,68,59,44,76,37,48,30,54,61,64,25,33,25,41,27,31,54,20,27,22,25,20,31,13,5,4,13,9,6,14,2,2,3,13,6,7,6,8,454000,50,23,7,2023,7,5,2027,60,2019,National Draft,Key Forward,"forward profile: Key Forward:8.89, Small Forward:2.36, Pressure Forward:-1.63",49,50,8,75,46,29,31,22,2,10,0,7,26,48,11,-0.027,"2021,2022,2023,2024,2026"
1283,Gold Coast,Gold Coast,8,21,Jake,Rogers,QLD,94,1,7,2005,171,73,30,41,35,38,39,36,36,43,37,32,35,42,41,38,43,38,27,49,42,14,70,39,66,79,91,50,39,33,58,59,32,66,27,31,22,28,44,28,41,30,40,52,24,33,21,17,28,4,10,13,7,15,3,6,15,9,6,14,6,12,4,14,175000,29,20,4,2023,12,7,2028,14,2023,National Draft,Small Forward,"forward profile: Small Forward:0.99, Key Forward:-1.49, Pressure Forward:-1.90",33,36,9,65,36,29,10,9,2,4,0,0,27,42,2,0.026,"2024,2025,2026"
1284,Gold Coast,Gold Coast,8,33,David,Swallow,QLD,78,19,11,1992,173,72,33,43,43,37,34,40,39,37,38,35,43,39,39,37,40,34,23,46,46,12,82,35,99,84,55,53,41,17,42,41,26,43,26,22,17,26,39,17,54,26,23,26,44,39,21,45,26,4,12,6,7,13,1,15,18,11,1,10,9,15,18,11,188000,24,7,8,2025,26,2,2027,1,2010,National Draft,Pressure Forward,"forward profile: Pressure Forward:0.74, Small Forward:0.17, Key Forward:-1.94",32,34,9,61,27,34,13,20,7,2,0,1,29,29,6,-1.857,"2021,2022,2023,2024,2025"
1285,Gold Coast,Gold Coast,8,23,Oscar,Adams,WA,82,1,7,2003,191,85,45,48,34,33,35,36,43,37,35,47,55,39,40,36,38,32,47,50,40,76,35,41,78,62,89,47,44,74,7,61,49,66,23,36,50,49,17,22,17,30,22,22,29,31,17,21,18,8,2,10,6,4,4,2,14,8,15,3,15,1,8,8,262000,48,9,10,2026,1,8,2032,51,2021,National Draft,Key Defender,"defensive profile: Key Defender:5.82, Back Pocket:4.09, Intercept Defender:2.83, Half Back Flanker:-3.99",36,39,8,54,32,22,19,8,0,0,0,4,21,37,36,,
1286,Gold Coast,Gold Coast,8,25,Malcolm,Rosas,VIC,84,1,7,2001,174,73,31,41,35,38,39,34,32,50,31,33,40,45,43,31,41,35,19,49,41,17,86,40,69,95,59,56,35,58,59,49,24,53,36,22,26,27,62,43,50,34,43,68,26,48,33,33,33,8,10,11,4,10,7,6,14,13,11,13,7,7,4,1,175000,41,10,8,2024,2,11,2028,37,2019,Rookie Draft,Small Forward,"forward profile: Small Forward:0.23, Pressure Forward:-1.15, Key Forward:-1.84",33,37,4,23,17,6,5,5,0,1,0,0,9,16,4,0.424,"2021,2022,2023,2024,2025,2026"
1287,Gold Coast,Gold Coast,8,32,Alex,Sexton,NT,93,3,12,1993,187,86,33,39,28,36,36,27,24,43,27,34,31,43,41,30,37,31,13,49,37,46,78,42,76,97,81,53,28,37,60,56,11,54,38,26,24,27,28,46,28,21,46,42,23,33,22,25,25,4,12,8,7,10,13,6,14,5,1,10,5,8,8,10,140000,6,20,5,2026,8,10,2032,88,2011,National Draft,Medium Forward,"forward profile: Small Forward:-1.32, Pressure Forward:-2.45, Key Forward:-2.48 -> fallback Medium Forward (no standout)",28,30,5,20,13,7,8,3,0,0,0,0,6,15,0,0.27,"2021,2022,2023,2024,2025"
1288,Gold Coast,Gold Coast,8,20,Leo,Lombard,QLD,97,1,7,2006,188,86,30,41,36,33,33,33,39,38,28,32,38,37,37,30,40,29,23,46,40,52,82,39,49,66,82,49,41,38,64,57,32,55,50,21,25,26,31,38,28,29,48,38,25,24,27,19,26,9,5,13,8,8,12,10,9,10,2,2,14,12,2,12,140000,30,24,11,2025,1,12,2029,9,2024,National Draft,Medium Forward,"forward profile: Small Forward:0.75, Pressure Forward:0.43, Key Forward:-2.01 -> fallback Medium Forward (no standout)",28,35,4,19,11,8,4,7,4,1,0,0,5,14,0,,
1289,Gold Coast,Gold Coast,8,25,Ned,Moyle,QLD,74,1,7,2001,202,101,51,73,44,38,33,41,34,47,40,57,50,41,41,30,42,37,31,48,50,82,31,43,79,99,82,73,33,38,40,46,17,46,33,48,46,33,33,30,24,75,40,36,27,35,25,52,24,8,8,2,3,2,3,11,2,5,4,6,6,7,2,8,313000,21,20,12,2025,13,5,2027,5,2020,Mid-Season Draft,Ruck,Dominant hitouts (21.0/game),42,50,3,16,7,9,6,6,1,1,63,3,11,6,6,1.718,"2023,2024,2025,2026"
1290,Gold Coast,Gold Coast,8,24,Ben,Jepson,NSW,84,10,10,2001,177,74,35,39,33,40,63,38,60,33,33,36,34,66,63,34,41,48,40,56,38,49,69,59,64,77,82,46,64,67,14,52,78,61,21,19,23,17,34,34,27,28,16,17,21,29,17,29,42,6,5,11,12,4,10,11,5,2,2,1,8,11,6,12,432000,44,22,9,2025,24,11,2029,59,2021,Rookie Draft,Half Back Flanker,"defensive profile: Half Back Flanker:2.13, Back Pocket:-1.22, Key Defender:-1.66, Intercept Defender:-2.29",42,46,1,12,9,3,2,1,0,0,0,0,2,10,0,,
1291,Gold Coast,Gold Coast,8,31,Sean,Lemmens,QLD,92,2,11,1994,190,88,30,39,44,40,42,45,48,33,46,32,44,46,48,32,40,44,30,55,48,44,71,47,65,78,76,39,50,38,16,45,45,60,24,26,34,52,17,30,33,19,24,25,31,21,27,18,30,5,3,12,12,6,2,13,14,6,2,5,10,6,15,10,262000,23,21,9,2024,9,12,2026,27,2013,National Draft,Back Pocket,"defensive profile: Back Pocket:0.95, Key Defender:-0.12, Intercept Defender:-1.94, Half Back Flanker:-2.07",38,38,1,10,4,6,1,2,0,0,0,0,4,6,1,-0.383,"2021,2022,2023,2024,2025"
1292,Gold Coast,Gold Coast,8,22,Lachlan,Gulbin,QLD,76,24,3,2004,184,86,47,39,62,36,44,57,79,33,37,44,56,46,45,31,40,45,36,58,54,44,75,54,66,87,90,29,77,44,45,49,61,62,22,29,21,27,30,24,49,22,28,26,48,49,49,51,29,10,14,4,10,9,13,11,8,6,12,7,5,10,10,14,370000,39,12,9,2023,27,12,2029,50,2022,National Draft,Inside Mid,"midfield profile: Inside Mid:-2.08, Outside Mid:-2.55",46,53,1,9,6,3,4,5,0,0,0,0,3,6,0,,
1293,Gold Coast,Gold Coast,8,27,Charlie,Ballard,NSW,95,23,7,1999,197,98,56,56,30,42,35,28,26,40,26,60,43,37,37,27,38,28,16,44,38,96,43,41,73,65,84,50,29,78,44,47,11,58,33,45,60,64,27,31,31,34,25,30,24,28,27,29,23,6,15,7,9,7,14,9,5,9,4,7,9,3,16,2,216000,10,12,2,2025,28,9,2027,42,2017,National Draft,Key Defender,"defensive profile: Key Defender:4.22, Back Pocket:2.00, Intercept Defender:-0.67, Half Back Flanker:-4.86",35,37,1,6,5,1,3,1,0,0,0,1,1,5,2,-0.357,"2021,2022,2023,2024,2025"
1294,Greater Western Sydney,Greater Western Sydney,9,25,Tom,Green,NSW,78,23,1,2001,178,77,43,42,84,75,67,91,69,76,99,42,55,61,62,79,81,92,67,72,88,51,78,74,80,55,69,50,58,40,12,57,89,58,28,32,26,19,38,26,45,34,32,26,59,56,54,51,48,12,11,7,4,11,7,4,9,2,11,2,10,3,6,2,1745000,12,16,12,2025,26,7,2028,10,2019,National Draft,Inside Mid,"midfield profile: Inside Mid:26.64, Outside Mid:2.05",86,92,23,684,306,378,69,84,195,13,1,1,359,327,26,0.974,"2021,2022,2023,2024,2025,2026"
1295,Greater Western Sydney,Greater Western Sydney,9,25,Lachie,Ash,VIC,88,21,6,2001,178,79,64,46,48,82,97,49,50,50,57,60,49,99,99,78,59,64,67,75,51,45,70,76,61,70,77,52,46,86,23,61,61,55,30,34,27,20,55,47,19,30,28,32,26,25,21,36,46,12,10,5,4,11,3,2,1,10,9,12,6,12,6,11,1469000,7,12,10,2024,13,10,2029,4,2019,National Draft,Half Back Flanker,"defensive profile: Half Back Flanker:21.37, Intercept Defender:12.01, Key Defender:2.85, Back Pocket:-2.17",79,85,24,669,443,226,149,49,29,1,0,7,123,425,42,1.068,"2021,2022,2023,2024,2025,2026"
1296,Greater Western Sydney,Greater Western Sydney,9,32,Lachie,Whitfield,SA,96,18,7,1994,180,80,67,42,52,84,73,52,54,39,58,60,47,65,68,78,52,63,64,68,53,57,74,75,81,78,80,51,49,64,35,43,61,65,30,26,29,31,50,42,23,31,33,26,35,28,33,38,54,11,6,9,8,13,5,4,8,13,3,11,9,11,4,7,894000,6,18,11,2024,23,4,2029,1,2012,National Draft,Half Back Flanker,"defensive profile: Half Back Flanker:15.30, Intercept Defender:9.94, Key Defender:1.31, Back Pocket:-2.68",68,71,23,659,440,219,163,58,18,0,0,3,121,413,25,0.699,"2021,2022,2023,2024,2025,2026"
1297,Greater Western Sydney,Greater Western Sydney,9,23,Finn,Callaghan,VIC,91,26,4,2003,184,81,50,45,75,76,99,74,75,84,79,49,60,99,98,76,82,89,65,81,72,58,77,82,65,92,99,47,62,74,19,45,82,54,27,27,31,29,67,56,33,27,37,30,26,40,47,47,72,11,7,8,9,5,2,8,2,5,5,10,2,3,11,2,1945000,17,8,11,2026,16,12,2028,3,2021,National Draft,Outside Mid,"midfield profile: Outside Mid:18.21, Inside Mid:12.82",89,99,21,596,313,283,78,98,102,6,0,5,184,414,20,2.264,"2022,2023,2024,2025,2026"
1298,Greater Western Sydney,Greater Western Sydney,9,30,Harry,Himmelberg,NSW,84,8,5,1996,187,82,74,52,45,61,61,46,46,43,50,70,63,63,64,67,46,51,70,65,50,45,79,58,63,65,81,55,45,12,17,61,51,54,30,50,50,23,26,44,19,20,20,25,19,29,30,31,34,12,2,12,9,10,7,2,2,5,4,10,5,13,11,5,681000,27,11,7,2025,3,1,2029,16,2015,National Draft,Intercept Defender,"defensive profile: Intercept Defender:11.58, Half Back Flanker:8.41, Key Defender:7.44, Back Pocket:2.57",60,62,24,443,281,162,170,44,13,3,4,16,117,292,124,0.247,"2021,2022,2023,2024,2025,2026"
1299,Greater Western Sydney,Greater Western Sydney,9,26,Connor,Idun,NSW,73,29,7,2000,190,85,71,49,44,62,62,46,42,38,55,66,58,61,62,68,45,51,71,62,51,42,67,54,63,55,58,50,42,56,25,53,40,62,28,43,45,22,27,46,31,31,18,19,19,24,19,31,36,13,5,12,6,10,10,4,10,12,13,12,4,9,4,11,599000,39,8,12,2024,15,12,2026,61,2018,National Draft,Intercept Defender,"defensive profile: Intercept Defender:10.14, Half Back Flanker:7.93, Key Defender:6.44, Back Pocket:1.86",58,62,24,437,239,198,162,34,11,0,0,12,124,309,105,0.877,"2021,2022,2023,2024,2025,2026"
1300,Greater Western Sydney,Greater Western Sydney,9,32,Toby,Greene,SA,75,25,9,1993,186,83,56,58,59,49,55,61,68,66,53,55,49,52,51,63,79,62,68,62,59,54,77,67,32,84,93,54,63,33,2,54,81,70,21,23,19,25,29,22,40,17,35,41,26,36,38,31,24,6,11,7,6,4,2,3,1,4,5,7,11,3,6,6,830000,4,17,9,2023,26,11,2026,11,2011,National Draft,Hybrid Mid Forward,Strong in both forward (fwd_c=5.25) and midfield (mid_c=2.28) signals,63,64,22,362,254,108,101,71,50,41,0,9,148,219,14,-0.463,"2021,2022,2023,2024,2025,2026"
1301,Greater Western Sydney,Greater Western Sydney,9,26,Xavier,O'Halloran,VIC,81,11,7,2000,187,86,38,41,55,49,54,55,58,47,54,38,47,54,54,63,49,58,60,62,56,56,82,61,87,71,79,48,54,64,24,47,63,53,20,26,20,28,40,32,51,32,33,20,58,50,63,65,48,10,12,6,9,5,4,7,15,7,5,5,8,11,13,3,548000,33,24,12,2024,12,7,2030,22,2018,National Draft,Inside Mid,"midfield profile: Inside Mid:3.41, Outside Mid:0.39",53,56,23,345,199,146,53,66,56,9,0,1,138,205,15,0.171,"2021,2022,2023,2024,2025,2026"
1302,Greater Western Sydney,Greater Western Sydney,9,22,Darcy,Jones,VIC,77,1,7,2004,188,89,37,44,59,49,57,55,49,44,55,38,51,61,58,62,51,56,66,59,59,44,74,57,81,37,78,59,41,76,25,59,50,50,21,26,29,24,39,19,47,21,40,37,27,48,47,39,26,10,2,7,2,5,4,8,7,1,7,13,5,9,12,7,524000,2,10,10,2024,27,4,2026,21,2022,National Draft,Hybrid Mid Forward,Strong in both midfield (mid_c=1.33) and forward (fwd_c=1.00) signals,51,55,23,324,168,156,46,78,30,19,0,3,144,184,20,0.28,"2024,2025,2026"
1303,Greater Western Sydney,Greater Western Sydney,9,31,Josh,Kelly,NSW,85,12,2,1995,187,87,45,41,64,62,64,61,59,46,67,44,56,54,56,59,54,68,55,66,62,54,76,63,70,59,79,52,53,22,26,51,59,62,21,27,16,17,21,19,43,17,18,18,45,43,48,43,27,4,7,2,8,13,10,9,12,13,13,10,17,7,4,2,862000,22,2,11,2025,18,1,2031,2,2013,National Draft,Inside Mid,"midfield profile: Inside Mid:5.91, Outside Mid:5.13",61,62,15,322,147,175,52,60,36,5,0,2,107,219,21,-0.995,"2021,2022,2023,2024,2025,2026"
1304,Greater Western Sydney,Greater Western Sydney,9,27,Sam,Taylor,TAS,98,5,5,1999,191,87,87,69,49,49,45,51,49,49,54,89,68,49,51,57,46,46,73,59,53,70,29,48,67,74,82,53,51,68,4,62,49,66,29,29,51,40,16,30,16,29,22,24,24,25,18,27,19,9,8,9,8,3,10,11,8,14,4,4,4,6,5,2,962000,15,27,11,2025,15,12,2031,28,2017,National Draft,Key Defender,"defensive profile: Key Defender:13.03, Intercept Defender:11.14, Back Pocket:4.84, Half Back Flanker:0.93",64,65,20,280,155,125,129,39,5,1,0,36,126,146,129,-0.668,"2021,2022,2023,2024,2025,2026"
1305,Greater Western Sydney,Greater Western Sydney,9,26,Toby,Bedford,VIC,72,27,5,2000,188,86,36,43,66,44,43,58,65,43,46,36,59,44,44,58,48,46,64,54,59,39,73,50,71,78,87,55,59,59,17,66,42,69,16,17,19,30,41,30,39,29,34,40,19,35,33,39,30,8,3,3,5,6,7,15,8,7,2,8,8,1,3,13,411000,14,12,8,2024,24,6,2029,36,2021,Rookie Draft,Hybrid Mid Forward,Strong in both midfield (mid_c=1.04) and forward (fwd_c=0.72) signals,47,51,23,253,125,128,48,117,32,17,0,0,101,147,13,0.205,"2022,2023,2024,2025,2026"
1306,Greater Western Sydney,Greater Western Sydney,9,25,Callum,Brown,NSW,93,15,8,2000,191,88,51,52,47,45,45,47,47,50,45,52,44,47,46,58,55,48,62,54,50,44,69,55,86,73,99,59,46,46,20,52,48,65,36,21,20,19,21,33,27,26,43,42,29,26,23,23,24,11,12,11,7,5,4,6,15,14,8,14,14,11,15,10,454000,46,7,3,2023,12,12,2027,35,2016,National Draft,Medium Forward,"forward profile: Small Forward:2.87, Key Forward:2.56, Pressure Forward:-1.53 -> fallback Medium Forward (no standout)",48,50,22,252,163,89,80,47,17,25,25,10,105,142,21,0.034,"2021,2022,2023,2024,2025,2026"
1307,Greater Western Sydney,Greater Western Sydney,9,26,Jake,Riccardi,SA,99,7,11,1999,198,97,60,66,54,43,46,53,64,50,47,61,51,44,44,57,54,49,54,54,53,76,23,55,80,79,71,50,61,52,43,63,64,51,22,39,32,33,22,28,19,55,31,19,32,24,22,28,23,1,13,12,7,11,2,10,3,3,7,5,7,13,6,3,599000,26,28,11,2023,27,2,2027,51,2019,National Draft,Hybrid Key Forward Ruck,"Ruck minutes (7.0 HO/g) plus forward output (CM/g=0.80, GL/g=1.15)",55,59,20,251,152,99,85,63,28,23,140,16,96,154,24,0.54,"2021,2022,2023,2024,2025,2026"
1308,Greater Western Sydney,Greater Western Sydney,9,22,Aaron,Cadman,NSW,95,3,3,2004,192,87,73,79,44,44,43,45,45,61,42,77,47,46,44,60,68,44,65,50,49,80,26,54,64,55,79,61,44,30,21,55,43,67,66,66,32,29,31,41,36,22,58,25,24,31,30,25,22,4,2,9,1,5,2,2,2,5,6,9,2,4,11,5,738000,5,10,10,2026,18,7,2029,1,2022,National Draft,Key Forward,"forward profile: Key Forward:13.87, Small Forward:3.02, Pressure Forward:-5.49",61,78,24,234,173,61,113,41,0,44,0,33,107,133,43,2.92,"2023,2024,2025,2026"
1309,Greater Western Sydney,Greater Western Sydney,9,28,Jack,Buckley,NSW,88,17,12,1997,184,84,71,55,43,50,44,44,38,41,46,71,69,47,48,55,41,41,67,57,49,34,60,47,71,59,76,57,38,32,7,62,34,63,26,33,36,37,23,35,24,28,20,28,21,16,22,24,16,8,9,11,10,10,17,4,3,14,3,13,11,8,7,2,500000,44,14,3,2026,5,5,2028,48,2020,Father-Son,Medium Defender,"defensive profile: Key Defender:10.74, Intercept Defender:10.30, Back Pocket:5.42, Half Back Flanker:0.80 -> fallback Medium Defender (no standout)",54,55,19,233,144,89,111,29,3,0,0,18,90,144,132,0.05,"2021,2023,2024,2025,2026"
1310,Greater Western Sydney,Greater Western Sydney,9,26,Kieren,Briggs,VIC,95,6,10,1999,204,104,40,61,60,36,42,62,68,45,56,44,57,47,47,56,44,53,53,56,60,93,30,53,88,70,57,54,65,34,10,54,75,49,24,58,41,26,26,35,27,74,25,40,26,25,31,46,35,2,5,2,4,3,13,9,5,12,3,11,5,3,1,9,500000,32,3,5,2025,13,11,2031,34,2018,National Draft,Ruck,Dominant hitouts (28.4/game),51,56,20,222,116,106,39,62,73,4,569,7,140,97,45,0.815,"2021,2022,2023,2024,2025,2026"
1311,Greater Western Sydney,Greater Western Sydney,9,20,Harvey,Thomas,SA,88,8,8,2005,191,89,44,45,49,48,49,46,47,43,43,44,48,50,48,54,46,44,54,53,50,49,74,50,86,63,99,50,46,50,21,56,33,50,44,26,23,19,32,37,38,22,49,34,31,26,27,32,22,6,9,2,8,11,6,2,4,9,8,6,5,11,10,12,370000,1,3,1,2023,19,12,2029,59,2023,National Draft,Medium Forward,"forward profile: Pressure Forward:1.03, Small Forward:1.02, Key Forward:-1.46 -> fallback Medium Forward (no standout)",44,50,18,209,114,95,54,51,14,9,0,4,65,144,17,0.65,"2024,2025,2026"
1312,Greater Western Sydney,Greater Western Sydney,9,21,Joe,Fonti,VIC,93,24,12,2004,189,90,48,42,49,43,52,48,56,37,44,46,57,55,54,53,41,44,57,54,50,46,76,48,72,76,95,49,54,61,7,44,52,58,30,33,42,42,26,47,23,33,30,31,33,32,31,35,29,3,4,6,13,11,2,4,2,10,5,5,9,6,7,6,432000,37,7,2,2026,3,10,2030,44,2023,National Draft,Medium Defender,"defensive profile: Back Pocket:2.41, Key Defender:2.34, Intercept Defender:1.68, Half Back Flanker:0.71 -> fallback Medium Defender (no standout)",48,54,17,199,108,91,63,48,11,0,0,3,66,144,43,0.663,"2024,2025,2026"
1313,Greater Western Sydney,Greater Western Sydney,9,28,Jacob,Wehr,NSW,96,5,7,1998,186,84,38,40,48,51,46,46,45,35,46,38,47,45,47,50,44,46,46,54,51,54,78,52,69,85,89,62,43,49,10,50,41,53,20,24,21,24,55,44,28,23,29,27,25,22,31,31,51,14,2,14,1,13,6,14,8,6,5,6,6,6,15,14,350000,10,11,7,2024,28,9,2028,59,2020,National Draft,Half Back Flanker,"defensive profile: Half Back Flanker:1.45, Intercept Defender:0.48, Back Pocket:0.26, Key Defender:-0.35",43,44,14,187,112,75,34,33,16,3,0,0,62,124,17,0.161,"2022,2023,2024,2025,2026"
1314,Greater Western Sydney,Greater Western Sydney,9,36,Callan,Ward,NSW,72,10,4,1990,182,83,45,43,38,52,50,41,39,40,49,44,35,46,46,49,47,47,44,54,45,53,65,50,64,55,92,55,42,23,40,64,42,52,20,19,23,23,43,39,23,20,16,20,16,23,25,26,40,7,14,13,11,16,8,9,14,2,9,7,9,4,6,3,370000,8,1,8,2024,21,1,2026,19,2007,National Draft,Outside Mid,"midfield profile: Outside Mid:0.68, Inside Mid:-2.09",43,43,12,181,90,91,42,12,19,6,0,2,53,127,4,-0.922,"2021,2022,2023,2024,2025"
1315,Greater Western Sydney,Greater Western Sydney,9,24,Ryan,Angwin,NSW,73,1,7,2002,185,84,47,42,65,55,52,60,55,43,61,45,56,49,50,50,46,58,52,60,63,46,66,57,53,56,54,67,45,52,1,57,51,64,29,18,24,24,25,26,54,24,29,33,56,44,52,46,44,9,7,7,10,12,11,3,9,5,8,4,8,6,5,3,626000,9,6,2,2024,17,10,2027,18,2020,National Draft,Inside Mid,"midfield profile: Inside Mid:3.53, Outside Mid:0.23",56,62,10,166,83,83,36,40,15,1,0,1,67,101,10,1.244,"2023,2024,2025,2026"
1316,Greater Western Sydney,Greater Western Sydney,9,31,Jesse,Hogan,VIC,93,12,2,1995,201,102,80,93,42,44,37,45,40,60,45,85,42,38,38,49,77,41,63,45,49,80,31,48,59,82,66,60,42,70,25,61,38,58,46,52,21,21,25,32,27,21,49,23,19,27,20,27,23,6,8,4,13,5,13,2,7,4,7,7,8,7,4,11,862000,23,7,8,2023,16,9,2029,23,2022,National Draft,Key Forward,"forward profile: Key Forward:22.26, Small Forward:5.95, Pressure Forward:-9.25",64,65,16,163,111,52,80,21,4,46,0,29,82,80,23,-0.057,"2021,2022,2023,2024,2025,2026"
1317,Greater Western Sydney,Greater Western Sydney,9,32,Jake,Stringer,SA,89,25,4,1994,200,101,43,57,43,42,39,46,45,45,45,44,38,41,40,48,57,44,49,51,49,63,32,51,86,58,62,53,47,68,38,51,47,64,31,32,22,20,17,24,23,22,30,22,19,22,13,16,16,9,7,5,14,2,5,16,9,11,5,8,7,15,13,8,390000,20,28,3,2026,28,6,2028,5,2012,National Draft,Key Forward,"forward profile: Key Forward:7.31, Small Forward:5.66, Pressure Forward:-3.25",44,45,15,159,108,51,40,23,13,25,0,5,80,78,7,-1.394,"2021,2022,2023,2024,2025,2026"
1318,Greater Western Sydney,Greater Western Sydney,9,32,Stephen,Coniglio,NSW,83,15,12,1993,183,84,35,42,61,46,49,59,67,39,50,37,52,49,49,47,46,52,45,57,58,47,75,58,80,64,56,52,62,38,1,52,73,63,21,28,25,21,31,26,40,26,24,21,54,48,44,43,28,13,9,13,16,12,3,4,9,13,4,9,2,4,16,3,524000,3,25,8,2023,28,8,2029,2,2011,National Draft,Inside Mid,"midfield profile: Inside Mid:6.39, Outside Mid:-0.48",50,51,10,152,97,55,16,40,35,4,0,2,58,86,6,-1.001,"2021,2022,2023,2024,2025,2026"
1319,Greater Western Sydney,Greater Western Sydney,9,22,Toby,McMullin,NSW,72,1,7,2004,194,96,38,42,40,46,49,41,44,37,42,38,38,49,50,46,43,47,36,56,45,47,88,55,69,99,88,55,43,50,31,43,46,62,32,57,56,56,27,64,42,35,38,38,26,37,33,40,38,11,10,2,5,5,10,11,8,10,7,5,4,8,6,7,262000,31,11,11,2026,7,9,2031,34,2022,National Draft,Medium Defender,"defensive profile: Half Back Flanker:-0.38, Back Pocket:-0.64, Key Defender:-1.80, Intercept Defender:-2.20 -> fallback Medium Defender (no standout)",39,50,11,127,76,51,25,16,12,1,0,0,36,93,3,2.808,"2023,2024,2025,2026"
1320,Greater Western Sydney,Greater Western Sydney,9,25,Leek,Aleer,WA,92,1,7,2001,194,89,58,54,41,40,38,45,49,39,45,60,58,41,41,45,40,39,58,51,47,67,30,43,72,83,79,57,54,39,11,54,43,53,28,32,56,43,25,32,24,25,29,19,19,23,22,22,30,14,6,8,11,14,12,6,8,3,2,8,11,5,8,14,432000,21,14,11,2023,1,5,2026,15,2021,National Draft,Key Defender,"defensive profile: Key Defender:7.03, Back Pocket:3.74, Intercept Defender:3.35, Half Back Flanker:-4.25",46,47,13,123,59,64,48,18,2,0,0,11,55,71,60,-0.066,"2022,2024,2025,2026"
1321,Greater Western Sydney,Greater Western Sydney,9,22,Harry,Rowston,NSW,78,1,7,2004,188,87,42,44,48,47,48,45,52,46,39,41,46,47,47,45,47,47,33,59,49,57,77,59,67,59,88,46,49,41,49,58,45,48,56,37,31,35,26,55,37,38,56,60,35,36,31,41,42,1,9,9,2,2,6,2,7,11,5,2,8,11,8,5,332000,24,23,11,2026,13,7,2030,16,2022,National Draft,Medium Forward,"forward profile: Small Forward:1.94, Pressure Forward:1.71, Key Forward:-1.77 -> fallback Medium Forward (no standout)",43,53,10,114,82,32,30,27,9,5,0,0,32,79,5,2.232,"2023,2024,2026"
1322,Greater Western Sydney,Greater Western Sydney,9,24,Conor,Stone,NSW,79,1,7,2002,178,75,47,39,36,45,51,37,44,33,43,45,41,50,51,43,42,42,43,54,41,45,83,48,85,72,94,46,40,1,48,46,66,63,28,23,21,22,58,35,23,31,26,24,20,28,24,33,53,12,12,13,11,12,2,15,14,6,9,6,7,4,9,7,332000,18,9,6,2026,21,8,2028,15,2020,National Draft,Half Back Flanker,"defensive profile: Half Back Flanker:4.17, Intercept Defender:2.82, Key Defender:0.82, Back Pocket:-0.01",40,43,7,98,52,46,29,8,0,0,0,0,21,75,10,-0.044,"2021,2022,2023,2024,2025,2026"
1323,Greater Western Sydney,Greater Western Sydney,9,27,Brent,Daniels,NSW,75,9,3,1999,185,85,37,47,53,49,49,51,44,49,53,39,48,51,50,40,43,53,28,59,56,51,62,55,89,66,55,58,41,29,34,57,36,59,27,28,20,28,29,35,40,27,17,32,46,50,54,57,44,12,13,10,4,3,1,9,5,10,12,3,3,7,6,3,411000,16,21,9,2026,8,8,2028,27,2017,National Draft,Inside Mid,"midfield profile: Inside Mid:2.15, Outside Mid:-3.23",47,50,6,75,33,42,11,16,14,1,0,1,32,41,5,0.743,"2021,2023,2024,2025,2026"
1324,Greater Western Sydney,Greater Western Sydney,9,20,Cody,Angove,ACT,80,1,7,2006,186,86,34,41,44,37,64,42,46,38,45,35,46,75,69,36,43,49,41,57,46,44,64,54,73,78,96,60,37,80,36,59,70,60,23,27,42,56,29,21,32,20,24,24,22,19,19,22,26,5,9,5,7,3,2,5,3,10,7,2,14,4,5,8,370000,29,22,4,2024,21,10,2029,24,2024,National Draft,Back Pocket,"defensive profile: Back Pocket:0.50, Half Back Flanker:-0.16, Key Defender:-0.93, Intercept Defender:-2.89",44,46,4,44,20,24,7,8,0,1,0,0,15,29,6,,
1325,Greater Western Sydney,Greater Western Sydney,9,22,Max,Gruzewski,VIC,89,1,7,2004,193,91,52,66,35,39,35,35,33,46,35,55,39,38,37,36,55,33,35,45,42,72,37,43,87,79,99,47,34,70,30,58,25,54,58,71,33,31,27,50,29,22,56,32,30,25,36,30,32,5,11,2,7,8,10,5,2,8,2,5,8,4,7,6,296000,35,7,4,2025,27,10,2027,22,2022,National Draft,Key Forward,"forward profile: Key Forward:9.31, Small Forward:2.88, Pressure Forward:-5.25",42,51,7,44,27,17,19,7,0,10,6,5,18,26,7,2.002,"2024,2025,2026"
1326,Greater Western Sydney,Greater Western Sydney,9,23,Nick,Madden,NSW,96,24,5,2003,209,111,30,52,64,35,34,70,65,39,71,32,54,40,40,35,41,51,31,47,67,78,21,42,77,88,62,78,65,21,48,49,67,56,29,26,27,16,27,19,18,47,23,16,24,24,26,32,19,6,7,15,10,2,13,14,1,14,11,3,10,14,7,14,332000,41,12,11,2026,8,3,2032,39,2021,National Draft,Ruck,Dominant hitouts (26.3/game),41,48,3,33,7,26,3,9,11,0,79,0,29,9,6,,
1327,Greater Western Sydney,Greater Western Sydney,9,36,Lachlan,Keeffe,VIC,96,14,4,1990,188,89,26,48,62,33,36,63,84,39,46,29,59,42,43,34,44,42,38,50,58,53,84,49,89,69,82,45,86,58,32,45,78,43,30,28,29,20,30,31,63,30,33,29,65,60,66,63,49,4,11,3,6,8,9,16,13,15,1,3,12,16,6,6,390000,25,15,11,2026,24,5,2030,69,2008,Rookie Draft,Inside Mid,"midfield profile: Inside Mid:5.11, Outside Mid:-6.89",46,47,3,29,19,10,1,13,8,1,36,0,16,12,5,-0.663,"2021,2022,2023,2024,2025"
1328,Greater Western Sydney,Greater Western Sydney,9,21,James,Leake,VIC,72,1,7,2005,178,81,33,44,38,41,35,39,33,39,41,35,35,37,36,32,43,37,33,45,46,16,69,37,68,77,65,63,35,55,29,46,28,53,19,27,28,17,45,26,46,25,31,52,23,36,24,19,19,11,9,8,11,2,6,4,4,4,6,10,9,11,7,12,162000,30,4,7,2025,25,10,2029,17,2023,National Draft,Small Forward,"forward profile: Small Forward:0.33, Key Forward:-0.49, Pressure Forward:-1.98",31,34,3,24,13,11,5,3,3,1,0,0,12,13,1,,
1329,Greater Western Sydney,Greater Western Sydney,9,22,Josaia,Delana,NSW,91,18,9,2004,181,82,30,42,45,34,37,39,44,44,30,32,46,43,42,29,38,30,24,42,45,44,71,39,86,71,89,52,42,37,60,51,28,66,21,27,41,44,18,19,43,22,19,25,20,24,23,26,25,13,3,11,13,2,11,6,6,11,15,5,9,4,3,8,188000,38,10,12,2025,7,10,2027,55,2022,Father-Son,Back Pocket,"defensive profile: Back Pocket:2.05, Key Defender:-1.87, Half Back Flanker:-4.68, Intercept Defender:-5.51",33,39,3,15,9,6,3,9,0,0,0,0,5,12,1,,
1330,Hawthorn,Hawthorn,10,30,Karl,Amon,SA,99,19,8,1995,177,77,51,41,44,75,78,43,47,47,47,48,46,79,81,74,51,61,66,75,47,46,87,75,52,95,83,55,43,49,10,45,54,62,20,32,28,20,53,47,22,26,25,21,24,20,28,34,55,8,7,10,4,7,10,10,14,12,6,11,10,9,2,7,1032000,10,15,12,2024,18,3,2027,68,2013,National Draft,Half Back Flanker,"defensive profile: Half Back Flanker:15.85, Intercept Defender:9.22, Key Defender:1.06, Back Pocket:-1.95",67,68,25,600,426,174,116,53,25,4,0,2,94,407,30,-0.209,"2021,2022,2023,2024,2025,2026"
1331,Hawthorn,Hawthorn,10,25,Jai,Newcombe,VIC,91,2,8,2001,180,79,49,48,82,63,64,83,76,68,86,49,61,61,60,75,70,75,64,63,80,48,62,64,44,70,99,68,67,22,12,66,75,61,25,28,30,21,25,28,51,24,32,29,52,53,53,47,35,10,8,3,11,3,10,3,3,6,12,5,10,2,3,5,1341000,3,12,4,2024,23,3,2030,2,2020,Mid-Season Draft,Inside Mid,"midfield profile: Inside Mid:18.92, Outside Mid:1.37",78,82,26,596,265,331,91,127,161,11,0,8,298,309,26,1.068,"2021,2022,2023,2024,2025,2026"
1332,Hawthorn,Hawthorn,10,22,Josh,Ward,WA,91,17,8,2003,185,83,42,41,63,64,63,62,53,52,67,41,52,55,54,71,55,68,60,63,64,53,82,65,86,69,65,51,47,59,21,53,50,61,30,27,24,20,36,26,54,20,29,31,52,53,57,56,38,10,11,10,15,8,6,5,12,1,13,6,7,15,9,2,830000,25,9,1,2023,21,11,2027,7,2021,National Draft,Inside Mid,"midfield profile: Inside Mid:7.20, Outside Mid:4.17",62,69,25,514,261,253,79,89,82,3,0,0,194,334,20,0.198,"2022,2023,2024,2025,2026"
1333,Hawthorn,Hawthorn,10,27,Dylan,Moore,WA,74,4,8,1999,186,84,51,49,62,61,58,60,57,51,62,49,53,50,50,71,60,62,68,59,62,54,79,62,83,96,51,65,52,49,29,59,53,52,30,22,26,31,29,23,37,21,38,41,23,38,43,47,26,5,8,13,1,13,4,15,2,10,3,8,4,2,9,7,738000,13,18,6,2024,3,10,2029,67,2017,National Draft,Hybrid Mid Forward,Strong in both midfield (mid_c=2.67) and forward (fwd_c=1.64) signals,59,60,26,505,274,231,111,96,54,23,0,5,179,324,25,0.1,"2021,2022,2023,2024,2025,2026"
1334,Hawthorn,Hawthorn,10,27,Josh,Battle,VIC,75,1,9,1998,193,90,62,49,45,60,58,47,50,46,51,60,57,59,59,70,50,50,73,61,50,44,85,58,79,94,53,51,50,16,2,47,53,53,23,47,67,27,21,54,28,29,29,34,27,27,27,21,51,11,9,2,2,6,3,2,13,10,10,6,3,9,1,9,626000,24,8,2,2026,28,2,2030,39,2016,National Draft,Intercept Defender,"defensive profile: Intercept Defender:8.30, Half Back Flanker:6.27, Key Defender:5.78, Back Pocket:1.60",57,60,26,480,296,184,136,49,5,0,8,14,126,292,102,0.445,"2021,2022,2023,2024,2025,2026"
1335,Hawthorn,Hawthorn,10,23,Massimo,D'Ambrosio,NSW,92,5,6,2003,179,81,50,46,47,62,65,47,43,46,51,48,43,58,58,70,51,59,63,63,51,44,82,64,74,64,99,56,40,68,43,49,47,52,24,28,30,23,58,53,38,33,21,25,27,45,28,47,68,12,11,10,7,9,5,10,9,3,6,3,11,7,2,9,626000,16,27,10,2026,12,11,2030,3,2021,Mid-Season Draft,Outside Mid,"midfield profile: Outside Mid:6.81, Inside Mid:-1.19",57,64,26,472,308,164,106,48,43,5,0,4,130,352,18,1.074,"2022,2023,2024,2025,2026"
1336,Hawthorn,Hawthorn,10,23,Jack,Ginnivan,VIC,73,9,12,2002,193,90,46,47,51,59,61,52,50,45,59,45,45,54,53,70,58,63,65,62,55,40,65,65,75,47,78,59,45,39,26,65,59,59,25,23,25,26,34,33,34,19,37,51,18,37,43,42,19,3,1,9,11,3,7,9,2,7,8,7,6,7,10,3,599000,33,8,8,2023,21,4,2025,13,2020,Rookie Draft,Hybrid Mid Forward,Strong in both forward (fwd_c=2.18) and midfield (mid_c=1.51) signals,55,60,25,466,261,205,89,52,29,29,0,2,153,304,23,1.108,"2021,2022,2023,2024,2025,2026"
1337,Hawthorn,Hawthorn,10,31,Jarman,Impey,VIC,98,9,7,1995,184,82,56,44,49,63,67,47,50,49,48,53,53,64,65,68,53,56,65,65,50,43,73,64,91,98,56,54,47,31,25,57,52,60,28,30,21,23,41,31,27,23,21,24,27,17,27,32,46,14,7,12,6,11,3,12,6,3,1,7,6,2,10,10,768000,4,13,1,2024,18,2,2029,21,2013,National Draft,Half Back Flanker,"defensive profile: Half Back Flanker:8.49, Intercept Defender:6.62, Key Defender:2.14, Back Pocket:0.12",60,60,24,463,306,157,119,62,16,5,0,6,103,336,56,-0.13,"2021,2022,2023,2024,2025,2026"
1338,Hawthorn,Hawthorn,10,31,James,Sicily,ACT,78,6,1,1995,196,94,76,59,45,58,52,49,52,57,52,75,57,52,56,65,58,53,70,66,50,41,70,61,89,78,72,55,51,55,31,65,70,58,16,31,36,16,17,32,15,18,17,19,14,19,17,21,21,5,6,5,15,17,10,4,12,6,4,13,10,6,11,8,768000,6,28,6,2026,11,8,2030,56,2013,National Draft,Intercept Defender,"defensive profile: Intercept Defender:11.71, Key Defender:7.62, Half Back Flanker:7.50, Back Pocket:1.43",61,61,23,449,305,144,153,36,6,6,0,25,134,267,105,-1.6,"2022,2023,2024,2025,2026"
1339,Hawthorn,Hawthorn,10,27,James,Worpel,VIC,85,24,1,1999,186,85,34,42,78,53,60,77,79,43,74,35,60,59,58,66,51,71,54,66,74,53,73,65,51,89,83,54,69,43,57,62,89,51,24,28,24,26,29,37,59,31,26,33,57,58,69,60,45,7,5,4,6,7,2,3,10,12,14,10,4,4,9,5,996000,5,10,8,2023,2,7,2029,45,2017,National Draft,Inside Mid,"midfield profile: Inside Mid:14.73, Outside Mid:0.95",68,70,21,421,211,210,34,104,100,4,0,1,207,226,19,0.33,"2021,2022,2023,2024,2025,2026"
1340,Hawthorn,Hawthorn,10,28,Conor,Nash,NSW,77,28,7,1998,182,85,36,41,79,54,53,74,75,40,69,36,66,51,51,66,47,62,58,60,72,39,74,60,68,74,99,51,63,67,6,55,68,68,31,29,31,27,37,29,44,25,32,21,48,42,48,50,44,6,11,10,5,4,13,12,3,14,10,12,2,8,13,8,862000,11,28,2,2026,26,3,2032,17,2022,Rookie Draft,Inside Mid,"midfield profile: Inside Mid:13.25, Outside Mid:-1.34",64,68,22,404,194,210,45,124,103,5,17,0,180,206,26,0.516,"2021,2022,2023,2024,2025,2026"
1341,Hawthorn,Hawthorn,10,29,Blake,Hardwick,VIC,95,5,2,1997,190,85,59,54,49,54,47,48,46,41,47,59,53,50,52,65,48,45,70,56,52,54,74,53,61,69,85,56,45,34,4,49,41,67,18,33,50,28,21,37,20,17,26,26,19,20,26,27,28,1,14,3,15,13,9,15,13,4,1,14,6,6,14,15,500000,15,6,1,2023,1,10,2027,44,2015,National Draft,Intercept Defender,"defensive profile: Intercept Defender:4.42, Half Back Flanker:3.26, Key Defender:2.65, Back Pocket:0.95",51,51,26,383,260,123,118,61,8,11,0,18,128,224,70,-0.638,"2021,2022,2023,2024,2025,2026"
1342,Hawthorn,Hawthorn,10,23,Connor,Macdonald,NT,93,13,1,2003,185,86,49,49,53,54,55,49,50,46,48,47,48,49,48,65,53,54,62,58,53,52,86,60,52,68,83,56,45,74,26,45,46,49,23,22,26,35,49,30,46,27,49,50,32,49,62,44,26,5,11,13,5,2,5,11,11,9,3,8,3,9,10,3,500000,31,14,9,2024,24,9,2030,26,2021,National Draft,Hybrid Mid Forward,Strong in both forward (fwd_c=1.98) and midfield (mid_c=0.73) signals,51,57,24,357,217,140,96,72,20,22,0,2,105,253,14,0.744,"2022,2023,2024,2025,2026"
1343,Hawthorn,Hawthorn,10,27,Harry,Morrison,WA,75,12,11,1998,177,77,55,47,54,57,56,51,50,42,54,53,51,51,52,62,47,56,62,61,55,49,75,59,89,73,78,54,44,45,23,58,51,61,29,25,25,25,61,49,37,27,20,31,33,41,38,36,59,9,12,12,15,6,11,9,3,3,4,9,7,8,12,6,574000,1,9,12,2025,14,12,2031,74,2016,National Draft,Outside Mid,"midfield profile: Outside Mid:3.14, Inside Mid:0.42",54,55,20,348,189,159,91,61,25,5,0,7,106,235,26,-0.056,"2021,2022,2023,2024,2025,2026"
1344,Hawthorn,Hawthorn,10,28,Lloyd,Meek,WA,78,22,4,1998,204,100,52,77,72,42,41,74,76,50,69,55,64,43,43,64,52,54,68,50,70,85,32,49,64,64,87,56,70,24,18,44,72,49,30,55,44,37,24,37,33,65,34,33,30,26,33,50,31,11,8,10,2,8,12,10,5,7,9,7,7,9,2,4,768000,17,5,7,2023,10,4,2027,69,2017,National Draft,Ruck,Dominant hitouts (37.9/game),61,67,25,338,131,207,68,104,109,10,948,19,221,137,62,1.56,"2021,2022,2023,2024,2025,2026"
1345,Hawthorn,Hawthorn,10,22,Josh,Weddle,NSW,81,25,5,2004,187,87,70,65,49,54,67,49,43,53,55,71,54,75,72,58,55,55,64,64,54,41,72,57,64,65,49,65,38,73,24,50,52,49,28,37,39,52,26,47,33,26,22,22,26,28,27,28,24,12,8,8,9,7,14,5,7,10,7,4,6,2,5,14,768000,23,18,9,2024,25,5,2030,18,2022,National Draft,Medium Defender,"defensive profile: Intercept Defender:5.24, Half Back Flanker:5.07, Key Defender:4.26, Back Pocket:0.53 -> fallback Medium Defender (no standout)",61,66,18,290,163,127,89,36,10,9,40,20,109,184,55,0.541,"2023,2024,2025,2026"
1346,Hawthorn,Hawthorn,10,34,Jack,Gunston,VIC,95,16,10,1991,199,97,63,75,42,51,48,43,41,63,43,61,42,45,44,61,85,48,70,51,48,81,37,57,88,71,75,58,40,32,14,48,42,46,74,79,35,31,35,57,38,37,78,32,26,35,34,29,38,11,9,3,2,8,8,12,8,4,8,2,7,2,2,11,709000,19,12,11,2023,3,9,2028,29,2009,National Draft,Key Forward,"forward profile: Key Forward:16.80, Small Forward:11.36, Pressure Forward:-7.01",60,65,23,289,218,71,119,31,4,73,0,13,102,186,26,1.493,"2021,2022,2023,2024,2025,2026"
1347,Hawthorn,Hawthorn,10,27,Changkuoth,Jiath,TAS,73,13,6,1999,187,88,39,39,42,49,55,44,43,41,47,39,48,58,58,57,41,49,50,57,48,50,82,53,66,54,96,50,44,57,26,51,45,50,27,38,46,47,20,33,20,27,29,23,25,25,19,20,20,11,11,7,15,6,12,1,15,13,10,16,17,2,17,2,432000,9,17,7,2023,3,3,2027,51,2025,National Draft,Medium Defender,"defensive profile: Half Back Flanker:2.48, Intercept Defender:2.37, Key Defender:1.91, Back Pocket:1.06 -> fallback Medium Defender (no standout)",46,49,20,276,153,123,54,32,17,0,0,1,93,185,49,-1.01,"2021,2022,2023,2024,2025,2026"
1348,Hawthorn,Hawthorn,10,21,Nick,Watson,VIC,78,1,7,2005,180,81,38,48,47,44,49,49,48,42,48,39,43,56,52,60,55,47,61,51,51,16,82,45,78,62,48,64,51,44,13,61,43,61,17,28,16,21,45,26,42,22,33,48,28,38,27,27,17,4,14,7,8,12,12,10,5,13,9,10,7,16,11,9,432000,34,14,11,2023,7,1,2025,5,2023,National Draft,Small Forward,"forward profile: Small Forward:5.37, Key Forward:2.72, Pressure Forward:-1.57",47,94,25,272,145,127,51,51,16,36,0,4,136,136,21,-0.709,"2024,2025,2026"
1349,Hawthorn,Hawthorn,10,30,Tom,Barrass,NSW,86,8,10,1995,191,89,62,58,38,42,36,40,36,42,42,65,64,41,42,58,39,38,67,56,46,88,32,44,82,99,77,55,39,59,11,59,35,65,25,39,59,54,22,33,19,30,24,19,24,21,25,19,29,15,3,11,7,2,15,8,8,8,8,7,12,13,15,13,548000,37,25,12,2024,11,3,2027,43,2013,National Draft,Key Defender,"defensive profile: Key Defender:10.90, Intercept Defender:8.39, Back Pocket:5.42, Half Back Flanker:-2.42",48,49,25,242,142,100,94,28,1,0,0,29,109,137,165,-0.966,"2021,2022,2023,2024,2025,2026"
1350,Hawthorn,Hawthorn,10,23,Mabior,Chol,VIC,94,31,5,2003,196,95,66,77,51,41,39,51,54,52,44,70,51,43,42,59,60,43,66,48,53,77,24,51,59,99,87,51,52,23,28,56,52,63,47,45,17,25,19,27,21,27,39,15,19,26,19,18,28,14,15,4,5,4,2,11,3,15,7,14,7,3,9,13,681000,18,12,4,2025,6,1,2031,26,2021,National Draft,Key Forward,"forward profile: Key Forward:12.13, Small Forward:3.00, Pressure Forward:-3.04",58,64,24,240,171,69,94,64,27,42,68,31,125,107,41,-0.371,"2021,2022,2023,2024,2025,2026"
1351,Hawthorn,Hawthorn,10,27,Jack,Scrimshaw,NSW,73,4,9,1998,192,87,62,53,47,50,51,46,45,38,47,63,53,56,55,52,41,42,50,52,50,73,27,48,98,89,78,52,45,75,20,53,44,55,27,29,50,50,21,29,24,28,27,26,19,25,27,24,17,6,12,6,11,1,9,2,6,1,15,15,12,1,9,11,548000,14,18,8,2026,13,5,2029,7,2016,National Draft,Key Defender,"defensive profile: Key Defender:5.11, Intercept Defender:4.16, Half Back Flanker:2.45, Back Pocket:1.94",50,52,16,219,126,93,72,38,2,0,0,14,74,132,44,-0.866,"2021,2022,2023,2024,2025,2026"
1352,Hawthorn,Hawthorn,10,22,Cam,Mackenzie,VIC,78,21,1,2004,178,80,38,42,65,55,56,62,61,50,60,39,56,53,52,52,51,61,43,62,63,51,69,60,60,79,94,57,54,45,44,65,53,66,25,26,21,29,25,26,49,32,20,34,52,54,58,59,41,10,3,12,4,10,10,3,3,11,13,3,3,1,3,6,653000,28,12,7,2024,16,12,2027,7,2022,National Draft,Inside Mid,"midfield profile: Inside Mid:6.20, Outside Mid:0.43",57,65,12,198,100,98,24,50,36,0,0,1,78,123,10,1.092,"2023,2024,2025,2026"
1353,Hawthorn,Hawthorn,10,25,Finn,Maginness,QLD,86,23,2,2001,185,82,43,48,45,45,47,46,45,39,52,44,41,44,43,49,45,50,49,54,49,56,75,52,61,81,87,47,41,83,33,49,56,59,49,34,27,34,28,47,34,28,46,42,33,28,26,24,34,7,10,2,7,4,7,13,10,4,7,9,5,10,9,1,350000,20,10,8,2026,3,9,2030,29,2019,National Draft,Medium Forward,"forward profile: Key Forward:0.02, Small Forward:-0.16, Pressure Forward:-0.36 -> fallback Medium Forward (no standout)",42,44,13,173,79,94,36,23,8,4,0,3,65,111,8,0.112,"2021,2022,2023,2024,2025,2026"
1354,Hawthorn,Hawthorn,10,25,Will,Day,ACT,76,5,6,2001,187,88,52,54,85,61,56,86,77,70,83,54,68,58,59,50,76,72,44,64,82,44,66,65,67,74,94,77,69,72,22,50,70,59,26,22,25,29,45,29,49,32,38,46,20,51,41,42,21,8,4,12,10,7,2,10,8,7,5,11,4,11,11,10,1068000,12,17,3,2025,16,8,2028,13,2019,National Draft,Hybrid Mid Forward,Strong in both midfield (mid_c=5.40) and forward (fwd_c=1.37) signals,73,78,6,126,63,63,18,31,31,6,0,4,71,53,13,0.863,"2021,2022,2023,2024,2025,2026"
1355,Hawthorn,Hawthorn,10,40,Sam,Butler,NT,89,14,1,1986,181,84,36,41,64,48,46,53,56,42,43,37,59,44,43,39,46,43,36,51,57,47,82,50,90,99,99,56,46,60,43,54,36,51,25,29,30,25,38,27,55,21,26,29,63,60,57,56,44,4,3,5,9,1,6,3,7,7,15,6,12,4,11,6,390000,30,13,7,2026,11,9,2032,20,2003,National Draft,Inside Mid,"midfield profile: Inside Mid:0.30, Outside Mid:-1.62",46,47,6,71,39,32,13,31,7,3,0,0,21,47,3,0.016,"2022,2023,2024,2025,2026"
1356,Hawthorn,Hawthorn,10,21,Calsher,Dear,WA,81,1,7,2005,201,99,52,67,42,38,33,41,38,47,40,56,47,36,35,38,50,34,39,41,47,81,26,41,93,54,69,56,38,45,33,52,33,54,54,52,27,25,19,33,24,28,52,23,29,31,18,29,20,3,12,6,6,4,2,11,10,13,13,15,15,8,2,2,350000,35,8,1,2025,4,3,2028,56,2023,National Draft,Key Forward,"forward profile: Key Forward:9.22, Small Forward:0.98, Pressure Forward:-3.47",43,48,9,66,38,28,21,16,1,10,5,9,34,32,18,-0.629,"2024,2025,2026"
1357,Hawthorn,Hawthorn,10,27,Mitch,Lewis,ACT,77,14,10,1998,193,93,53,60,43,37,38,43,43,44,38,55,46,42,42,37,49,42,39,51,47,85,38,49,64,67,65,56,43,80,26,45,40,65,47,54,27,23,23,39,18,23,40,21,23,19,18,18,24,14,12,4,16,13,17,14,7,6,13,12,6,3,1,11,411000,2,24,4,2024,26,1,2029,76,2016,National Draft,Key Forward,"forward profile: Key Forward:6.09, Small Forward:1.47, Pressure Forward:-2.06",44,46,8,63,42,21,26,16,1,8,6,6,32,35,14,-0.94,"2021,2022,2023,2024,2025,2026"
1358,Hawthorn,Hawthorn,10,22,Henry,Hustwaite,VIC,74,1,7,2004,183,82,35,41,55,47,46,52,56,33,51,36,50,38,38,39,42,45,25,47,54,46,86,46,76,87,66,46,51,24,54,54,53,63,27,34,32,33,32,34,65,33,28,32,60,61,61,63,44,11,4,10,10,6,6,12,6,7,13,5,11,3,7,7,350000,44,23,2,2025,15,6,2027,37,2022,National Draft,Inside Mid,"midfield profile: Inside Mid:2.79, Outside Mid:-2.54",43,50,4,55,23,32,8,14,10,0,0,0,18,38,2,0.56,"2023,2024,2026"
1359,Hawthorn,Hawthorn,10,35,Luke,Breust,QLD,78,11,11,1990,171,75,34,43,34,36,37,34,39,51,32,34,35,39,38,35,43,35,22,49,40,20,83,38,73,83,89,53,44,55,75,41,34,61,20,21,28,21,56,39,43,28,38,56,22,36,26,27,23,16,3,17,10,10,5,3,1,14,17,3,14,16,15,5,188000,22,24,5,2023,25,3,2027,47,2008,Rookie Draft,Small Forward,"forward profile: Small Forward:1.53, Key Forward:-0.15, Pressure Forward:-0.99",32,33,8,54,32,22,15,11,2,4,0,0,16,38,0,-1.104,"2021,2022,2023,2024,2025"
1360,Hawthorn,Hawthorn,10,24,Max,Ramsden,VIC,92,1,7,2002,200,101,77,90,48,44,35,48,35,57,48,85,54,41,40,35,52,43,41,46,56,80,39,49,77,61,99,71,32,35,36,45,32,52,73,73,41,32,26,55,35,32,73,29,37,36,33,33,38,5,8,11,4,8,4,6,8,5,8,2,10,5,8,9,653000,38,11,2,2023,6,11,2027,6,2021,Mid-Season Draft,Key Forward,"forward profile: Key Forward:14.21, Small Forward:-3.59, Pressure Forward:-6.13",59,68,4,36,24,12,15,7,5,4,12,8,24,13,12,2.575,"2023,2024,2025,2026"
1361,Hawthorn,Hawthorn,10,22,Bailey,Macdonald,NSW,82,1,7,2004,185,83,30,39,30,35,45,30,32,33,31,32,36,56,53,33,40,30,13,44,38,47,71,39,80,92,79,50,37,56,64,48,25,66,25,22,34,47,29,21,40,19,21,26,24,20,20,20,23,4,3,5,9,4,10,5,11,6,3,5,4,2,9,7,140000,42,15,8,2023,6,5,2027,51,2022,National Draft,Back Pocket,"defensive profile: Back Pocket:0.62, Key Defender:-1.03, Half Back Flanker:-2.65, Intercept Defender:-4.70",28,31,6,32,16,16,6,4,1,1,0,0,10,24,5,,
1362,Hawthorn,Hawthorn,10,24,Seamus,Mitchell,VIC,84,1,7,2002,189,85,38,43,43,35,31,40,39,34,36,40,45,37,38,30,37,31,25,44,46,41,62,39,79,79,99,56,38,37,55,55,32,64,24,17,28,31,20,20,25,21,16,22,22,16,20,17,14,4,5,12,14,19,5,6,6,10,12,12,9,7,7,4,202000,40,9,1,2026,3,8,2032,29,2020,National Draft,Back Pocket,"defensive profile: Back Pocket:2.14, Key Defender:0.82, Intercept Defender:-3.23, Half Back Flanker:-4.85",33,34,4,25,14,11,8,9,0,0,0,1,13,13,5,-3.779,"2023,2024,2025"
1363,Hawthorn,Hawthorn,10,32,Sam,Frost,TAS,93,28,8,1993,181,79,24,38,35,26,26,40,49,32,34,28,44,38,39,27,36,28,18,46,42,49,68,37,85,83,60,51,55,62,58,62,53,54,23,16,34,43,21,25,30,15,15,17,22,23,25,21,19,5,3,16,13,16,10,10,5,6,2,16,14,10,1,10,150000,8,23,10,2026,27,4,2030,1,2011,Rookie Draft,Back Pocket,"defensive profile: Back Pocket:3.07, Key Defender:1.76, Intercept Defender:-1.67, Half Back Flanker:-4.53",28,28,2,8,6,2,0,2,1,0,0,0,7,1,5,-1.167,"2021,2022,2023,2024,2025"
1364,Hawthorn,Hawthorn,10,21,Ned,Reeves,NT,72,26,11,2005,201,96,24,55,47,40,27,41,37,49,35,28,67,37,37,27,37,28,41,38,49,82,33,39,65,85,82,67,36,42,26,64,11,60,17,37,28,20,21,21,22,46,28,18,26,23,20,35,24,11,14,10,8,9,6,14,3,17,1,2,14,12,4,6,216000,7,2,2,2024,17,9,2026,56,2023,National Draft,Ruck,Dominant hitouts (34.0/game),32,42,1,6,4,2,0,3,1,0,34,0,3,1,5,-0.895,"2021,2022,2023,2024,2025,2026"
1365,Melbourne,Melbourne,11,30,Christian,Petracca,QLD,99,4,1,1996,191,86,46,47,71,67,66,74,60,72,87,45,48,57,56,73,74,83,67,69,73,49,63,71,82,87,48,51,53,62,4,62,75,57,14,26,25,14,27,18,27,23,36,31,25,33,29,31,15,12,8,8,3,11,10,7,9,7,14,15,1,15,4,14,1259000,5,14,7,2026,9,1,2030,2,2014,National Draft,Hybrid Mid Forward,Strong in both midfield (mid_c=6.51) and forward (fwd_c=2.21) signals,73,74,23,586,265,321,82,78,101,18,0,4,268,325,10,-0.849,"2021,2022,2023,2024,2025,2026"
1366,Melbourne,Melbourne,11,29,Clayton,Oliver,VIC,80,22,7,1997,185,87,41,42,83,62,60,83,81,39,88,41,60,51,51,70,49,76,60,62,80,61,75,63,55,66,59,52,72,30,11,46,88,46,21,19,24,21,24,28,42,21,26,21,49,43,47,46,33,15,17,12,6,11,6,6,2,19,14,19,19,17,6,2,1341000,13,26,11,2025,27,3,2030,4,2015,National Draft,Inside Mid,"midfield profile: Inside Mid:19.31, Outside Mid:1.98",74,75,22,562,238,324,63,119,121,4,0,3,264,296,20,-2.06,"2021,2022,2023,2024,2025,2026"
1367,Melbourne,Melbourne,11,31,Christian,Salem,VIC,75,15,7,1995,179,80,72,45,46,76,64,45,43,47,48,65,45,53,56,71,51,57,68,61,50,44,78,68,99,86,67,48,42,33,15,59,39,52,21,29,20,19,35,36,23,19,18,22,24,25,28,36,43,2,13,13,9,8,2,6,11,2,8,7,7,14,9,10,709000,3,25,12,2024,16,3,2030,9,2013,National Draft,Half Back Flanker,"defensive profile: Half Back Flanker:9.87, Intercept Defender:6.64, Key Defender:1.06, Back Pocket:-1.94",60,61,23,527,372,155,176,51,20,1,0,7,98,378,21,-0.207,"2021,2022,2023,2024,2025,2026"
1368,Melbourne,Melbourne,11,23,Jake,Bowey,ACT,82,12,9,2002,184,80,55,41,53,74,63,52,47,42,55,51,48,57,60,72,51,60,66,63,56,47,81,68,58,75,62,59,44,69,25,59,46,52,26,33,28,33,62,50,36,26,32,31,29,34,25,45,68,11,7,3,2,8,5,6,12,7,12,3,13,6,9,3,709000,17,13,10,2023,18,6,2027,21,2020,National Draft,Half Back Flanker,"defensive profile: Half Back Flanker:9.78, Intercept Defender:5.95, Key Defender:0.66, Back Pocket:-1.50",61,67,23,519,363,156,119,59,38,2,0,2,140,326,26,0.582,"2021,2022,2023,2024,2025,2026"
1369,Melbourne,Melbourne,11,25,Trent,Rivers,TAS,76,30,7,2001,180,80,58,43,53,67,65,54,50,36,59,54,51,59,60,70,49,63,63,65,56,55,85,67,78,47,97,57,45,83,23,51,55,52,24,25,26,28,73,67,38,36,28,26,36,38,44,55,71,3,3,10,13,12,6,9,8,3,4,9,4,6,13,2,738000,24,9,4,2024,6,4,2029,32,2019,National Draft,Outside Mid,"midfield profile: Outside Mid:7.79, Inside Mid:1.52",61,66,23,491,303,188,125,57,43,4,0,4,142,331,39,0.771,"2021,2022,2023,2024,2025,2026"
1370,Melbourne,Melbourne,11,34,Max,Gawn,VIC,73,30,12,1991,210,110,90,99,68,56,47,79,63,86,88,97,55,50,51,69,76,72,68,59,76,69,30,62,64,78,99,74,61,18,1,51,83,65,22,29,35,27,22,24,26,43,29,26,28,26,29,30,17,14,3,12,8,13,13,5,9,12,8,12,7,12,10,11,1513000,11,11,6,2024,3,1,2028,34,2009,National Draft,Ruck,Dominant hitouts (35.9/game),88,88,23,477,237,240,131,50,122,6,826,52,311,172,71,0.118,"2021,2022,2023,2024,2025,2026"
1371,Melbourne,Melbourne,11,30,Ed,Langdon,QLD,76,1,2,1996,187,84,54,43,51,59,61,50,52,43,55,50,46,51,52,66,49,59,66,60,53,49,74,60,62,78,99,50,48,91,10,45,53,53,27,20,21,28,56,39,27,25,25,23,19,29,22,39,45,4,14,1,14,3,15,10,8,13,4,1,16,2,2,4,626000,15,5,6,2023,27,10,2027,54,2014,National Draft,Outside Mid,"midfield profile: Outside Mid:5.44, Inside Mid:0.21",55,55,23,438,225,213,115,62,34,8,0,2,116,324,15,-0.603,"2021,2022,2023,2024,2025,2026"
1372,Melbourne,Melbourne,11,20,Harvey,Langford,WA,98,1,7,2006,187,87,45,44,45,57,57,49,42,41,60,45,40,53,53,65,51,60,60,62,52,38,68,60,58,83,75,52,40,89,14,50,57,52,22,19,27,23,45,42,26,29,28,29,23,38,33,30,54,1,10,6,8,11,7,1,11,10,4,6,14,12,6,8,548000,19,25,9,2023,19,1,2026,6,2024,National Draft,Outside Mid,"midfield profile: Outside Mid:2.58, Inside Mid:1.12",53,56,22,395,208,187,71,27,40,14,0,4,144,247,23,,
1373,Melbourne,Melbourne,11,32,Jack,Viney,VIC,72,13,4,1994,178,77,40,42,90,58,58,85,85,57,80,41,72,51,51,64,61,72,60,62,82,48,73,63,43,74,85,64,70,19,16,62,83,54,29,23,18,25,21,31,50,19,27,27,52,46,52,43,37,3,3,2,9,3,4,15,13,15,4,2,6,13,8,3,1259000,7,18,12,2025,25,6,2030,26,2012,National Draft,Inside Mid,"midfield profile: Inside Mid:16.12, Outside Mid:1.16",75,75,18,394,182,212,47,122,74,4,0,2,189,217,24,-0.383,"2021,2022,2023,2024,2025,2026"
1374,Melbourne,Melbourne,11,25,Kysaiah,Pickett,QLD,81,2,6,2001,188,85,47,55,65,57,70,66,69,65,60,47,57,70,67,65,81,69,64,65,65,57,77,73,47,79,65,54,60,62,20,43,83,48,23,30,31,34,50,26,50,26,55,61,25,49,61,47,35,14,2,12,7,12,10,6,5,7,4,6,4,10,8,6,1032000,36,21,6,2023,10,3,2028,12,2019,National Draft,Hybrid Mid Forward,Strong in both forward (fwd_c=4.61) and midfield (mid_c=3.52) signals,69,96,20,391,274,117,61,73,66,40,0,7,156,235,32,0.686,"2021,2022,2023,2024,2025,2026"
1375,Melbourne,Melbourne,11,26,Kade,Chandler,ACT,81,13,1,2000,186,87,47,45,62,57,54,57,52,40,54,45,56,49,50,64,53,57,71,61,61,47,83,59,87,80,69,57,45,68,1,52,34,54,29,29,30,37,58,29,72,33,58,66,35,73,81,72,27,7,2,8,4,5,2,5,2,4,10,5,8,1,7,9,524000,37,2,10,2026,28,3,2028,42,2025,National Draft,Hybrid Mid Forward,Strong in both midfield (mid_c=1.56) and forward (fwd_c=0.79) signals,53,63,23,336,187,149,87,88,34,18,0,1,127,220,21,2.314,"2021,2023,2024,2025,2026"
1376,Melbourne,Melbourne,11,26,Tom,Sparrow,NSW,97,31,5,2000,188,86,49,47,58,46,49,54,61,39,46,48,55,46,45,59,47,49,63,54,55,50,72,55,85,83,73,50,55,53,36,54,55,51,18,22,27,25,34,30,45,21,27,27,48,46,60,54,44,1,15,3,3,12,3,9,3,7,12,9,10,9,2,9,477000,32,28,3,2026,15,10,2031,27,2018,National Draft,Inside Mid,"midfield profile: Inside Mid:0.53, Outside Mid:-0.58",50,51,22,287,167,120,77,88,27,10,0,7,98,189,24,-0.165,"2021,2022,2023,2024,2025,2026"
1377,Melbourne,Melbourne,11,34,Steven,May,TAS,73,10,1,1992,191,89,81,58,36,61,47,40,41,42,41,79,61,53,56,57,44,42,68,65,44,53,76,59,72,69,76,53,43,72,10,54,51,60,28,46,47,28,18,32,19,25,19,22,25,23,30,21,33,16,10,14,4,9,11,14,11,6,6,8,13,7,9,15,524000,1,22,4,2023,14,10,2026,38,2022,Mid-Season Draft,Intercept Defender,"defensive profile: Intercept Defender:14.13, Key Defender:10.89, Half Back Flanker:7.80, Back Pocket:3.15",56,57,16,283,229,54,113,12,1,0,0,18,66,142,97,-0.36,"2021,2022,2023,2024,2025,2026"
1378,Melbourne,Melbourne,11,29,Bayley,Fritsch,NSW,74,6,12,1996,200,99,66,70,44,46,51,46,48,50,46,66,44,49,48,59,59,48,64,51,48,72,28,53,57,75,54,57,48,64,16,62,51,50,42,55,28,26,25,38,24,22,44,18,19,22,24,25,18,6,7,2,5,7,15,8,6,7,1,8,12,10,13,1,653000,31,19,9,2026,24,3,2029,31,2017,National Draft,Key Forward,"forward profile: Key Forward:11.19, Small Forward:3.33, Pressure Forward:-4.09",56,56,22,276,165,111,103,41,5,36,0,22,98,187,24,-0.5,"2021,2022,2023,2024,2025,2026"
1379,Melbourne,Melbourne,11,33,Tom,McDonald,VIC,84,18,9,1992,197,95,68,50,40,52,46,44,43,39,47,66,63,43,46,55,43,45,69,59,47,52,72,52,88,57,61,53,46,39,1,46,47,55,28,45,53,31,29,47,29,27,27,23,25,20,28,22,39,10,13,7,4,9,5,12,3,11,7,14,8,4,9,7,454000,25,14,9,2023,22,1,2026,53,2010,National Draft,Intercept Defender,"defensive profile: Intercept Defender:10.01, Key Defender:8.61, Back Pocket:3.83, Half Back Flanker:2.36",51,51,17,245,163,82,104,19,2,1,0,11,83,162,104,-0.116,"2021,2022,2023,2024,2025,2026"
1380,Melbourne,Melbourne,11,20,Xavier,Lindsay,TAS,72,1,7,2006,194,93,42,40,42,52,49,41,40,34,44,41,44,43,44,55,43,46,47,52,46,48,73,52,86,73,81,62,39,90,43,57,38,51,19,36,36,40,26,35,20,30,27,20,22,28,28,19,32,5,9,11,12,11,15,15,7,9,5,2,2,15,11,11,313000,20,8,8,2024,15,12,2027,11,2024,National Draft,Medium Defender,"defensive profile: Half Back Flanker:-0.05, Back Pocket:-0.06, Intercept Defender:-0.30, Key Defender:-0.40 -> fallback Medium Defender (no standout)",41,46,18,244,139,105,57,33,19,2,0,0,64,183,23,,
1381,Melbourne,Melbourne,11,22,Judd,McVee,VIC,94,7,8,2003,191,92,52,42,37,54,55,39,33,37,45,50,44,54,53,55,42,45,58,51,45,50,77,52,69,81,89,56,34,44,20,46,37,55,25,37,37,37,26,42,30,23,30,31,28,29,21,32,23,11,3,6,12,10,7,8,14,11,15,10,12,15,6,12,370000,4,23,2,2026,5,11,2029,16,2021,Rookie Draft,Medium Defender,"defensive profile: Half Back Flanker:2.67, Intercept Defender:2.47, Key Defender:1.99, Back Pocket:0.23 -> fallback Medium Defender (no standout)",45,49,17,244,154,90,76,15,16,0,0,3,71,173,38,0.036,"2023,2024,2025,2026"
1382,Melbourne,Melbourne,11,21,Caleb,Windsor,QLD,92,1,7,2005,177,78,42,40,41,50,63,40,41,40,43,41,44,63,62,55,44,53,51,60,45,45,78,60,51,89,81,56,37,62,30,58,52,68,18,27,28,21,45,35,27,23,17,26,28,27,27,24,44,7,14,2,5,11,13,13,6,10,4,1,1,1,15,13,524000,6,23,6,2023,1,1,2026,7,2023,National Draft,Half Back Flanker,"defensive profile: Half Back Flanker:3.30, Intercept Defender:1.02, Key Defender:0.16, Back Pocket:-0.20",50,57,17,242,153,89,51,29,15,2,0,1,61,193,23,-0.529,"2024,2025,2026"
1383,Melbourne,Melbourne,11,24,Daniel,Turner,QLD,94,28,1,2002,196,95,80,65,42,51,44,44,39,45,44,80,57,45,47,56,46,45,65,59,49,94,32,53,70,99,39,51,39,49,26,47,39,49,39,59,73,76,30,36,35,36,24,36,28,32,27,27,27,3,6,12,7,9,8,9,3,9,13,10,3,8,11,11,681000,10,13,6,2026,2,2,2030,46,2025,National Draft,Key Defender,"defensive profile: Key Defender:7.21, Intercept Defender:6.35, Back Pocket:2.33, Half Back Flanker:0.01",57,69,19,232,170,62,117,24,5,7,0,25,89,144,83,1.141,"2023,2024,2025,2026"
1384,Melbourne,Melbourne,11,34,Jake,Melksham,VIC,97,29,8,1991,201,102,59,68,43,42,44,45,46,59,40,61,43,49,47,53,61,48,56,56,48,77,38,57,84,86,58,63,48,44,19,53,47,55,51,58,31,33,34,46,33,27,58,21,25,32,25,21,28,12,13,9,10,12,13,14,7,11,7,3,13,2,7,11,599000,18,18,1,2024,25,2,2029,10,2009,National Draft,Key Forward,"forward profile: Key Forward:10.62, Small Forward:4.06, Pressure Forward:-4.40",54,56,19,186,143,43,68,31,6,33,0,18,84,99,22,0.198,"2021,2022,2023,2024,2025,2026"
1385,Melbourne,Melbourne,11,23,Jacob,van Rooyen,VIC,94,16,4,2003,197,94,52,61,51,41,41,52,53,45,49,55,51,43,42,50,51,46,52,49,54,86,29,49,69,64,83,58,53,43,25,48,49,52,26,54,33,27,32,22,28,64,48,22,27,30,31,22,33,6,7,9,5,4,14,10,7,8,5,9,9,7,9,9,477000,2,19,2,2023,23,7,2025,19,2021,National Draft,Hybrid Key Forward Ruck,"Ruck minutes (4.1 HO/g) plus forward output (CM/g=0.75, GL/g=1.00)",49,53,16,165,84,81,46,42,13,16,66,12,85,87,30,-0.357,"2023,2024,2025,2026"
1386,Melbourne,Melbourne,11,26,Harry,Petty,VIC,80,12,11,1999,200,96,62,65,43,39,39,44,47,48,41,64,50,41,41,51,51,41,57,48,48,92,39,48,97,77,80,64,49,52,1,53,44,62,67,73,28,32,25,42,23,25,63,31,35,30,32,31,24,2,6,11,8,8,7,12,8,10,9,6,9,11,12,8,500000,35,9,4,2023,8,3,2027,46,2025,National Draft,Key Forward,"forward profile: Key Forward:7.24, Small Forward:0.69, Pressure Forward:-3.27",50,56,19,164,106,58,77,33,3,20,17,19,79,95,50,,
1387,Melbourne,Melbourne,11,23,Blake,Howes,NT,78,1,7,2003,184,81,44,41,42,46,42,41,41,34,42,43,49,40,41,45,42,38,44,48,46,43,64,43,72,80,88,51,43,55,31,58,32,61,24,22,31,36,27,36,22,26,16,16,15,17,27,17,16,15,11,11,2,7,13,13,4,9,16,1,3,14,2,9,262000,22,7,11,2023,8,1,2027,39,2021,National Draft,Medium Defender,"defensive profile: Back Pocket:1.53, Key Defender:1.33, Intercept Defender:0.25, Half Back Flanker:-1.51 -> fallback Medium Defender (no standout)",39,41,12,130,63,67,40,23,1,1,0,1,39,95,26,-0.534,"2024,2025,2026"
1388,Melbourne,Melbourne,11,23,Harry,Sharp,TAS,96,17,12,2002,174,76,35,42,35,37,43,33,36,35,32,36,39,48,46,48,43,34,37,48,40,10,96,38,80,99,80,52,37,61,51,44,32,50,27,35,24,37,77,51,50,33,57,62,24,50,28,27,33,9,9,9,5,8,2,8,7,9,9,12,8,2,11,10,188000,30,5,1,2023,9,8,2028,43,2020,National Draft,Small Forward,"forward profile: Small Forward:1.24, Pressure Forward:-1.05, Key Forward:-1.15",34,40,18,116,71,45,36,24,1,8,0,0,34,89,13,0.458,"2021,2022,2023,2024,2025,2026"
1389,Melbourne,Melbourne,11,30,Jake,Lever,ACT,83,5,3,1996,200,97,60,45,40,48,41,41,42,38,42,57,54,39,40,41,40,39,57,49,45,70,23,44,57,55,39,53,47,71,18,65,32,64,18,32,39,43,19,27,23,24,26,14,23,26,19,26,22,15,5,2,10,1,3,4,12,15,2,8,1,15,16,5,411000,8,1,11,2023,19,7,2026,14,2014,National Draft,Key Defender,"defensive profile: Key Defender:4.53, Intercept Defender:3.75, Back Pocket:2.60, Half Back Flanker:-0.87",43,43,8,96,54,42,45,13,1,0,0,3,29,68,30,-0.832,"2021,2022,2023,2024,2025,2026"
1390,Melbourne,Melbourne,11,26,Charlie,Spargo,VIC,80,25,11,1999,184,86,36,40,47,40,42,45,47,39,43,36,43,43,42,41,40,44,38,53,49,52,65,49,79,70,87,56,47,41,40,56,40,65,25,20,25,18,19,26,40,17,22,15,35,39,40,36,30,8,14,3,16,2,6,16,6,14,3,14,10,16,16,11,296000,9,2,5,2023,3,2,2029,29,2017,National Draft,Inside Mid,"midfield profile: Inside Mid:-2.34, Outside Mid:-4.22",39,40,10,96,46,50,21,26,8,1,0,0,39,61,4,-0.92,"2021,2022,2023,2024,2025,2026"
1391,Melbourne,Melbourne,11,21,Koltyn,Tholstrup,TAS,75,1,7,2005,176,76,38,48,45,34,35,43,46,39,38,42,44,40,39,37,41,35,35,47,47,14,89,36,78,60,99,62,46,76,43,43,41,54,24,23,24,24,28,16,44,25,23,30,36,32,17,39,25,5,11,9,11,5,9,19,2,12,5,6,16,6,2,12,231000,12,2,2,2023,18,11,2027,13,2023,National Draft,Pressure Forward,"forward profile: Pressure Forward:1.10, Small Forward:-0.02, Key Forward:-0.18",36,43,9,64,31,33,13,23,3,3,0,4,30,31,5,-2.193,"2024,2025,2026"
1392,Melbourne,Melbourne,11,23,Jai,Culley,QLD,87,24,2,2003,188,87,59,60,58,52,43,58,42,48,62,62,49,47,47,39,50,55,40,57,62,51,72,53,82,79,96,69,40,68,24,60,32,56,23,26,26,28,35,26,45,32,46,45,32,47,53,40,23,15,7,9,5,12,7,4,2,10,4,3,5,8,5,2,477000,46,17,3,2026,4,12,2028,1,2021,Mid-Season Draft,Hybrid Mid Forward,Strong in both forward (fwd_c=1.90) and midfield (mid_c=1.03) signals,51,54,4,54,25,29,14,11,11,3,0,4,31,24,5,0.1,"2022,2023,2024,2026"
1393,Melbourne,Melbourne,11,26,Jack,Henderson,WA,74,1,10,1999,171,73,39,46,46,41,41,46,44,38,46,41,42,44,43,36,44,42,39,49,50,20,87,41,75,94,58,57,43,25,47,52,45,50,24,27,30,19,56,31,49,19,44,45,24,35,29,28,28,2,4,2,15,12,13,15,13,2,13,2,12,15,8,2,246000,43,13,7,2024,7,3,2030,55,2023,Father-Son,Small Forward,"forward profile: Small Forward:0.60, Pressure Forward:0.07, Key Forward:-0.98",37,42,5,50,25,25,11,10,4,2,0,1,23,27,3,,
1394,Melbourne,Melbourne,11,22,Matthew,Jefferson,VIC,99,1,7,2004,199,99,39,52,35,31,33,34,37,40,33,41,40,38,37,34,44,32,35,46,40,89,32,41,99,75,63,59,35,61,45,52,45,56,57,68,34,26,33,42,31,21,63,23,28,33,23,23,26,8,6,2,13,1,3,15,4,5,10,14,15,8,4,3,188000,21,18,7,2024,17,9,2026,15,2022,National Draft,Key Forward,"forward profile: Key Forward:3.21, Small Forward:1.17, Pressure Forward:-1.35",34,39,7,38,22,16,13,9,2,4,1,2,16,21,7,,
1395,Melbourne,Melbourne,11,26,Aidan,Johnson,VIC,87,1,7,2000,204,104,36,54,49,25,29,50,69,43,37,40,58,36,36,32,44,31,33,41,48,97,42,39,88,63,83,29,70,29,41,55,68,57,30,65,43,23,30,29,33,71,52,35,23,24,30,36,32,14,8,10,6,11,1,11,6,13,12,8,1,6,4,15,246000,42,10,6,2023,24,1,2025,68,2024,National Draft,Hybrid Key Forward Ruck,"Ruck minutes (3.8 HO/g) plus forward output (CM/g=0.40, GL/g=0.60)",36,39,5,27,15,12,5,15,7,3,19,2,17,9,14,,
1396,Melbourne,Melbourne,11,30,Jack,Billings,QLD,89,18,8,1995,178,78,34,38,46,48,44,44,37,49,54,35,38,37,37,35,41,45,49,47,50,43,76,44,65,75,83,50,33,61,18,55,45,65,18,13,18,22,17,27,33,21,19,17,40,36,39,42,22,2,4,14,18,13,12,7,16,13,7,6,11,12,7,4,313000,14,6,9,2023,21,11,2028,3,2013,National Draft,Inside Mid,"midfield profile: Inside Mid:-0.87, Outside Mid:-2.49",40,41,1,14,5,9,2,2,1,0,0,0,5,9,0,-1.451,"2021,2022,2023,2024,2025"
1397,Melbourne,Melbourne,11,23,Taj,Woewodin,QLD,96,1,7,2003,179,79,30,39,35,46,43,34,29,33,38,32,34,47,50,32,40,40,24,55,43,48,82,47,70,83,88,50,29,54,43,53,28,63,33,27,21,23,43,43,25,24,31,26,29,28,19,32,45,8,7,4,12,12,11,12,15,15,8,12,6,5,10,14,231000,40,13,4,2023,1,11,2025,65,2021,National Draft,Half Back Flanker,"defensive profile: Half Back Flanker:2.86, Intercept Defender:0.19, Back Pocket:-0.31, Key Defender:-0.82",34,39,1,10,6,4,1,1,1,0,0,0,3,8,0,0.196,"2023,2024,2025"
1398,Melbourne,Melbourne,11,27,Tom,Fullarton,NSW,95,23,2,1999,188,88,27,43,36,31,29,38,36,33,36,30,38,38,38,27,37,33,32,44,44,58,88,41,68,64,64,79,38,57,43,45,36,53,31,24,48,58,27,33,40,21,25,27,24,25,23,27,29,5,10,11,10,11,14,11,3,6,4,3,11,6,7,7,140000,33,10,7,2023,1,11,2028,71,2025,National Draft,Back Pocket,"defensive profile: Back Pocket:1.34, Key Defender:-0.69, Intercept Defender:-6.42, Half Back Flanker:-7.92",29,33,2,9,5,4,1,2,1,0,16,0,7,2,2,,
1399,Melbourne,Melbourne,11,22,Jed,Adams,VIC,81,1,7,2004,182,81,35,39,46,33,29,42,51,33,33,36,64,39,40,26,38,27,47,50,46,48,67,36,71,68,71,39,53,77,8,48,28,51,30,17,43,43,25,22,39,17,23,23,25,21,28,18,29,4,14,4,13,10,5,13,10,3,13,15,5,14,4,12,246000,26,25,12,2026,12,10,2029,38,2022,National Draft,Back Pocket,"defensive profile: Back Pocket:5.47, Key Defender:3.65, Intercept Defender:0.85, Half Back Flanker:-4.37",38,40,1,5,2,3,2,3,0,0,0,0,2,2,4,,
1400,Melbourne,Melbourne,11,24,Bailey,Laurie,TAS,87,1,7,2002,184,84,31,40,25,26,35,25,28,34,27,33,29,43,42,25,38,33,1,55,33,47,77,45,72,41,56,50,26,42,73,54,45,63,60,40,40,25,30,51,32,37,50,56,32,29,30,35,33,6,8,4,9,4,2,10,6,11,9,3,6,4,11,6,140000,16,28,1,2025,6,4,2030,22,2020,National Draft,Medium Forward,"forward profile: Small Forward:-0.85, Key Forward:-2.00, Pressure Forward:-2.30 -> fallback Medium Forward (no standout)",28,37,1,3,2,1,1,0,0,0,0,0,1,2,0,2.194,"2023,2024,2025"
1401,North Melbourne,North Melbourne,12,21,Harry,Sheezel,VIC,76,13,10,2004,186,83,60,44,71,80,76,69,66,54,80,56,58,57,59,79,67,79,70,69,69,47,62,72,72,82,84,59,55,54,4,50,70,55,26,20,23,26,48,44,32,25,25,21,23,35,32,33,54,6,12,8,1,7,11,2,6,6,9,5,2,13,5,10,1142000,3,6,9,2025,21,3,2030,3,2022,National Draft,Outside Mid,"midfield profile: Outside Mid:11.50, Inside Mid:9.80",72,80,23,674,341,333,133,99,81,8,0,4,199,464,23,0.609,"2023,2024,2025,2026"
1402,North Melbourne,North Melbourne,12,30,Caleb,Daniel,VIC,90,7,7,1996,187,88,46,40,45,77,73,45,45,37,53,44,43,74,75,73,48,54,66,63,49,52,70,66,61,65,84,48,44,25,14,53,50,67,19,18,26,29,44,42,21,18,25,29,28,25,26,30,42,13,15,4,10,9,5,4,15,4,5,10,10,11,11,10,862000,5,11,5,2025,21,4,2028,46,2014,National Draft,Half Back Flanker,"defensive profile: Half Back Flanker:15.43, Intercept Defender:8.25, Key Defender:0.81, Back Pocket:-2.55",63,63,23,589,376,213,88,44,22,0,0,1,104,357,19,-0.64,"2021,2022,2023,2024,2025,2026"
1403,North Melbourne,North Melbourne,12,27,Luke,Davies-Uniacke,VIC,86,8,6,1999,179,82,46,43,76,64,73,80,74,64,86,45,54,69,67,72,65,81,65,68,76,54,78,70,43,74,87,49,66,27,12,59,84,45,22,25,32,26,38,38,60,32,26,35,69,57,67,70,47,11,11,4,12,12,1,13,5,14,5,10,5,6,5,3,1383000,9,2,9,2025,2,5,2030,4,2017,National Draft,Inside Mid,"midfield profile: Inside Mid:18.12, Outside Mid:5.11",77,80,22,544,257,287,82,91,135,8,0,2,254,305,15,0.294,"2021,2022,2023,2024,2025,2026"
1404,North Melbourne,North Melbourne,12,21,Colby,McKercher,QLD,88,1,7,2005,188,89,44,42,42,66,86,44,51,43,50,43,40,87,83,70,55,59,65,64,46,42,64,67,80,66,98,42,50,70,15,59,69,61,22,22,13,16,37,29,27,18,18,17,22,22,22,31,38,14,2,4,9,9,6,8,8,7,14,13,5,15,12,15,1068000,10,11,11,2023,23,2,2029,2,2023,National Draft,Outside Mid,"midfield profile: Outside Mid:17.42, Inside Mid:-1.94",68,75,23,532,342,190,78,40,32,12,0,3,97,383,17,-1.401,"2024,2025,2026"
1405,North Melbourne,North Melbourne,12,24,Tom,Powell,WA,89,2,3,2002,188,85,46,40,70,66,68,65,66,49,69,43,58,56,57,72,57,68,63,66,66,57,79,64,53,70,69,50,55,63,39,60,65,47,33,31,33,29,37,39,65,32,27,29,70,59,66,63,49,13,2,6,10,5,5,5,13,5,9,1,12,11,11,2,928000,24,5,11,2024,18,7,2026,13,2020,National Draft,Inside Mid,"midfield profile: Inside Mid:9.78, Outside Mid:5.87",65,71,23,529,241,288,88,109,96,6,0,0,158,366,13,0.651,"2021,2022,2023,2024,2025,2026"
1406,North Melbourne,North Melbourne,12,33,Luke,Parker,VIC,82,25,10,1992,182,85,47,45,73,62,57,75,68,44,79,47,55,48,48,68,52,69,61,57,72,59,77,61,63,71,88,55,63,28,29,53,72,54,23,28,26,21,28,27,52,17,28,27,57,43,50,51,38,14,11,1,17,13,10,2,6,11,4,4,4,10,6,7,1105000,26,15,2,2024,22,11,2030,40,2010,National Draft,Inside Mid,"midfield profile: Inside Mid:15.28, Outside Mid:1.64",67,68,22,513,252,261,78,95,113,12,0,6,235,274,19,-1.591,"2021,2022,2023,2024,2025,2026"
1407,North Melbourne,North Melbourne,12,28,Jy,Simpkin,VIC,95,5,3,1998,189,89,49,47,62,62,66,65,62,52,68,48,50,60,59,67,59,71,65,65,64,51,62,69,78,83,96,53,58,9,1,58,72,69,16,24,22,22,32,16,32,26,34,39,15,36,32,30,25,12,8,10,2,11,7,2,2,9,2,4,12,11,15,13,894000,12,3,1,2023,6,11,2026,12,2016,National Draft,Hybrid Mid Forward,Strong in both midfield (mid_c=4.41) and forward (fwd_c=0.84) signals,63,63,21,465,269,196,85,67,79,12,0,5,183,286,22,-0.768,"2021,2022,2023,2024,2025,2026"
1408,North Melbourne,North Melbourne,12,25,Dylan,Stephens,TAS,92,1,7,2001,182,80,50,40,39,58,61,40,40,40,50,47,38,54,54,64,47,53,64,58,45,49,83,56,79,69,75,53,39,56,23,48,48,48,28,21,20,33,52,49,37,32,33,33,20,38,28,37,61,5,2,6,13,7,14,11,5,14,2,12,3,4,7,11,500000,15,15,6,2026,19,9,2031,5,2019,National Draft,Outside Mid,"midfield profile: Outside Mid:5.63, Inside Mid:-3.28",51,57,22,385,206,179,103,26,24,6,0,0,89,294,17,0.453,"2021,2022,2023,2024,2025,2026"
1409,North Melbourne,North Melbourne,12,27,Tristan,Xerri,VIC,76,15,3,1999,204,104,41,67,99,52,38,99,90,55,92,45,79,45,46,63,58,65,66,54,93,71,29,52,82,66,64,72,80,27,25,59,66,54,27,45,46,36,20,33,27,56,20,20,36,30,35,43,27,10,2,7,5,10,5,3,3,8,9,3,5,3,9,5,928000,38,24,4,2024,24,3,2029,72,2017,National Draft,Ruck,Dominant hitouts (35.0/game),66,73,20,345,123,222,33,132,139,4,699,9,270,76,54,3.255,"2021,2022,2023,2024,2025,2026"
1410,North Melbourne,North Melbourne,12,20,Finn,O'Sullivan,NT,77,1,7,2006,188,86,50,44,41,52,52,42,44,36,45,49,46,48,50,61,43,48,64,57,46,51,61,53,67,62,71,47,46,51,7,51,42,63,24,35,45,16,27,30,25,23,17,22,18,24,20,25,30,10,10,9,8,6,3,11,14,10,2,7,1,8,11,15,411000,2,17,5,2024,8,8,2028,2,2024,National Draft,Intercept Defender,"defensive profile: Intercept Defender:2.70, Half Back Flanker:2.17, Key Defender:1.59, Back Pocket:0.45",47,55,22,315,180,135,88,36,11,1,0,5,82,235,42,,
1411,North Melbourne,North Melbourne,12,25,Charlie,Comben,VIC,76,20,7,2001,191,85,73,60,38,44,46,45,53,44,46,75,61,49,50,57,44,43,70,58,45,68,36,49,53,98,61,44,57,30,17,51,60,69,22,48,59,52,34,42,27,31,31,31,29,34,22,28,20,4,11,3,1,6,5,5,11,6,3,5,5,2,1,3,626000,30,12,10,2023,11,11,2026,31,2019,National Draft,Key Defender,"defensive profile: Key Defender:9.84, Intercept Defender:8.53, Back Pocket:3.91, Half Back Flanker:0.30",55,60,20,245,150,95,110,16,2,0,0,23,88,151,116,1.383,"2021,2022,2023,2024,2025,2026"
1412,North Melbourne,North Melbourne,12,31,Luke,McDonald,VIC,74,9,2,1995,190,88,52,44,44,56,50,44,43,37,45,50,55,48,50,53,43,47,59,59,48,44,81,53,83,85,85,58,43,60,9,53,36,66,26,48,50,18,19,45,21,26,22,23,25,27,25,22,36,13,4,1,4,4,8,7,14,2,9,4,8,15,2,13,454000,11,11,5,2024,11,9,2026,8,2013,National Draft,Intercept Defender,"defensive profile: Intercept Defender:6.61, Key Defender:4.47, Half Back Flanker:3.84, Back Pocket:2.14",48,49,15,232,139,93,67,30,5,0,0,4,61,160,55,-0.748,"2021,2022,2023,2024,2025,2026"
1413,North Melbourne,North Melbourne,12,28,Cameron,Zurhaar,VIC,87,22,5,1998,199,97,58,65,47,41,46,49,53,51,43,60,45,49,47,57,60,48,63,54,50,90,26,55,65,68,68,52,53,32,28,49,56,59,55,53,26,26,29,45,22,25,59,20,30,25,27,24,30,13,6,14,13,5,6,10,11,10,3,6,10,7,9,6,599000,44,22,9,2025,24,12,2028,11,2016,Rookie Draft,Key Forward,"forward profile: Key Forward:9.12, Small Forward:4.81, Pressure Forward:-2.73",54,55,22,232,168,64,85,47,9,38,0,18,105,137,22,-0.162,"2021,2022,2023,2024,2025,2026"
1414,North Melbourne,North Melbourne,12,23,Paul,Curtis,VIC,72,4,3,2003,191,87,61,69,66,43,44,64,72,52,50,63,59,44,44,56,63,50,62,53,62,71,28,55,70,62,72,61,66,45,1,55,62,58,58,49,28,30,32,41,35,23,49,30,24,31,20,27,24,3,11,3,11,5,12,5,6,11,13,9,3,4,3,3,709000,25,5,7,2023,26,6,2028,35,2021,National Draft,Key Forward,"forward profile: Key Forward:9.00, Small Forward:7.00, Pressure Forward:1.91",60,65,19,223,150,73,75,85,14,38,0,17,114,114,21,0.945,"2022,2023,2024,2025,2026"
1415,North Melbourne,North Melbourne,12,21,Riley,Hardeman,TAS,83,1,7,2005,191,88,45,41,37,53,52,37,34,39,41,43,45,53,54,55,43,46,49,58,44,47,77,55,52,63,99,58,34,47,58,55,35,66,34,41,54,57,35,43,30,28,35,29,31,30,25,36,25,6,10,2,8,11,6,7,6,1,10,12,12,5,4,7,332000,17,20,3,2024,21,11,2027,23,2023,National Draft,Medium Defender,"defensive profile: Intercept Defender:2.99, Half Back Flanker:2.94, Key Defender:1.75, Back Pocket:0.66 -> fallback Medium Defender (no standout)",44,53,17,221,147,74,56,16,6,0,0,1,57,162,37,1.644,"2024,2025,2026"
1416,North Melbourne,North Melbourne,12,34,Jack,Darling,VIC,95,13,6,1992,201,100,62,69,49,39,36,52,53,51,46,67,46,41,40,55,51,44,64,49,52,91,30,49,66,84,72,51,55,20,14,51,53,55,54,52,30,20,26,42,19,26,59,27,30,19,20,19,22,9,4,16,16,12,7,2,17,16,1,7,10,10,17,9,599000,28,23,9,2025,24,3,2030,26,2010,National Draft,Key Forward,"forward profile: Key Forward:7.90, Small Forward:-0.23, Pressure Forward:-3.01",53,54,22,215,139,76,74,48,25,24,55,29,128,92,31,-0.945,"2021,2022,2023,2024,2025,2026"
1417,North Melbourne,North Melbourne,12,22,Jacob,Konstanty,QLD,86,1,7,2004,178,79,35,45,53,37,40,50,57,45,42,36,52,44,42,57,45,40,55,49,52,12,90,41,75,77,85,55,52,57,27,60,53,61,27,21,26,22,43,25,60,29,33,36,43,41,32,57,30,10,12,2,3,6,14,3,5,12,5,7,4,5,14,11,370000,41,13,4,2026,20,1,2030,20,2022,National Draft,Pressure Forward,"forward profile: Pressure Forward:3.80, Small Forward:2.32, Key Forward:-1.68",45,50,23,210,114,96,38,79,12,11,0,2,90,116,22,,
1418,North Melbourne,North Melbourne,12,22,George,Wardlaw,SA,91,1,7,2004,180,82,33,40,76,52,53,70,70,47,59,34,62,53,53,52,47,63,41,64,70,48,74,65,59,94,76,62,58,71,28,51,61,68,20,23,32,33,24,25,48,28,24,28,54,58,60,56,34,5,5,6,4,10,5,3,8,5,5,7,5,12,6,7,738000,6,4,5,2025,5,12,2030,4,2022,National Draft,Inside Mid,"midfield profile: Inside Mid:8.65, Outside Mid:-0.83",61,68,13,202,128,74,21,70,41,4,0,0,98,107,9,0.793,"2023,2024,2025,2026"
1419,North Melbourne,North Melbourne,12,28,Griffin,Logue,VIC,86,13,4,1998,197,93,57,47,40,46,43,42,44,36,45,55,64,43,44,51,42,40,61,55,46,71,24,45,51,65,97,54,48,35,1,50,38,68,18,29,40,39,17,26,15,28,19,17,21,27,20,21,26,10,2,13,4,7,9,3,3,3,12,14,4,2,8,3,454000,19,15,2,2023,9,4,2028,8,2016,National Draft,Key Defender,"defensive profile: Key Defender:7.41, Intercept Defender:6.81, Back Pocket:4.42, Half Back Flanker:-0.95",45,46,16,186,93,93,74,23,9,1,3,7,60,121,95,-0.274,"2021,2022,2023,2024,2025,2026"
1420,North Melbourne,North Melbourne,12,19,Toby,Pink,TAS,92,30,3,2007,189,90,67,55,39,46,42,41,44,40,40,66,62,46,49,52,41,40,70,60,45,49,84,50,73,58,74,54,46,82,1,59,41,54,39,42,66,61,33,55,29,25,28,25,34,36,26,34,25,2,9,11,12,9,7,10,6,4,4,12,2,7,6,12,411000,32,28,10,2024,22,7,2026,45,2025,National Draft,Medium Defender,"defensive profile: Key Defender:8.34, Intercept Defender:7.97, Back Pocket:4.33, Half Back Flanker:0.64 -> fallback Medium Defender (no standout)",52,68,17,180,124,56,88,22,1,0,0,14,59,115,91,1.416,"2024,2025,2026"
1421,North Melbourne,North Melbourne,12,28,Nick,Larkey,VIC,72,6,6,1998,193,88,69,79,41,43,38,44,38,54,45,73,43,39,38,50,67,42,67,45,48,80,28,48,72,76,80,65,40,38,1,46,40,56,49,45,26,22,26,34,24,27,46,23,20,17,20,26,18,11,13,10,6,4,12,8,5,14,14,2,3,10,14,6,653000,20,2,2,2024,15,9,2030,73,2016,National Draft,Key Forward,"forward profile: Key Forward:16.38, Small Forward:5.52, Pressure Forward:-7.80",57,58,17,165,108,57,78,18,3,41,1,22,87,86,33,0.131,"2021,2022,2023,2024,2025,2026"
1422,North Melbourne,North Melbourne,12,32,Aidan,Corr,NSW,79,17,5,1994,187,82,49,40,41,51,42,42,48,34,39,46,59,43,46,45,41,38,57,55,45,44,63,49,59,85,58,50,51,79,14,57,46,53,24,40,35,14,22,30,14,21,19,23,17,15,16,19,29,15,6,15,10,4,7,10,14,3,3,11,10,4,14,13,332000,4,2,9,2023,21,8,2025,14,2012,National Draft,Intercept Defender,"defensive profile: Intercept Defender:7.72, Key Defender:5.19, Half Back Flanker:3.99, Back Pocket:3.32",43,43,10,137,100,37,43,18,1,0,0,1,36,82,46,-0.872,"2021,2022,2023,2024,2025,2026"
1423,North Melbourne,North Melbourne,12,26,Bailey,Scott,VIC,74,9,7,2000,183,84,46,42,37,48,55,36,36,40,37,44,39,57,56,45,43,44,43,53,43,54,82,51,57,73,96,48,38,20,34,50,24,53,28,22,24,21,45,34,20,18,28,29,22,26,24,31,56,4,3,9,15,2,15,11,13,14,10,9,10,7,13,3,390000,8,16,4,2023,21,10,2028,49,2018,National Draft,Half Back Flanker,"defensive profile: Half Back Flanker:0.20, Back Pocket:-0.40, Key Defender:-1.44, Intercept Defender:-2.37",43,45,12,126,73,53,44,18,4,3,0,1,28,106,7,-0.357,"2021,2022,2023,2024,2025,2026"
1424,North Melbourne,North Melbourne,12,22,Robert,Hansen,VIC,84,29,2,2004,192,91,37,41,33,42,49,33,32,45,37,38,35,54,52,44,43,39,33,52,41,54,68,48,72,79,86,55,31,51,64,57,35,60,50,26,22,36,35,45,30,29,42,44,33,20,25,23,23,7,11,2,6,3,6,3,8,6,9,9,3,10,10,5,231000,46,21,5,2023,12,12,2028,58,2022,Rookie Draft,Medium Forward,"forward profile: Small Forward:-0.16, Key Forward:-2.01, Pressure Forward:-2.40 -> fallback Medium Forward (no standout)",36,46,12,104,62,42,26,8,9,3,0,0,31,73,6,1.621,"2023,2024,2025,2026"
1425,North Melbourne,North Melbourne,12,24,Will,Phillips,VIC,93,1,7,2002,179,82,40,44,70,48,47,64,66,44,61,41,60,45,45,43,42,53,35,55,65,48,68,50,64,73,67,46,57,26,41,65,49,67,17,31,19,27,30,26,53,20,30,21,46,41,45,50,29,13,10,10,6,6,2,1,4,6,12,6,9,9,8,13,574000,29,27,12,2026,25,10,2030,3,2020,National Draft,Inside Mid,"midfield profile: Inside Mid:9.52, Outside Mid:-4.48",54,61,7,101,36,65,17,35,30,0,0,1,43,59,5,0.604,"2021,2023,2024,2025"
1426,North Melbourne,North Melbourne,12,29,Darcy,Tucker,NT,85,23,1,1997,190,90,45,39,36,53,53,35,35,33,40,43,39,47,46,42,42,43,44,49,42,44,80,51,74,82,81,61,36,49,18,49,30,58,26,43,48,42,26,44,24,22,21,21,27,31,19,33,30,11,4,10,12,12,4,11,12,6,10,11,3,2,2,10,262000,13,1,9,2024,10,9,2027,27,2015,National Draft,Medium Defender,"defensive profile: Half Back Flanker:0.00, Back Pocket:-0.74, Key Defender:-0.95, Intercept Defender:-1.59 -> fallback Medium Defender (no standout)",38,40,7,93,51,42,26,10,1,0,0,0,16,75,4,0.357,"2021,2022,2023,2024,2025"
1427,North Melbourne,North Melbourne,12,28,Zac,Fisher,VIC,89,15,6,1998,194,92,28,39,43,49,45,43,37,36,49,31,38,47,48,41,45,45,30,52,49,41,73,49,78,52,90,64,36,30,43,58,37,59,18,28,43,39,24,36,18,19,23,21,23,18,26,18,18,14,1,13,12,5,6,14,1,15,2,14,3,3,6,3,262000,16,23,7,2025,23,4,2031,27,2016,National Draft,Medium Defender,"defensive profile: Half Back Flanker:0.01, Back Pocket:-1.10, Key Defender:-1.68, Intercept Defender:-2.30 -> fallback Medium Defender (no standout)",36,37,7,89,43,46,5,11,2,2,0,0,33,54,2,-0.105,"2021,2022,2023,2024,2025,2026"
1428,North Melbourne,North Melbourne,12,21,Zane,Duursma,WA,83,1,7,2005,193,90,45,48,29,39,38,29,26,40,32,45,32,42,42,39,43,34,33,49,38,77,36,44,87,99,67,53,27,73,48,44,26,57,43,46,26,23,20,34,24,27,43,25,23,26,21,21,24,9,3,15,8,7,16,11,13,5,8,11,12,2,7,9,216000,7,27,7,2025,19,9,2028,4,2023,National Draft,Key Forward,"forward profile: Key Forward:1.89, Small Forward:-0.60, Pressure Forward:-3.98",34,40,10,68,41,27,29,4,3,4,0,3,20,49,4,-0.73,"2024,2025,2026"
1429,North Melbourne,North Melbourne,12,22,Cooper,Harvey,TAS,91,1,7,2004,174,74,47,51,36,42,39,36,38,37,34,46,38,40,40,37,55,36,36,50,42,14,69,41,74,80,83,49,40,66,45,57,33,60,21,19,27,33,59,35,50,34,44,58,22,35,31,33,24,8,4,6,13,3,12,5,2,2,13,7,8,2,6,9,216000,37,3,3,2024,27,4,2029,56,2022,National Draft,Small Forward,"forward profile: Small Forward:5.02, Key Forward:4.19, Pressure Forward:-3.28",36,41,7,60,41,19,24,9,3,10,0,1,18,41,4,0.759,"2023,2024,2026"
1430,North Melbourne,North Melbourne,12,23,Finnbar,Maley,VIC,76,18,7,2003,202,103,57,66,43,35,34,43,43,44,40,62,48,39,38,35,44,36,35,45,47,85,36,42,73,66,61,52,45,42,30,48,37,58,62,53,26,23,20,35,19,29,58,21,26,24,29,31,20,12,1,10,13,3,3,14,6,4,5,12,14,5,11,15,370000,39,24,11,2023,22,9,2026,2,2023,Rookie Draft,Key Forward,"forward profile: Key Forward:6.17, Small Forward:-1.96, Pressure Forward:-2.60",44,48,7,46,22,24,19,13,4,4,11,8,27,22,15,,
1431,North Melbourne,North Melbourne,12,26,Brynn,Teakle,VIC,99,16,10,1999,210,109,46,55,63,41,37,60,60,36,49,48,54,45,46,34,42,47,41,55,61,74,26,51,82,70,89,74,57,47,25,43,49,60,16,28,28,17,25,25,24,50,21,24,17,19,19,28,22,14,5,4,16,12,17,17,7,11,14,4,5,11,14,9,432000,43,23,12,2023,16,12,2029,8,2021,Mid-Season Draft,Ruck,Dominant hitouts (15.8/game),45,47,4,41,27,14,11,17,14,1,63,2,26,16,4,-2.181,"2022,2023,2025"
1432,North Melbourne,North Melbourne,12,20,Wil,Dawson,NSW,74,1,7,2006,198,96,57,49,45,33,34,42,51,37,31,57,63,39,40,32,38,32,49,50,45,75,37,43,56,86,74,52,49,93,18,45,51,54,17,34,54,48,17,24,24,25,22,20,26,17,16,23,17,7,15,15,5,15,14,4,8,4,15,17,11,1,8,7,390000,18,1,8,2026,17,10,2031,22,2023,National Draft,Key Defender,"defensive profile: Key Defender:6.12, Back Pocket:5.18, Intercept Defender:3.48, Half Back Flanker:-3.04",42,46,5,35,27,8,22,14,0,0,3,3,13,23,22,-1.535,"2024,2025,2026"
1433,North Melbourne,North Melbourne,12,24,Zac,Banch,VIC,98,1,7,2002,185,83,45,45,35,38,46,36,31,35,38,45,35,56,52,32,41,36,28,47,43,41,82,43,63,54,76,69,33,44,54,63,28,56,38,20,29,25,24,41,28,19,45,38,31,27,28,29,18,4,4,14,14,5,4,9,2,8,7,14,3,2,9,8,231000,45,18,3,2026,26,3,2030,2,2024,Mid-Season Draft,Medium Forward,"forward profile: Key Forward:-0.37, Small Forward:-0.89, Pressure Forward:-2.79 -> fallback Medium Forward (no standout)",35,38,4,27,15,12,12,3,0,1,0,1,14,16,2,,
1434,North Melbourne,North Melbourne,12,20,Cooper,Trembath,QLD,89,17,10,2005,199,100,73,92,48,47,31,49,30,58,50,82,40,36,35,33,71,40,42,43,57,83,39,43,58,94,83,78,32,48,4,44,11,51,54,70,29,22,23,47,21,34,58,21,21,25,32,28,29,4,7,8,12,4,10,7,14,5,6,3,2,13,5,9,709000,47,7,11,2026,8,7,2028,16,2025,National Draft,Key Forward,"forward profile: Key Forward:21.29, Small Forward:5.69, Pressure Forward:-9.96",59,70,3,26,16,10,10,5,0,9,0,6,20,8,2,,
1435,North Melbourne,North Melbourne,12,23,Jackson,Archer,VIC,87,1,7,2003,183,79,30,39,33,42,38,32,32,33,34,32,40,41,42,32,39,34,32,48,40,48,81,43,71,95,82,58,35,26,24,54,22,51,33,29,44,68,28,27,42,34,29,30,23,26,23,34,33,4,11,10,8,13,7,6,5,14,2,13,9,8,6,10,150000,34,6,9,2024,25,3,2027,59,2021,National Draft,Back Pocket,"defensive profile: Back Pocket:1.02, Key Defender:0.20, Intercept Defender:-1.78, Half Back Flanker:-2.50",31,35,3,24,13,11,3,3,0,0,0,0,6,18,4,-0.02,"2022,2023,2024,2025,2026"
1436,North Melbourne,North Melbourne,12,28,Kallan,Dawson,VIC,75,1,7,1998,189,86,42,38,35,35,39,35,49,33,33,40,62,44,45,32,38,30,43,51,38,40,75,38,58,73,77,42,55,36,8,65,45,59,16,28,37,27,21,34,22,16,16,25,25,14,26,24,20,4,14,11,12,6,3,2,4,10,12,4,2,16,7,11,262000,42,23,5,2025,23,1,2027,2,2021,Mid-Season Draft,Medium Defender,"defensive profile: Key Defender:5.42, Back Pocket:5.16, Intercept Defender:4.84, Half Back Flanker:-0.97 -> fallback Medium Defender (no standout)",38,39,3,23,11,12,10,5,0,0,0,0,4,17,16,-0.938,"2022,2023,2024,2025"
1437,North Melbourne,North Melbourne,12,21,Geordie,Payne,WA,74,1,7,2005,176,79,28,44,42,32,32,43,51,39,37,30,44,37,36,29,48,32,33,44,45,13,83,33,71,90,84,59,56,67,35,52,39,43,32,32,25,34,70,43,48,26,45,56,28,48,23,21,25,9,3,2,3,7,12,5,11,7,2,10,2,14,8,7,175000,23,16,6,2025,3,8,2029,1,2023,Mid-Season Draft,Small Forward,"forward profile: Small Forward:4.38, Key Forward:0.38, Pressure Forward:-0.01",31,36,3,16,7,9,2,6,0,3,0,0,9,8,3,,
1438,North Melbourne,North Melbourne,12,20,Matt,Whitlock,TAS,95,1,7,2006,177,80,33,39,31,30,33,33,37,33,34,34,31,35,34,29,43,30,21,43,38,21,84,33,52,65,82,44,36,57,39,55,53,57,26,25,32,24,70,40,47,26,54,69,26,51,24,32,27,14,6,8,12,2,5,13,2,13,10,9,12,9,4,14,140000,35,9,8,2026,13,6,2030,27,2024,National Draft,Small Forward,"forward profile: Small Forward:1.54, Key Forward:-1.62, Pressure Forward:-2.06",28,34,2,12,7,5,3,1,0,1,0,0,5,8,0,,
1439,North Melbourne,North Melbourne,12,27,Callum,Coleman-Jones,QLD,98,1,7,1999,174,74,23,39,27,18,24,27,42,32,19,27,33,34,33,20,34,19,1,42,32,15,87,26,63,83,90,39,47,50,83,46,45,49,19,16,21,17,32,26,48,21,18,27,40,35,17,38,17,12,14,10,2,13,16,2,6,18,8,13,7,11,12,10,140000,21,24,3,2025,10,1,2028,20,2017,National Draft,Pressure Forward,"forward profile: Pressure Forward:0.13, Small Forward:-0.42, Key Forward:-2.54",28,30,1,0,0,0,0,1,0,0,2,0,0,0,0,-1.733,"2021,2022,2023,2024,2025"
1440,Port Adelaide,Port Adelaide,13,26,Connor,Rozee,VIC,72,22,1,2000,180,79,55,46,64,76,75,63,67,64,65,52,57,71,73,74,77,71,67,75,63,49,82,78,59,90,61,62,57,64,18,52,80,64,35,34,23,23,62,63,37,22,35,31,23,41,41,52,65,10,5,5,14,2,5,2,9,13,6,11,1,8,13,5,1220000,1,12,3,2023,1,5,2026,5,2018,National Draft,Outside Mid,"midfield profile: Outside Mid:13.15, Inside Mid:6.76",74,80,21,576,378,198,102,79,67,11,0,4,150,350,32,0.758,"2021,2022,2023,2024,2025,2026"
1441,Port Adelaide,Port Adelaide,13,25,Zak,Butters,QLD,86,8,9,2000,183,85,49,46,87,76,87,87,73,90,94,48,62,88,83,74,81,88,64,73,84,38,68,76,83,99,82,73,62,67,8,53,71,52,20,32,29,23,27,38,40,32,23,34,51,52,57,47,34,10,9,2,13,6,1,9,10,6,9,8,3,7,3,13,1794000,9,16,10,2026,23,11,2030,12,2018,National Draft,Inside Mid,"midfield profile: Inside Mid:20.53, Outside Mid:10.02",89,95,20,559,272,287,71,102,132,1,0,5,249,310,19,1.3,"2021,2022,2023,2024,2025,2026"
1442,Port Adelaide,Port Adelaide,13,31,Ollie,Wines,VIC,90,7,10,1994,188,88,46,43,76,64,59,78,69,47,90,44,53,49,50,69,52,74,52,61,76,40,79,60,44,66,95,58,60,75,28,62,79,62,26,25,15,25,20,25,42,16,19,23,40,40,49,39,30,10,9,8,2,4,8,1,17,9,11,6,10,10,8,3,1181000,16,12,11,2023,24,8,2025,7,2012,National Draft,Inside Mid,"midfield profile: Inside Mid:17.90, Outside Mid:1.13",71,72,20,508,197,311,77,86,112,3,21,2,232,273,11,-0.941,"2021,2022,2023,2024,2025,2026"
1443,Port Adelaide,Port Adelaide,13,27,Kane,Farrell,TAS,75,17,3,1999,187,85,52,42,47,66,65,47,55,37,43,49,50,72,74,67,48,54,64,72,48,37,75,72,64,52,99,47,52,71,29,48,60,54,25,29,27,29,41,40,31,28,18,31,25,19,20,38,48,4,2,9,5,11,12,4,10,9,11,5,9,3,11,7,799000,6,9,4,2023,2,6,2027,51,2017,National Draft,Half Back Flanker,"defensive profile: Half Back Flanker:12.74, Intercept Defender:8.10, Key Defender:1.72, Back Pocket:-0.49",62,66,21,426,340,86,96,48,21,3,0,2,80,251,36,0.974,"2021,2022,2023,2024,2025,2026"
1444,Port Adelaide,Port Adelaide,13,27,Willem,Drew,WA,80,1,10,1998,184,86,38,41,85,54,52,78,80,39,69,38,73,49,48,66,45,61,64,56,75,47,68,56,51,77,79,55,69,69,20,57,66,56,20,18,19,23,33,36,52,27,29,21,46,50,46,55,38,8,5,2,8,11,3,8,10,14,8,12,13,9,8,13,962000,28,21,3,2025,20,9,2031,33,2016,National Draft,Inside Mid,"midfield profile: Inside Mid:13.25, Outside Mid:-1.65",66,67,23,418,186,232,50,150,93,2,0,2,193,220,45,-0.287,"2021,2022,2023,2024,2025,2026"
1445,Port Adelaide,Port Adelaide,13,23,Jase,Burgoyne,VIC,93,15,7,2003,187,83,54,45,54,61,58,53,50,39,58,52,52,53,55,65,48,59,69,62,56,57,89,63,63,54,54,54,43,30,1,47,57,60,36,36,32,30,78,66,40,25,28,24,37,47,35,44,73,7,12,10,6,6,1,5,5,6,10,6,4,2,12,4,626000,7,13,4,2025,1,9,2029,60,2021,National Draft,Outside Mid,"midfield profile: Outside Mid:4.24, Inside Mid:1.47",56,64,20,384,224,160,92,53,32,3,0,4,121,241,33,0.996,"2022,2023,2024,2025,2026"
1446,Port Adelaide,Port Adelaide,13,24,Miles,Bergman,TAS,75,18,10,2001,185,85,58,47,60,55,63,57,60,46,52,56,57,67,69,61,50,61,64,71,58,56,88,69,44,83,66,56,51,59,25,41,69,59,28,33,22,28,54,53,30,30,31,31,22,30,31,39,64,9,5,8,1,2,6,6,3,11,11,8,12,8,8,8,862000,14,22,10,2024,10,3,2029,14,2019,National Draft,Half Back Flanker,"defensive profile: Half Back Flanker:7.04, Intercept Defender:4.99, Key Defender:1.57, Back Pocket:0.65",62,67,19,338,232,106,97,69,30,6,0,7,115,214,37,0.491,"2021,2022,2023,2024,2025,2026"
1447,Port Adelaide,Port Adelaide,13,26,Joe,Richards,SA,74,23,11,1999,188,86,46,46,55,53,53,51,49,43,52,46,48,49,48,62,50,51,62,53,55,53,78,54,72,66,76,55,44,34,20,63,46,63,18,31,28,30,35,27,41,20,36,50,19,37,47,39,31,2,6,7,8,12,6,2,4,2,7,1,6,15,2,1,477000,35,2,9,2023,3,4,2029,48,2022,National Draft,Hybrid Mid Forward,Strong in both forward (fwd_c=0.84) and midfield (mid_c=0.74) signals,49,51,22,335,170,165,74,71,25,15,0,5,111,211,11,-0.131,"2024,2025,2026"
1448,Port Adelaide,Port Adelaide,13,38,Travis,Boak,SA,89,1,8,1988,186,84,49,43,58,56,59,58,59,43,65,46,50,50,50,58,49,60,54,55,58,45,76,55,61,49,82,49,55,7,15,54,69,57,17,25,25,19,32,24,42,26,25,18,54,50,47,45,39,18,18,16,4,6,5,18,14,10,17,16,9,14,1,14,709000,10,19,3,2026,22,6,2032,5,2006,National Draft,Inside Mid,"midfield profile: Inside Mid:5.87, Outside Mid:3.61",56,57,16,328,143,185,67,52,42,6,0,2,113,217,17,-1.915,"2021,2022,2023,2024,2025"
1449,Port Adelaide,Port Adelaide,13,23,Jason,Horne-Francis,VIC,74,21,6,2003,195,96,53,55,63,63,74,68,68,72,67,52,49,75,72,60,76,74,50,69,66,47,76,75,71,77,59,55,63,46,37,52,74,55,28,31,35,30,35,31,40,32,35,42,25,38,54,37,30,5,12,2,8,8,4,2,6,3,10,2,12,10,6,6,1068000,18,20,6,2023,24,7,2025,1,2021,National Draft,Hybrid Mid Forward,Strong in both midfield (mid_c=4.63) and forward (fwd_c=2.75) signals,71,85,15,313,201,112,62,44,69,14,0,5,129,182,13,1.691,"2022,2023,2024,2025,2026"
1450,Port Adelaide,Port Adelaide,13,31,Aliir,Aliir,SA,79,5,9,1994,200,97,76,60,42,49,43,46,47,44,45,77,59,46,48,59,44,44,75,58,49,79,32,52,86,60,66,51,48,45,1,42,54,63,23,48,57,54,20,34,19,25,26,26,26,25,22,19,29,16,4,4,3,16,12,2,11,12,5,1,15,14,6,1,738000,21,22,9,2024,5,3,2026,44,2013,National Draft,Key Defender,"defensive profile: Key Defender:9.70, Intercept Defender:9.08, Back Pocket:3.54, Half Back Flanker:1.57",57,58,22,290,215,75,130,29,9,1,0,28,114,164,115,-0.641,"2021,2022,2023,2024,2025,2026"
1451,Port Adelaide,Port Adelaide,13,30,Darcy,Byrne-Jones,SA,94,20,9,1995,176,74,42,45,44,49,47,43,39,42,44,41,41,47,46,58,50,47,61,54,48,19,77,48,72,71,81,63,36,3,37,62,41,63,20,19,17,17,51,24,38,15,36,47,24,33,23,23,28,2,7,2,4,14,8,2,2,7,10,15,13,3,14,7,370000,33,10,1,2025,5,9,2029,52,2013,National Draft,Small Forward,"forward profile: Small Forward:2.80, Key Forward:0.61, Pressure Forward:-1.15",43,44,22,280,180,100,71,41,20,19,0,1,100,174,17,-0.802,"2021,2022,2023,2024,2025,2026"
1452,Port Adelaide,Port Adelaide,13,24,Mitch,Georgiades,SA,89,28,9,2001,198,98,77,87,40,44,45,44,49,56,43,80,40,44,43,60,74,46,72,50,46,67,31,55,77,99,67,62,50,39,1,62,60,62,44,57,21,27,22,34,28,20,52,25,27,21,26,31,26,13,5,11,3,11,13,11,2,11,12,10,7,14,5,11,894000,19,8,6,2026,3,5,2028,18,2019,National Draft,Key Forward,"forward profile: Key Forward:19.99, Small Forward:5.65, Pressure Forward:-7.55",64,67,23,278,203,75,126,28,4,58,0,34,106,169,27,0.349,"2021,2022,2023,2024,2025,2026"
1453,Port Adelaide,Port Adelaide,13,24,Jackson,Mead,SA,87,30,9,2001,179,81,41,41,49,47,49,47,53,40,46,41,49,45,46,57,43,46,60,54,50,39,78,51,49,89,83,45,51,34,26,61,49,54,19,19,32,24,56,37,25,22,27,30,30,33,28,43,56,11,7,12,8,7,6,10,1,7,10,3,10,9,11,1,370000,44,23,8,2024,12,3,2028,25,2019,National Draft,Outside Mid,"midfield profile: Outside Mid:-0.72, Inside Mid:-1.09",45,49,20,264,133,131,54,57,26,3,0,2,77,184,20,0.286,"2022,2023,2024,2025,2026"
1454,Port Adelaide,Port Adelaide,13,28,Sam,Powell-Pepper,VIC,97,8,1,1998,191,90,49,52,51,47,56,52,60,49,52,47,49,52,51,54,58,56,58,59,52,59,83,58,76,62,99,53,58,33,25,54,63,50,28,23,30,26,42,23,48,21,43,46,24,45,56,49,26,2,9,14,13,12,6,9,4,3,11,7,5,2,7,14,548000,2,1,12,2025,5,11,2027,18,2016,National Draft,Hybrid Mid Forward,Strong in both forward (fwd_c=2.84) and midfield (mid_c=0.56) signals,52,53,16,234,118,116,62,44,11,18,0,3,79,162,18,-0.543,"2021,2022,2023,2024,2025,2026"
1455,Port Adelaide,Port Adelaide,13,23,Josh,Sinn,SA,99,7,1,2003,194,91,44,42,37,49,43,36,37,36,36,44,46,48,50,56,42,38,50,56,43,45,80,52,77,66,96,53,36,28,44,52,39,64,35,46,56,61,28,47,38,32,25,30,31,37,29,35,35,8,2,10,4,8,2,4,9,8,6,3,6,8,11,8,278000,8,23,7,2024,19,12,2028,12,2021,National Draft,Medium Defender,"defensive profile: Intercept Defender:2.61, Half Back Flanker:2.18, Key Defender:1.97, Back Pocket:1.27 -> fallback Medium Defender (no standout)",42,51,20,229,172,57,63,25,6,0,0,2,53,136,43,1.664,"2022,2023,2024,2025,2026"
1456,Port Adelaide,Port Adelaide,13,28,Jordon,Sweet,VIC,94,2,2,1998,207,105,38,63,62,38,40,64,74,38,57,40,66,45,46,55,44,49,63,51,61,93,40,49,51,78,97,53,72,56,20,47,70,57,30,56,48,28,36,34,27,68,24,36,32,36,34,50,25,9,12,11,9,11,3,1,13,11,8,2,6,4,7,9,524000,24,3,1,2023,1,2,2026,45,2025,Father-Son,Ruck,Dominant hitouts (37.3/game),51,57,19,213,92,121,36,68,57,4,708,3,125,97,69,0.996,"2021,2022,2024,2025,2026"
1457,Port Adelaide,Port Adelaide,13,24,Lachie,Jones,WA,75,9,4,2002,201,103,46,48,45,42,40,46,46,37,46,48,53,45,47,53,41,43,54,56,50,63,20,48,70,79,97,59,44,68,38,51,50,53,23,27,38,34,21,23,24,20,20,21,24,17,22,22,21,14,13,3,3,4,6,11,15,6,9,7,5,10,9,4,390000,34,17,3,2025,20,12,2030,16,2020,National Draft,Key Defender,"defensive profile: Key Defender:3.80, Intercept Defender:2.81, Back Pocket:2.45, Half Back Flanker:-0.72",43,44,18,196,110,86,50,34,12,1,0,8,87,111,55,-0.375,"2021,2022,2023,2024,2025,2026"
1458,Port Adelaide,Port Adelaide,13,31,Willie,Rioli,WA,98,4,6,1995,179,80,41,50,42,41,43,43,46,47,39,41,41,45,44,53,55,44,63,53,46,20,89,46,70,74,57,48,47,37,9,59,47,52,33,20,30,27,61,41,53,20,49,59,22,38,27,29,26,13,3,7,9,14,7,3,15,5,11,5,7,8,8,8,350000,15,22,12,2023,19,10,2026,52,2016,National Draft,Small Forward,"forward profile: Small Forward:5.36, Key Forward:3.35, Pressure Forward:-1.78",43,44,19,186,128,58,49,34,14,27,0,3,72,111,13,-0.21,"2022,2023,2024,2025"
1459,Port Adelaide,Port Adelaide,13,19,Christian,Moraes,VIC,91,8,11,2006,185,81,41,43,43,50,48,40,37,42,45,41,40,45,45,49,43,45,41,55,47,52,65,49,63,72,70,55,35,59,36,58,28,57,39,28,20,18,18,34,27,25,46,31,17,29,18,18,20,13,4,8,4,3,13,13,6,7,6,2,3,3,7,7,313000,31,25,1,2025,27,4,2029,38,2024,National Draft,Medium Forward,"forward profile: Pressure Forward:-0.06, Small Forward:-0.67, Key Forward:-2.12 -> fallback Medium Forward (no standout)",40,43,14,171,74,97,39,29,7,2,0,1,44,124,2,,
1460,Port Adelaide,Port Adelaide,13,29,Ryan,Burton,NSW,88,31,1,1997,184,82,50,40,38,64,54,41,44,33,45,47,44,50,52,49,46,50,43,59,44,50,82,63,99,69,79,46,47,35,36,53,49,56,21,21,28,31,50,46,25,25,32,20,26,26,21,36,50,13,6,11,15,16,4,11,3,9,5,8,2,6,3,1,432000,3,10,2,2024,20,11,2029,19,2015,National Draft,Half Back Flanker,"defensive profile: Half Back Flanker:5.83, Intercept Defender:4.59, Key Defender:0.91, Back Pocket:-1.07",47,48,8,154,109,45,37,9,2,1,0,0,31,92,16,-0.46,"2021,2022,2023,2024,2025"
1461,Port Adelaide,Port Adelaide,13,27,Brandon,Zerk-Thatcher,NSW,82,25,8,1998,200,101,61,51,43,41,39,46,50,38,44,61,61,42,44,47,41,40,67,56,47,79,32,47,55,74,91,52,50,50,20,45,57,65,32,40,54,48,22,35,19,26,22,24,22,26,31,31,24,2,9,6,12,5,12,3,4,12,1,7,15,3,4,9,500000,25,21,2,2026,9,4,2028,66,2017,National Draft,Key Defender,"defensive profile: Key Defender:7.60, Intercept Defender:6.67, Back Pocket:4.20, Half Back Flanker:-0.49",48,49,13,143,91,52,62,21,4,0,0,9,59,82,67,0.043,"2021,2022,2023,2024,2025,2026"
1462,Port Adelaide,Port Adelaide,13,28,Esava,Ratugolea,SA,92,24,7,1998,197,93,84,70,44,44,38,49,50,49,46,88,68,42,45,48,43,40,62,59,51,83,29,45,68,99,55,45,53,33,21,55,46,52,31,35,52,56,30,34,29,24,23,34,26,22,25,23,30,7,4,3,3,5,11,10,13,10,7,2,5,9,9,4,768000,27,13,12,2023,8,9,2029,43,2016,National Draft,Key Defender,"defensive profile: Key Defender:12.81, Intercept Defender:10.07, Back Pocket:5.30, Half Back Flanker:-1.13",60,63,13,142,86,56,75,21,5,0,3,23,65,80,82,0.716,"2021,2022,2023,2024,2025,2026"
1463,Port Adelaide,Port Adelaide,13,20,Logan,Evans,SA,74,7,10,2005,185,86,40,39,43,50,45,42,42,33,44,39,52,45,45,45,43,41,43,51,47,49,69,48,58,70,99,63,41,42,59,58,41,51,21,33,45,39,20,31,26,24,19,30,27,25,27,26,21,5,3,15,7,12,4,15,1,9,2,6,10,4,5,13,313000,22,15,7,2026,14,8,2028,12,2023,Mid-Season Draft,Medium Defender,"defensive profile: Intercept Defender:2.33, Key Defender:2.02, Back Pocket:1.61, Half Back Flanker:0.75 -> fallback Medium Defender (no standout)",41,44,10,129,78,51,28,18,2,1,0,0,39,82,29,-0.379,"2024,2025,2026"
1464,Port Adelaide,Port Adelaide,13,24,Mani,Liddy,SA,78,20,2,2002,187,87,47,41,44,48,52,42,47,41,42,44,41,48,49,45,44,50,47,61,46,60,87,57,75,74,89,58,41,18,14,53,59,53,33,22,23,25,77,56,37,27,25,22,25,49,38,42,66,10,6,8,10,12,1,6,7,11,9,14,4,6,10,3,370000,50,26,1,2026,9,2,2031,52,2025,National Draft,Outside Mid,"midfield profile: Outside Mid:1.80, Inside Mid:-2.92",44,51,9,127,80,47,37,20,9,1,0,0,31,94,2,,
1465,Port Adelaide,Port Adelaide,13,20,Joe,Berry,SA,73,18,4,2006,191,91,38,42,41,41,44,39,41,38,37,38,40,47,46,43,42,41,41,53,44,46,61,49,71,69,61,58,40,50,26,58,39,68,30,16,29,23,22,37,23,18,31,31,17,20,28,24,23,13,11,7,9,1,7,10,4,4,7,14,7,11,11,11,262000,5,18,10,2023,23,2,2028,15,2024,National Draft,Medium Forward,"forward profile: Small Forward:0.54, Pressure Forward:0.48, Key Forward:-2.18 -> fallback Medium Forward (no standout)",36,38,12,108,64,44,29,23,6,3,0,0,34,71,4,,
1466,Port Adelaide,Port Adelaide,13,24,Ollie,Lord,TAS,88,2,1,2002,199,100,43,54,37,32,33,40,45,42,38,45,48,37,36,43,46,34,54,40,42,94,30,40,78,69,59,43,51,69,39,48,43,61,60,68,31,30,23,41,21,27,62,23,21,30,32,24,29,11,4,2,3,1,3,11,3,16,13,2,1,3,2,15,278000,30,22,10,2023,1,1,2029,49,2020,National Draft,Key Forward,"forward profile: Key Forward:4.35, Small Forward:1.20, Pressure Forward:-2.84",38,42,15,92,45,47,34,16,2,12,17,7,52,49,48,-0.821,"2023,2024,2025,2026"
1467,Port Adelaide,Port Adelaide,13,23,Hugh,Jackson,NSW,86,3,5,2003,183,83,32,40,39,42,41,38,40,41,39,33,40,42,42,40,41,40,29,49,44,40,65,48,65,61,73,46,41,67,41,54,33,64,26,22,46,56,19,22,32,23,18,18,23,30,18,30,22,2,5,3,6,9,12,10,3,10,4,12,8,15,13,15,202000,39,9,5,2025,5,4,2028,55,2021,National Draft,Back Pocket,"defensive profile: Back Pocket:0.19, Key Defender:-1.43, Half Back Flanker:-4.47, Intercept Defender:-4.50",35,37,9,84,43,41,12,15,12,1,0,0,25,52,6,,
1468,Port Adelaide,Port Adelaide,13,30,Jeremy,Finlayson,TAS,94,9,2,1996,198,96,53,57,36,39,43,39,45,40,37,54,40,45,45,39,45,40,40,49,42,75,25,48,71,59,74,47,49,73,47,59,49,60,22,44,27,26,23,17,24,45,36,21,23,24,23,24,27,2,2,8,14,10,8,8,8,11,8,7,11,1,10,3,350000,11,4,4,2023,3,11,2028,85,2014,National Draft,Hybrid Key Forward Ruck,"Ruck minutes (3.6 HO/g) plus forward output (CM/g=0.62, GL/g=0.62)",43,44,8,71,51,20,29,8,6,5,29,5,26,45,11,-0.728,"2021,2022,2023,2024,2025"
1469,Port Adelaide,Port Adelaide,13,21,Will,Lorenz,VIC,85,19,2,2005,179,79,34,42,48,49,42,46,39,33,46,35,49,43,45,39,45,44,37,52,52,48,75,49,71,84,92,62,37,69,38,65,31,62,30,21,31,50,26,25,38,28,28,17,28,27,28,27,24,10,8,1,6,14,4,4,5,14,11,7,11,4,15,12,313000,36,4,2,2026,20,7,2032,57,2023,National Draft,Back Pocket,"defensive profile: Back Pocket:0.77, Intercept Defender:-0.53, Half Back Flanker:-0.56, Key Defender:-0.64",41,45,6,70,40,30,11,14,3,2,0,0,28,43,10,,
1470,Port Adelaide,Port Adelaide,13,23,Dante,Visentini,NSW,94,13,2,2003,205,102,40,64,53,29,34,57,75,39,50,43,57,39,38,39,42,40,45,44,54,82,36,42,73,72,99,48,74,60,41,45,82,59,34,48,55,36,24,24,36,82,35,24,30,38,27,45,40,11,4,12,11,4,9,10,10,8,11,2,3,4,8,3,350000,38,14,10,2026,10,9,2032,56,2021,National Draft,Ruck,Dominant hitouts (21.5/game),43,51,8,69,27,42,13,22,24,1,172,3,42,28,22,1.374,"2023,2024,2025,2026"
1471,Port Adelaide,Port Adelaide,13,25,Jack,Lukosius,SA,78,9,8,2000,191,90,52,53,37,40,41,38,45,35,35,50,38,42,41,37,51,41,39,51,41,87,37,51,66,74,86,45,50,44,45,57,45,55,48,57,20,29,25,44,28,24,50,21,21,29,19,30,25,12,4,12,14,14,11,9,16,7,1,2,1,10,8,10,350000,12,5,10,2025,12,12,2029,2,2018,National Draft,Key Forward,"forward profile: Key Forward:5.22, Small Forward:3.43, Pressure Forward:-2.74",41,47,7,63,47,16,30,9,0,8,0,2,20,42,6,-0.899,"2021,2022,2023,2024,2025,2026"
1472,Port Adelaide,Port Adelaide,13,25,Jed,McEntee,VIC,79,15,2,2001,176,76,32,44,50,41,39,48,49,36,40,33,45,42,41,36,48,42,42,51,51,19,84,44,79,83,94,57,48,67,23,48,36,59,20,22,22,17,44,38,38,18,30,46,17,34,29,27,22,5,11,5,16,11,3,5,2,3,11,10,6,1,14,6,262000,41,22,5,2026,1,1,2031,13,2020,Mid-Season Draft,Small Forward,"forward profile: Small Forward:3.73, Pressure Forward:1.89, Key Forward:-0.91",37,40,6,52,33,19,8,18,0,5,0,0,24,28,1,-0.66,"2022,2023,2024,2025"
1473,Port Adelaide,Port Adelaide,13,32,Rory,Atkins,VIC,99,12,7,1994,178,75,41,39,34,51,44,36,35,33,42,40,37,48,52,37,42,42,24,58,42,54,86,51,71,67,87,48,40,47,42,51,33,48,24,27,34,26,45,39,27,32,22,23,34,27,26,41,64,9,8,5,13,2,7,13,8,13,2,6,11,13,6,14,278000,32,3,9,2023,23,5,2029,81,2012,National Draft,Half Back Flanker,"defensive profile: Half Back Flanker:3.53, Intercept Defender:2.08, Key Defender:0.44, Back Pocket:-0.30",38,40,3,38,23,15,9,2,1,0,0,0,10,24,3,0.251,"2021,2022,2023,2024,2025"
1474,Port Adelaide,Port Adelaide,13,20,Jack,Whitlock,SA,82,16,5,2006,186,83,42,55,48,32,35,42,54,35,33,43,51,36,36,32,49,31,45,43,46,49,78,40,55,72,88,50,50,3,26,51,49,49,45,20,33,32,28,36,38,21,51,41,26,22,29,22,26,2,13,13,2,1,9,8,7,4,9,2,12,4,8,5,231000,17,1,6,2026,9,4,2029,33,2024,National Draft,Medium Forward,"forward profile: Small Forward:4.06, Key Forward:3.68, Pressure Forward:2.32 -> fallback Medium Forward (no standout)",36,41,4,26,14,12,10,13,1,4,4,1,8,20,4,,
1475,Port Adelaide,Port Adelaide,13,20,Tom,Cochrane,VIC,97,27,1,2006,171,70,33,47,36,40,37,34,30,33,34,35,39,38,38,31,45,34,21,47,42,15,65,38,71,59,53,50,31,84,89,58,22,52,19,21,28,18,41,34,38,21,35,41,27,31,22,29,27,12,11,14,10,3,11,2,2,15,4,6,3,8,7,4,140000,37,26,2,2023,15,2,2028,13,2024,Rookie Draft,Small Forward,"forward profile: Small Forward:2.04, Key Forward:1.37, Pressure Forward:-1.81",30,33,3,20,12,8,5,4,1,2,0,0,7,14,2,,
1476,Port Adelaide,Port Adelaide,13,23,Ewan,Mackinlay,SA,81,18,7,2003,191,92,47,39,55,56,56,49,60,50,37,44,55,48,48,37,53,52,37,59,52,49,74,65,93,72,70,56,57,49,14,50,45,50,28,29,23,23,49,30,48,20,48,54,20,47,44,51,25,10,4,9,8,10,13,10,4,7,9,11,3,3,3,3,477000,49,10,6,2025,23,4,2030,37,2024,National Draft,Hybrid Mid Forward,Strong in both midfield (mid_c=1.45) and forward (fwd_c=0.56) signals,49,55,1,15,12,3,4,4,2,1,0,0,3,12,1,,
1477,Port Adelaide,Port Adelaide,13,25,Dylan,Williams,TAS,81,1,7,2001,187,86,30,40,32,35,35,31,35,33,26,32,39,46,44,27,38,26,25,42,39,46,74,41,94,63,96,44,38,72,40,47,28,59,30,32,46,60,22,31,37,30,28,36,32,29,31,28,29,11,11,10,4,5,3,8,9,6,1,3,12,9,9,2,140000,23,4,6,2024,9,9,2026,23,2019,National Draft,Back Pocket,"defensive profile: Back Pocket:1.42, Key Defender:-0.55, Half Back Flanker:-4.91, Intercept Defender:-5.13",28,33,2,9,8,1,2,2,0,0,0,0,3,4,2,0.999,"2021,2023,2024,2025"
1478,Port Adelaide,Port Adelaide,13,19,Harrison,Ramm,VIC,90,5,12,2006,180,76,47,39,35,36,37,28,35,33,20,44,53,42,44,26,38,29,43,53,37,51,77,45,75,99,61,50,33,63,24,61,28,49,23,25,38,56,20,24,37,31,21,28,30,29,21,29,26,5,5,4,13,15,7,4,7,14,10,4,14,15,10,6,188000,48,9,1,2026,11,6,2030,3,2024,Mid-Season Draft,Back Pocket,"defensive profile: Back Pocket:3.93, Key Defender:2.39, Intercept Defender:0.99, Half Back Flanker:-2.04",34,39,1,5,5,0,4,2,0,0,0,0,0,5,3,,
1479,Port Adelaide,Port Adelaide,13,30,Ivan,Soldo,SA,80,14,4,1996,183,82,30,43,34,30,32,37,42,32,34,31,42,37,37,26,37,33,27,44,41,46,72,41,56,97,71,39,47,65,67,51,45,50,24,17,37,53,22,16,34,23,26,24,24,20,20,24,26,17,5,9,5,16,15,15,5,17,2,5,12,17,8,2,150000,13,10,5,2025,16,4,2029,57,2023,National Draft,Back Pocket,"defensive profile: Back Pocket:2.10, Key Defender:0.57, Intercept Defender:-4.16, Half Back Flanker:-6.97",29,30,1,5,3,2,1,1,1,0,9,0,3,3,2,-1.069,"2022,2023,2024,2025,2026"
1480,Richmond,Richmond,14,29,Jacob,Hopper,VIC,91,6,2,1997,180,83,43,41,69,68,68,76,68,48,90,42,47,56,56,75,57,79,65,64,73,50,74,65,30,65,74,52,64,1,51,62,82,66,24,25,23,24,24,29,47,29,27,29,49,39,48,42,37,6,9,9,11,13,7,14,9,14,6,5,13,5,9,2,1181000,2,7,3,2024,5,3,2029,7,2015,National Draft,Inside Mid,"midfield profile: Inside Mid:16.42, Outside Mid:4.23",72,73,23,607,257,350,75,71,130,6,0,1,266,354,9,-0.209,"2021,2022,2023,2024,2025,2026"
1481,Richmond,Richmond,14,28,Tim,Taranto,NSW,95,28,1,1998,190,89,44,46,82,69,60,81,67,72,91,44,59,51,52,71,82,76,66,64,80,51,71,63,84,85,71,63,55,60,10,56,69,57,30,22,29,28,45,21,40,21,39,44,30,46,48,49,30,7,12,12,5,12,8,12,2,9,3,7,14,11,1,13,1220000,14,11,5,2026,4,7,2032,2,2016,National Draft,Hybrid Mid Forward,Strong in both midfield (mid_c=7.04) and forward (fwd_c=0.88) signals,74,76,21,538,219,319,63,103,116,15,0,4,249,275,15,-0.072,"2021,2022,2023,2024,2025,2026"
1482,Richmond,Richmond,14,23,Sam,Banks,NT,92,1,7,2003,185,86,51,41,45,73,63,43,42,40,48,48,44,54,57,70,51,54,63,60,49,59,76,64,78,69,99,58,40,39,7,49,35,57,37,26,34,30,64,47,32,26,33,28,32,30,26,45,71,7,1,2,11,10,4,9,10,3,11,8,11,1,2,2,574000,41,27,2,2025,2,10,2029,29,2021,National Draft,Half Back Flanker,"defensive profile: Half Back Flanker:9.16, Intercept Defender:4.81, Key Defender:-0.69, Back Pocket:-2.06",56,64,22,464,305,159,102,47,23,4,0,0,80,338,13,1.558,"2023,2024,2025,2026"
1483,Richmond,Richmond,14,25,Jack,Ross,WA,74,3,9,2000,182,80,51,44,64,58,65,63,62,46,66,49,53,60,59,67,47,67,64,65,63,49,68,62,68,52,91,44,58,82,38,49,57,56,31,23,32,28,28,32,55,22,28,24,64,59,50,53,33,4,6,3,12,4,7,9,9,7,10,8,11,8,14,7,830000,5,5,9,2025,20,3,2027,43,2018,National Draft,Inside Mid,"midfield profile: Inside Mid:6.94, Outside Mid:3.49",62,65,23,440,188,252,98,89,69,4,0,4,164,289,19,0.204,"2021,2022,2023,2024,2025,2026"
1484,Richmond,Richmond,14,32,Nick,Vlastuin,VIC,91,19,4,1994,187,87,73,56,50,61,48,53,54,49,51,72,51,51,56,66,50,50,65,64,53,52,83,61,66,81,70,64,53,54,21,54,61,63,24,42,48,27,19,44,19,26,31,24,26,19,22,24,41,13,11,8,13,2,13,14,10,6,2,3,4,9,6,13,653000,1,4,1,2026,13,8,2028,9,2012,National Draft,Intercept Defender,"defensive profile: Intercept Defender:8.95, Half Back Flanker:8.16, Key Defender:5.62, Back Pocket:0.46",59,60,22,421,309,112,134,47,7,0,0,21,132,219,51,-0.216,"2021,2022,2023,2024,2025,2026"
1485,Richmond,Richmond,14,31,Toby,Nankervis,NT,99,12,8,1994,206,105,43,66,68,47,42,71,75,43,67,46,62,44,44,62,49,55,65,52,67,75,24,53,53,86,93,50,74,36,2,54,73,58,25,43,42,29,32,32,20,63,31,25,29,29,24,43,25,2,3,13,13,11,12,4,11,5,8,8,13,10,12,14,681000,25,18,3,2023,1,12,2027,35,2013,National Draft,Ruck,Dominant hitouts (33.0/game),57,58,22,349,173,176,47,84,103,6,727,10,194,139,58,0.09,"2021,2022,2023,2024,2025,2026"
1486,Richmond,Richmond,14,32,Kamdyn,McIntosh,WA,86,3,4,1994,190,91,48,45,48,48,51,48,50,39,48,48,48,48,48,61,45,50,59,54,50,43,68,53,75,83,83,47,47,79,46,62,56,67,22,31,30,32,26,31,26,17,22,26,22,16,17,22,22,3,7,15,5,14,16,5,5,15,13,17,16,6,6,2,477000,33,19,3,2026,25,11,2031,31,2012,National Draft,Medium Defender,"defensive profile: Half Back Flanker:0.71, Intercept Defender:0.49, Key Defender:0.20, Back Pocket:0.02 -> fallback Medium Defender (no standout)",48,48,23,333,185,148,83,58,31,8,6,7,109,236,35,-1.144,"2021,2022,2023,2024,2025"
1487,Richmond,Richmond,14,23,Tom,Brown,NSW,75,1,7,2003,186,81,52,44,39,52,49,40,40,38,41,50,47,53,55,61,45,45,62,60,45,40,76,55,54,74,82,46,40,67,32,47,44,54,16,31,39,34,22,32,17,24,21,25,27,20,25,25,20,15,5,3,5,3,5,14,6,9,14,11,2,2,14,8,432000,30,4,1,2024,26,8,2030,17,2021,National Draft,Medium Defender,"defensive profile: Half Back Flanker:5.19, Intercept Defender:4.98, Key Defender:2.17, Back Pocket:0.70 -> fallback Medium Defender (no standout)",48,51,23,322,235,87,104,30,10,6,0,5,86,212,59,-0.694,"2023,2024,2025,2026"
1488,Richmond,Richmond,14,30,Jayden,Short,VIC,84,24,1,1996,184,82,62,40,37,71,68,37,41,35,37,55,42,61,63,59,47,54,57,64,42,49,69,71,74,84,99,61,42,8,15,64,42,70,15,15,24,23,35,29,22,15,14,24,16,24,14,28,38,3,8,10,7,3,4,1,2,12,2,6,6,7,9,9,681000,15,6,2,2025,18,4,2027,11,2014,Rookie Draft,Half Back Flanker,"defensive profile: Half Back Flanker:11.32, Intercept Defender:6.78, Key Defender:-0.08, Back Pocket:-1.82",55,55,15,318,252,66,105,24,9,3,0,0,41,239,20,-0.902,"2021,2022,2023,2024,2025,2026"
1489,Richmond,Richmond,14,33,Nathan,Broad,VIC,72,15,4,1993,194,89,62,45,40,53,50,39,38,37,40,58,57,49,50,59,41,41,70,55,44,46,73,51,78,79,82,54,38,31,7,63,39,59,25,40,51,16,21,37,16,27,24,24,26,24,24,20,27,8,14,7,11,5,1,10,2,12,2,3,9,15,11,5,411000,35,2,12,2025,16,7,2027,67,2015,National Draft,Intercept Defender,"defensive profile: Intercept Defender:7.36, Key Defender:5.62, Half Back Flanker:3.71, Back Pocket:2.83",48,48,22,309,211,98,129,34,3,0,0,8,73,221,98,-0.798,"2021,2022,2023,2024,2025,2026"
1490,Richmond,Richmond,14,20,Luke,Trainor,NSW,78,1,7,2006,191,90,51,45,41,49,51,42,47,38,42,50,46,48,49,59,43,47,56,55,45,57,74,55,69,66,74,58,46,79,16,43,57,56,31,43,44,45,31,48,24,19,30,23,21,30,30,33,26,14,6,13,14,15,4,14,14,15,10,9,12,9,12,9,390000,31,14,6,2024,6,9,2027,21,2024,National Draft,Medium Defender,"defensive profile: Intercept Defender:2.15, Half Back Flanker:1.96, Key Defender:1.57, Back Pocket:0.38 -> fallback Medium Defender (no standout)",46,50,21,293,196,97,83,35,13,1,0,6,79,211,37,,
1491,Richmond,Richmond,14,26,Ben,Miller,WA,80,31,8,1999,191,89,72,53,41,51,42,41,42,39,39,70,66,44,47,61,41,40,76,61,46,41,64,51,53,70,72,52,44,78,1,57,37,68,25,47,43,26,17,36,26,17,18,17,22,20,22,21,33,11,7,1,1,9,13,1,12,6,9,5,14,7,10,11,432000,12,16,9,2023,24,12,2028,63,2017,National Draft,Intercept Defender,"defensive profile: Intercept Defender:10.00, Key Defender:9.20, Back Pocket:4.68, Half Back Flanker:2.27",51,54,23,286,211,75,140,40,1,0,2,19,80,181,135,0.572,"2021,2022,2023,2024,2025,2026"
1492,Richmond,Richmond,14,21,Seth,Campbell,VIC,99,1,7,2005,190,89,41,47,51,49,57,49,47,40,50,41,47,60,57,60,56,52,65,56,54,44,73,56,63,73,69,54,42,60,26,53,46,67,31,23,29,35,43,22,50,24,49,57,28,43,49,41,23,8,3,3,10,3,8,1,3,12,5,9,11,9,3,12,454000,44,27,11,2025,26,10,2029,12,2022,Rookie Draft,Hybrid Mid Forward,Strong in both forward (fwd_c=2.24) and midfield (mid_c=0.51) signals,49,56,22,284,158,126,56,56,29,28,0,2,110,178,18,1.376,"2024,2025,2026"
1493,Richmond,Richmond,14,33,Dion,Prestia,VIC,79,12,10,1992,178,79,43,41,60,64,60,61,54,41,73,42,48,47,48,57,49,66,52,59,62,43,75,59,75,78,85,55,49,47,39,55,63,49,26,16,27,26,20,23,41,23,26,27,45,39,48,44,28,16,12,7,3,14,7,6,1,4,8,3,11,9,17,3,768000,3,15,11,2023,6,11,2025,9,2010,National Draft,Inside Mid,"midfield profile: Inside Mid:10.01, Outside Mid:3.14",58,59,12,276,119,157,40,36,53,4,0,1,99,177,11,-0.935,"2021,2022,2023,2024,2025,2026"
1494,Richmond,Richmond,14,23,Tyler,Sonsie,VIC,93,1,7,2003,181,83,45,40,42,50,51,42,43,36,47,42,39,45,45,54,44,49,52,55,46,41,70,54,70,61,87,52,40,12,30,48,55,58,18,24,14,25,37,34,24,18,20,15,23,21,26,27,42,8,7,6,15,15,17,3,4,8,6,1,16,15,6,10,370000,40,22,2,2024,24,7,2027,28,2021,National Draft,Outside Mid,"midfield profile: Outside Mid:1.51, Inside Mid:-2.14",44,46,16,244,133,111,61,27,19,3,0,0,67,171,10,-0.969,"2022,2023,2024,2025,2026"
1495,Richmond,Richmond,14,26,Rhyan,Mansell,QLD,90,4,6,2000,169,72,47,51,54,43,45,51,58,42,42,47,52,45,45,55,50,47,58,53,53,11,85,49,93,85,76,58,55,64,25,50,54,60,30,19,20,19,61,39,43,32,41,58,18,38,18,21,26,2,8,12,9,9,4,10,9,8,7,14,13,10,9,4,411000,7,15,6,2023,10,1,2029,33,2023,National Draft,Small Forward,"forward profile: Small Forward:3.34, Pressure Forward:2.45, Key Forward:1.38",45,50,20,225,155,70,67,69,6,18,0,6,85,137,20,0.159,"2021,2022,2023,2024,2025,2026"
1496,Richmond,Richmond,14,24,James,Trezise,NSW,95,15,6,2002,188,85,38,41,41,48,49,41,39,35,47,38,41,47,47,50,43,44,48,49,46,55,87,46,60,67,78,53,39,52,33,58,37,59,21,32,36,41,24,32,21,17,25,23,19,25,22,19,25,1,15,15,4,11,4,5,12,4,17,11,16,4,17,7,313000,36,6,1,2026,6,1,2028,44,2025,National Draft,Medium Defender,"defensive profile: Back Pocket:-0.33, Half Back Flanker:-0.56, Key Defender:-0.77, Intercept Defender:-1.47 -> fallback Medium Defender (no standout)",40,47,16,207,91,116,41,27,16,3,0,1,63,148,17,-2.778,"2023,2024,2025,2026"
1497,Richmond,Richmond,14,25,Thomson,Dow,WA,93,1,7,2001,183,84,45,41,58,55,52,57,50,39,69,44,48,43,44,52,46,56,47,54,59,43,80,50,47,68,88,65,44,74,19,50,57,52,32,27,28,23,28,40,55,33,21,29,56,49,57,60,39,13,10,8,3,11,4,7,7,7,11,6,2,4,8,7,574000,27,14,1,2024,19,4,2029,21,2019,National Draft,Inside Mid,"midfield profile: Inside Mid:5.79, Outside Mid:-0.59",53,58,11,204,73,131,38,32,30,1,0,1,78,129,8,0.531,"2021,2022,2023,2024,2025"
1498,Richmond,Richmond,14,24,Hugo,Ralphsmith,TAS,75,9,11,2001,188,86,45,41,50,48,56,50,50,40,50,43,52,60,58,48,47,53,56,59,53,38,75,57,40,81,75,56,47,68,34,55,50,63,31,27,35,42,19,36,22,25,24,25,20,23,29,32,18,9,2,3,2,5,7,13,7,7,4,2,10,2,7,6,500000,13,28,4,2026,1,6,2029,46,2019,National Draft,Medium Defender,"defensive profile: Half Back Flanker:0.50, Back Pocket:0.43, Key Defender:-0.05, Intercept Defender:-0.45 -> fallback Medium Defender (no standout)",50,53,12,161,92,69,41,30,9,6,0,1,62,100,25,0.34,"2021,2022,2023,2024,2025,2026"
1499,Richmond,Richmond,14,33,Tom,Lynch,SA,96,31,10,1992,192,91,71,83,42,37,39,48,52,56,44,77,40,43,41,48,56,44,58,49,48,89,42,51,83,76,59,52,56,66,9,51,63,45,56,52,28,21,23,40,19,29,49,24,24,20,19,26,25,11,16,5,12,10,12,6,6,4,12,4,7,6,6,17,738000,19,11,4,2023,28,2,2028,13,2008,National Draft,Key Forward,"forward profile: Key Forward:16.34, Small Forward:1.11, Pressure Forward:-6.25",58,59,16,160,118,42,67,19,6,26,2,27,90,73,22,-1.675,"2021,2022,2023,2024,2025,2026"
1500,Richmond,Richmond,14,26,Noah,Balta,TAS,92,23,10,1999,188,88,66,63,44,43,47,48,53,45,44,68,50,54,55,48,44,45,58,58,49,41,70,53,66,48,63,44,54,64,18,52,63,52,18,31,35,36,20,34,15,26,26,23,26,25,22,27,19,1,13,2,7,16,4,12,2,10,10,8,14,10,7,9,477000,21,4,10,2025,2,7,2029,25,2017,National Draft,Medium Defender,"defensive profile: Key Defender:4.27, Intercept Defender:3.90, Back Pocket:1.46, Half Back Flanker:1.26 -> fallback Medium Defender (no standout)",51,52,13,154,114,40,60,20,10,4,20,14,67,86,38,-0.383,"2021,2022,2023,2024,2025,2026"
1501,Richmond,Richmond,14,22,Steely,Green,TAS,75,1,7,2004,179,83,35,43,40,37,43,39,41,37,36,37,42,48,46,50,45,38,56,49,44,19,67,40,99,63,82,53,41,60,1,54,38,52,24,17,17,22,45,34,36,18,28,46,28,28,24,17,17,14,11,4,15,4,11,4,5,6,8,4,1,16,9,12,231000,48,9,2,2023,4,8,2027,55,2022,National Draft,Small Forward,"forward profile: Small Forward:1.77, Pressure Forward:-0.35, Key Forward:-1.04",37,39,19,140,84,56,33,34,8,11,0,2,53,93,18,-0.425,"2024,2025,2026"
1502,Richmond,Richmond,14,20,Sam,Lalor,VIC,96,1,7,2006,201,97,52,55,50,46,42,49,42,52,54,55,44,41,41,45,52,47,47,51,54,86,32,48,84,85,74,64,39,53,33,54,42,57,65,67,27,24,30,48,29,31,64,24,23,32,24,31,23,15,13,13,7,9,2,7,2,3,6,3,14,11,14,1,432000,22,16,12,2023,7,2,2029,1,2024,National Draft,Key Forward,"forward profile: Key Forward:2.82, Small Forward:1.48, Pressure Forward:-1.66",47,61,11,132,55,77,33,26,16,11,0,8,62,70,7,,
1503,Richmond,Richmond,14,20,Jonty,Faull,NSW,84,1,7,2006,200,101,54,64,38,36,37,40,41,46,38,58,43,42,41,46,45,40,54,50,45,70,33,48,51,92,73,53,43,71,23,63,45,60,50,43,22,21,19,43,25,22,42,17,19,22,26,30,26,5,4,4,6,8,13,11,2,3,5,2,4,8,7,3,390000,26,6,3,2025,23,2,2027,14,2024,National Draft,Key Forward,"forward profile: Key Forward:6.81, Small Forward:-1.27, Pressure Forward:-3.26",45,48,16,116,78,38,44,19,1,9,0,15,61,60,28,,
1504,Richmond,Richmond,14,23,Maurice,Rioli,SA,82,1,9,2002,172,72,40,47,53,38,46,52,55,41,42,42,49,57,55,44,43,44,46,55,54,20,88,45,84,87,98,57,52,37,30,52,47,61,31,26,31,31,47,24,68,22,32,45,53,42,23,60,31,4,6,2,3,7,5,4,9,9,11,7,6,2,9,2,390000,17,5,3,2023,2,8,2029,51,2020,National Draft,Pressure Forward,"forward profile: Pressure Forward:2.37, Small Forward:0.89, Key Forward:-1.47",46,52,13,110,72,38,27,39,3,5,0,4,60,56,11,0.657,"2021,2022,2023,2024,2025,2026"
1505,Richmond,Richmond,14,27,Tylar,Young,NSW,78,5,9,1998,191,86,82,62,35,53,48,40,44,43,40,82,54,54,59,44,43,44,56,68,43,40,67,56,65,68,57,43,48,51,14,67,49,56,29,42,53,21,21,29,24,29,17,18,18,32,21,21,42,10,4,6,7,13,4,10,12,5,3,12,3,7,10,6,477000,45,12,6,2024,19,10,2030,26,2022,Rookie Draft,Intercept Defender,"defensive profile: Intercept Defender:12.61, Key Defender:9.82, Half Back Flanker:7.63, Back Pocket:2.74",55,59,7,98,78,20,47,4,4,0,0,9,26,64,32,1.045,"2023,2024,2025,2026"
1506,Richmond,Richmond,14,21,Kane,McAuliffe,NSW,79,1,7,2005,182,81,55,50,73,63,62,69,62,44,71,54,57,61,59,46,46,63,39,63,70,51,79,58,65,60,78,41,56,51,45,59,35,67,26,27,21,29,27,30,51,25,35,29,62,61,57,58,42,10,2,1,8,9,3,2,5,2,2,8,11,7,2,10,830000,28,6,9,2026,6,4,2029,40,2023,National Draft,Inside Mid,"midfield profile: Inside Mid:6.29, Outside Mid:1.99",64,74,5,92,36,56,20,24,10,0,0,2,38,54,0,2.187,"2024,2025,2026"
1507,Richmond,Richmond,14,20,Taj,Hotton,VIC,75,1,7,2006,200,100,50,53,52,48,44,53,43,40,59,52,45,43,42,41,46,49,38,49,57,80,34,46,66,74,79,60,41,20,41,57,37,54,52,44,20,17,18,32,29,29,43,18,19,20,22,18,31,4,7,8,1,11,10,12,6,9,8,13,9,12,14,14,390000,24,3,7,2024,3,2,2027,12,2024,National Draft,Key Forward,"forward profile: Key Forward:1.03, Small Forward:-0.80, Pressure Forward:-0.84",45,50,7,89,31,58,22,16,10,3,0,4,46,48,6,,
1508,Richmond,Richmond,14,22,Kaleb,Smith,VIC,72,1,7,2004,194,90,49,45,36,45,43,38,39,35,40,49,39,47,49,41,41,41,35,54,43,85,35,51,46,50,81,50,40,46,53,51,47,54,31,47,60,55,31,44,26,32,35,27,35,27,31,33,26,6,3,9,6,5,13,4,4,9,13,11,3,10,13,2,278000,49,27,11,2025,13,8,2028,49,2022,National Draft,Key Defender,"defensive profile: Key Defender:1.14, Half Back Flanker:0.26, Intercept Defender:0.26, Back Pocket:0.21",39,46,8,89,58,31,29,7,5,0,0,2,29,56,10,0.773,"2024,2025,2026"
1509,Richmond,Richmond,14,25,Jacob,Blight,VIC,74,1,7,2001,193,89,77,67,38,45,41,40,37,42,43,78,53,41,43,40,46,40,52,52,45,76,25,47,70,78,66,59,34,24,15,50,49,49,26,39,54,58,26,27,33,30,21,31,25,20,30,33,20,6,1,11,13,6,11,7,2,9,10,13,2,13,3,4,548000,46,27,1,2026,27,9,2030,2,2023,Mid-Season Draft,Key Defender,"defensive profile: Key Defender:5.90, Intercept Defender:5.15, Back Pocket:1.82, Half Back Flanker:-0.77",52,54,7,82,53,29,42,7,6,3,19,9,30,53,28,,
1510,Richmond,Richmond,14,20,Tom,Sims,VIC,77,1,7,2006,194,91,46,56,44,36,36,44,43,41,40,49,48,41,40,40,42,38,46,46,49,59,19,44,74,76,73,64,42,30,46,60,38,55,39,35,21,15,21,30,27,24,38,17,20,23,18,21,14,17,13,11,5,15,16,10,12,15,15,4,10,12,14,5,296000,38,17,10,2025,7,5,2028,28,2024,National Draft,Key Forward,"forward profile: Key Forward:1.86, Pressure Forward:-0.99, Small Forward:-1.49",41,43,11,75,42,33,24,22,3,4,37,7,45,39,21,,
1511,Richmond,Richmond,14,20,Harry,Armstrong,NSW,81,1,7,2006,201,100,57,66,33,36,35,35,30,45,38,62,35,40,39,36,46,37,42,48,42,72,33,44,96,69,63,53,32,47,18,44,34,48,58,49,20,22,27,33,31,23,54,29,32,26,29,20,24,8,1,10,13,13,13,6,9,7,13,14,10,6,14,11,350000,34,14,9,2025,8,6,2029,23,2024,National Draft,Key Forward,"forward profile: Key Forward:8.41, Small Forward:-1.55, Pressure Forward:-5.82",43,47,8,53,29,24,23,4,0,6,0,9,27,26,7,,
1512,Richmond,Richmond,14,23,Campbell,Gray,VIC,91,1,7,2003,196,91,64,51,33,45,38,33,29,38,37,63,73,43,46,34,40,36,38,62,41,36,72,45,69,53,56,50,28,38,37,64,33,55,27,29,37,17,26,35,24,15,18,23,16,17,25,17,32,3,17,17,11,3,12,13,2,14,16,11,5,11,10,16,278000,50,24,7,2026,20,10,2032,16,2023,Mid-Season Draft,Intercept Defender,"defensive profile: Intercept Defender:12.79, Key Defender:12.14, Back Pocket:7.09, Half Back Flanker:0.63",43,46,3,29,20,9,16,2,0,0,0,2,9,19,26,,
1513,Richmond,Richmond,14,25,Jacob,Bauer,VIC,84,1,7,2001,193,88,40,56,31,34,35,31,35,36,30,42,37,39,38,32,45,31,32,46,38,61,30,42,52,81,76,56,36,27,42,62,35,69,52,51,21,27,26,35,33,26,40,17,29,35,20,25,20,7,5,2,5,7,11,11,8,11,8,9,7,9,10,11,175000,43,12,12,2026,7,6,2031,10,2021,Mid-Season Draft,Key Forward,"forward profile: Key Forward:4.81, Small Forward:1.15, Pressure Forward:-2.65",34,41,5,26,16,10,11,4,1,3,1,1,7,18,4,3.186,"2023,2024,2025"
1514,Richmond,Richmond,14,19,Jasper,Alger,VIC,76,1,7,2007,177,80,31,43,31,35,34,31,30,38,32,33,33,38,38,30,43,32,21,47,39,12,87,35,99,99,81,56,33,63,66,47,24,61,24,29,30,26,58,36,50,20,37,59,32,40,25,30,33,10,12,10,13,13,6,6,13,10,8,13,3,10,7,14,140000,29,3,8,2025,27,2,2031,58,2024,National Draft,Small Forward,"forward profile: Small Forward:1.19, Key Forward:-0.09, Pressure Forward:-2.54",28,35,4,20,11,9,5,3,0,2,0,0,8,13,1,,
1515,Richmond,Richmond,14,26,Jacob,Koschitzke,VIC,83,1,7,2000,200,98,64,76,34,37,34,37,33,44,43,70,45,38,38,30,39,37,45,43,43,81,34,42,50,88,66,62,36,33,41,51,36,55,60,51,31,31,22,37,30,28,57,21,30,24,25,26,29,8,8,5,8,2,11,4,10,13,2,15,8,5,7,14,411000,20,8,2,2023,13,4,2027,52,2018,National Draft,Key Forward,"forward profile: Key Forward:9.93, Pressure Forward:-5.62, Small Forward:-6.47",46,48,2,15,6,9,6,1,0,0,2,3,8,7,6,-0.239,"2021,2022,2023,2024,2025"
1516,Richmond,Richmond,14,26,Samson,Ryan,WA,74,1,7,2000,203,101,31,49,48,32,37,53,63,34,48,33,45,46,46,31,40,45,33,56,51,88,26,48,71,92,77,63,67,83,33,44,61,48,24,50,45,28,29,39,24,68,39,25,29,35,32,46,28,7,7,10,11,10,6,2,8,10,12,1,8,7,2,4,231000,32,14,12,2026,27,11,2032,40,2020,National Draft,Ruck,Dominant hitouts (17.0/game),37,44,2,15,6,9,2,4,4,0,34,0,10,5,2,1.281,"2021,2023,2024,2025,2026"
1517,Richmond,Richmond,14,23,Josh,Gibcus,VIC,97,1,7,2003,198,98,41,39,29,40,33,34,34,33,35,40,56,39,40,29,39,32,24,52,39,85,32,41,58,91,88,39,43,47,45,60,28,54,21,33,51,48,23,23,29,27,25,23,26,18,20,22,29,9,7,4,14,9,5,15,3,12,4,5,15,11,11,15,202000,18,12,10,2025,12,2,2031,9,2021,National Draft,Key Defender,"defensive profile: Key Defender:6.17, Intercept Defender:5.20, Back Pocket:4.76, Half Back Flanker:-2.42",31,36,1,7,5,2,3,0,0,0,0,0,3,4,6,-0.44,"2022,2024,2025,2026"
1518,Richmond,Richmond,14,21,Liam,Fawcett,VIC,84,1,7,2005,180,81,35,39,24,34,40,27,34,50,28,36,38,46,45,26,48,38,35,55,33,16,77,43,67,83,57,39,43,6,49,61,28,48,27,19,27,21,56,31,49,23,46,58,29,36,27,30,26,9,6,12,5,10,11,3,9,14,3,1,10,8,7,3,175000,37,2,11,2023,16,12,2029,43,2023,National Draft,Small Forward,"forward profile: Small Forward:3.16, Key Forward:0.10, Pressure Forward:-4.82",34,38,1,5,3,2,2,0,0,1,0,0,1,4,2,,
1519,Richmond,Richmond,14,21,Mykelti,Lefau,VIC,87,3,1,2005,183,81,30,40,30,28,29,31,40,33,24,32,34,38,38,23,36,27,2,48,37,52,70,40,82,54,86,39,47,32,80,55,28,51,38,20,25,23,18,38,24,26,38,36,17,29,19,25,31,3,7,14,12,6,3,14,11,12,13,4,8,14,1,12,140000,42,14,3,2023,13,5,2029,68,2023,National Draft,Medium Forward,"forward profile: Pressure Forward:-0.72, Small Forward:-0.77, Key Forward:-2.74 -> fallback Medium Forward (no standout)",28,34,1,2,2,0,1,1,0,0,1,0,1,1,0,-0.261,"2024,2025"
1520,St Kilda,St Kilda,15,23,Nasiah,Wanganeen-Milera,ACT,73,22,2,2003,186,83,58,47,56,80,99,59,60,84,64,55,50,99,99,80,89,76,68,79,60,42,73,89,69,84,68,58,46,55,35,46,99,52,35,27,24,27,64,47,40,37,32,26,21,40,38,40,60,8,2,5,2,5,3,9,5,11,7,10,4,1,8,8,1794000,7,20,3,2023,5,5,2025,11,2021,National Draft,Outside Mid,"midfield profile: Outside Mid:29.07, Inside Mid:5.36",88,98,23,688,512,176,121,52,72,17,0,4,173,409,41,2.572,"2022,2023,2024,2025,2026"
1521,St Kilda,St Kilda,15,31,Jack,Sinclair,NT,92,12,2,1995,179,76,52,42,54,85,71,52,45,53,56,49,51,70,72,75,61,66,68,73,56,50,71,81,63,96,97,59,40,39,15,62,45,72,26,19,19,31,37,35,17,23,20,25,19,25,20,38,43,10,5,6,14,13,8,12,2,10,6,11,2,8,12,12,1032000,35,5,7,2025,21,8,2027,1,2014,Rookie Draft,Half Back Flanker,"defensive profile: Half Back Flanker:13.61, Intercept Defender:8.51, Key Defender:0.60, Back Pocket:-2.35",69,70,23,620,447,173,110,61,45,9,0,2,141,346,41,0.441,"2021,2022,2023,2024,2025,2026"
1522,St Kilda,St Kilda,15,32,Jack,Macrae,WA,80,3,8,1994,183,84,41,39,86,65,58,85,69,54,89,40,62,52,53,68,58,76,57,62,83,41,73,64,81,87,81,65,60,54,26,45,69,68,19,20,18,22,29,21,37,14,25,18,45,41,47,44,34,4,14,7,7,18,8,17,18,16,13,18,11,12,11,4,1426000,6,10,10,2024,27,6,2027,6,2012,National Draft,Inside Mid,"midfield profile: Inside Mid:21.64, Outside Mid:0.15",75,75,21,516,240,276,66,114,141,1,0,0,270,256,27,-1.686,"2021,2022,2023,2024,2025,2026"
1523,St Kilda,St Kilda,15,23,Marcus,Windhager,QLD,86,16,5,2003,181,83,50,43,62,65,64,63,61,48,67,47,50,54,55,71,55,69,67,66,63,56,85,67,55,96,90,61,55,76,1,56,65,58,24,38,33,32,31,40,65,38,34,32,62,66,67,67,41,5,8,9,9,12,4,4,4,9,4,10,9,1,7,4,830000,2,6,10,2026,8,3,2030,47,2021,National Draft,Inside Mid,"midfield profile: Inside Mid:6.13, Outside Mid:5.84",63,71,23,508,280,228,99,77,66,4,0,1,172,335,14,1.173,"2022,2023,2024,2025,2026"
1524,St Kilda,St Kilda,15,30,Jack,Steele,NSW,86,13,12,1995,186,88,48,43,97,60,58,87,90,42,76,46,79,52,51,65,49,67,58,59,84,48,84,58,43,56,76,56,78,87,46,55,59,63,28,20,18,28,27,34,53,29,22,21,56,48,50,61,42,14,9,6,11,6,14,13,11,16,11,16,10,5,16,17,1341000,9,23,8,2024,16,5,2030,24,2014,National Draft,Inside Mid,"midfield profile: Inside Mid:17.75, Outside Mid:0.53",75,76,21,438,177,261,87,183,101,4,0,2,194,247,19,-1.143,"2021,2022,2023,2024,2025,2026"
1525,St Kilda,St Kilda,15,33,Bradley,Hill,VIC,96,9,7,1993,187,87,56,44,41,63,71,41,43,44,46,52,41,63,62,66,48,58,68,63,45,45,82,66,70,91,80,49,41,46,20,52,53,63,25,23,19,26,62,45,28,19,32,23,24,34,33,42,59,14,16,2,12,15,7,8,15,8,14,16,14,7,15,12,709000,8,18,2,2023,8,5,2026,40,2024,National Draft,Outside Mid,"midfield profile: Outside Mid:10.68, Inside Mid:-3.88",58,59,22,431,279,152,116,35,23,6,0,3,80,344,21,-0.338,"2021,2022,2023,2024,2025,2026"
1526,St Kilda,St Kilda,15,30,Callum,Wilkie,QLD,81,10,3,1996,189,86,86,54,42,66,58,45,43,45,46,81,58,55,57,66,48,48,80,59,49,40,66,59,78,66,63,53,45,72,1,58,39,64,28,37,43,21,23,38,18,31,23,30,19,22,22,19,29,14,12,8,8,11,9,8,14,11,7,3,11,12,9,2,653000,44,5,3,2026,12,7,2028,41,2021,Rookie Draft,Intercept Defender,"defensive profile: Intercept Defender:11.68, Half Back Flanker:8.39, Key Defender:7.98, Back Pocket:2.01",61,63,23,429,321,108,194,34,6,0,0,20,109,296,107,0.481,"2021,2022,2023,2024,2025,2026"
1527,St Kilda,St Kilda,15,30,Rowan,Marshall,NT,84,24,11,1995,201,98,61,71,73,53,51,75,84,54,65,62,65,48,48,66,52,63,68,57,70,71,30,64,72,74,84,56,81,75,19,46,81,67,24,35,35,28,27,31,19,59,23,30,26,32,24,37,31,9,8,3,12,13,12,7,2,1,10,11,8,7,7,2,996000,19,18,8,2025,18,9,2030,10,2016,Rookie Draft,Ruck,Dominant hitouts (27.3/game),66,67,23,427,262,165,103,107,94,10,627,18,202,217,56,0.311,"2021,2022,2023,2024,2025,2026"
1528,St Kilda,St Kilda,15,25,Max,Hall,NSW,85,1,7,2001,189,90,43,47,55,54,54,53,46,48,55,42,48,52,51,63,55,58,64,61,57,60,75,59,67,83,88,59,42,89,10,44,39,45,28,31,26,27,44,24,56,28,47,50,28,43,58,53,26,2,11,13,5,4,2,4,1,15,9,11,1,9,5,2,548000,40,18,7,2026,26,6,2031,4,2023,Mid-Season Draft,Hybrid Mid Forward,Strong in both forward (fwd_c=1.93) and midfield (mid_c=1.78) signals,52,54,23,351,180,171,72,69,44,23,0,2,134,221,15,,
1529,St Kilda,St Kilda,15,32,Mason,Wood,VIC,72,13,9,1993,193,91,67,61,44,50,52,46,48,46,47,64,45,46,46,60,54,53,67,54,49,89,34,59,79,82,48,53,47,14,15,61,59,59,60,64,19,25,28,44,28,26,56,25,21,20,28,29,28,5,11,13,3,5,1,15,1,9,13,14,12,4,8,8,626000,32,27,7,2023,5,8,2026,41,2012,National Draft,Key Forward,"forward profile: Key Forward:6.45, Small Forward:1.73, Pressure Forward:-2.81",55,56,21,308,207,101,124,34,16,22,1,13,105,211,37,-0.269,"2021,2022,2023,2024,2025,2026"
1530,St Kilda,St Kilda,15,25,Ryan,Byrnes,VIC,87,3,5,2001,180,82,57,44,43,58,54,43,39,39,49,53,42,47,48,58,46,52,58,56,48,49,76,58,84,66,83,56,37,44,40,55,45,63,32,26,25,21,57,37,29,32,19,21,22,31,30,34,58,9,4,1,1,9,13,13,8,6,13,11,13,3,7,9,454000,13,17,3,2024,11,5,2028,52,2019,National Draft,Half Back Flanker,"defensive profile: Half Back Flanker:2.75, Intercept Defender:1.52, Key Defender:-0.39, Back Pocket:-1.22",48,51,17,286,172,114,90,28,13,3,0,3,77,205,17,0.187,"2021,2022,2023,2024,2025,2026"
1531,St Kilda,St Kilda,15,21,Darcy,Wilson,VIC,89,1,7,2005,179,80,45,44,47,50,53,46,50,41,48,44,44,48,48,57,52,53,60,59,49,12,67,52,80,64,66,52,44,50,32,49,62,52,27,26,19,26,39,24,34,27,30,47,20,32,17,17,21,3,14,6,7,13,15,8,15,9,14,2,13,7,5,10,411000,22,12,12,2024,10,5,2030,18,2023,National Draft,Small Forward,"forward profile: Small Forward:2.79, Pressure Forward:0.13, Key Forward:-0.94",47,50,18,280,162,118,63,41,17,15,0,2,80,193,12,-0.366,"2024,2025,2026"
1532,St Kilda,St Kilda,15,22,Anthony,Caminiti,QLD,72,9,12,2003,192,86,68,53,43,45,41,46,48,41,46,67,69,41,42,61,43,42,77,57,48,78,33,48,83,60,99,53,49,75,10,54,51,65,23,40,55,44,31,29,26,27,22,29,27,22,28,25,32,6,5,6,6,10,4,12,7,11,10,3,6,5,6,10,599000,47,5,8,2025,21,4,2027,41,2022,National Draft,Key Defender,"defensive profile: Key Defender:8.97, Intercept Defender:8.45, Back Pocket:4.85, Half Back Flanker:-0.94",52,61,23,278,174,104,131,35,3,4,2,17,111,166,154,0.663,"2023,2024,2025,2026"
1533,St Kilda,St Kilda,15,21,Hugo,Garcia,TAS,85,1,7,2005,185,85,34,42,74,50,57,68,75,40,58,35,61,59,57,57,48,57,49,61,67,47,71,59,70,72,59,47,64,72,21,48,67,56,31,33,24,33,35,31,71,30,33,29,73,56,62,63,54,7,4,7,1,3,6,10,9,5,11,5,7,4,11,11,681000,34,25,4,2024,11,9,2026,50,2023,National Draft,Inside Mid,"midfield profile: Inside Mid:9.35, Outside Mid:0.33",59,66,17,266,145,121,28,93,66,4,0,0,109,155,7,1.177,"2024,2025,2026"
1534,St Kilda,St Kilda,15,22,Mitch,Owens,WA,81,24,9,2003,199,95,57,65,50,45,44,54,50,51,56,61,46,44,43,56,56,52,63,51,56,77,28,53,54,83,95,73,48,43,15,57,58,63,54,60,31,28,30,33,20,23,58,22,19,26,29,25,25,16,5,11,4,7,7,9,1,15,6,14,13,12,5,12,599000,10,17,9,2023,23,11,2029,33,2021,National Draft,Key Forward,"forward profile: Key Forward:7.81, Small Forward:1.63, Pressure Forward:-3.56",54,58,19,245,141,104,65,35,21,25,32,19,135,124,31,-0.595,"2022,2023,2024,2025,2026"
1535,St Kilda,St Kilda,15,31,Zak,Jones,VIC,74,15,3,1995,189,91,44,42,45,52,52,48,47,41,55,43,39,44,45,53,42,53,46,54,50,36,64,52,62,85,62,47,49,59,16,64,50,71,24,22,16,17,23,20,34,21,17,17,39,41,40,37,25,11,14,10,2,2,3,15,7,13,3,17,1,3,4,9,432000,3,2,2,2023,11,10,2028,15,2013,National Draft,Inside Mid,"midfield profile: Inside Mid:0.76, Outside Mid:0.75",45,45,15,242,112,130,50,26,30,0,0,2,82,173,8,-0.848,"2021,2022,2023,2024,2025"
1536,St Kilda,St Kilda,15,26,Cooper,Sharman,VIC,88,25,7,2000,194,93,73,76,43,46,45,44,43,58,43,75,47,44,43,57,61,47,66,51,48,85,24,54,73,76,56,56,42,23,22,59,47,47,56,64,21,24,30,41,31,21,55,20,32,22,32,32,29,12,8,7,7,4,10,15,15,11,12,1,14,15,9,3,738000,43,10,7,2024,7,1,2030,30,2024,National Draft,Key Forward,"forward profile: Key Forward:13.17, Small Forward:2.36, Pressure Forward:-5.05",59,64,21,242,165,77,114,35,4,34,2,26,96,150,41,-0.191,"2021,2022,2023,2024,2025,2026"
1537,St Kilda,St Kilda,15,27,Jack,Higgins,SA,84,19,3,1999,175,77,40,52,47,42,39,46,43,46,45,41,44,41,40,56,61,41,66,48,50,14,70,40,83,56,68,60,42,70,25,59,37,65,19,17,16,20,38,28,37,20,24,33,19,32,22,23,20,4,10,12,5,6,10,1,15,6,6,8,14,15,10,14,370000,1,12,4,2024,6,10,2026,17,2017,National Draft,Small Forward,"forward profile: Small Forward:8.02, Key Forward:5.54, Pressure Forward:-2.04",43,44,23,217,114,103,53,52,7,46,0,4,103,122,15,-0.658,"2021,2022,2023,2024,2025,2026"
1538,St Kilda,St Kilda,15,27,Hunter,Clark,VIC,74,26,3,1999,188,90,45,44,64,47,51,65,80,40,55,45,55,47,48,52,44,56,37,59,60,43,69,58,71,94,75,32,78,51,48,53,75,55,26,29,21,28,28,28,46,29,24,23,53,44,46,43,32,2,13,8,3,2,8,3,4,1,15,7,2,11,8,8,599000,11,18,2,2023,16,2,2027,7,2017,National Draft,Inside Mid,"midfield profile: Inside Mid:5.12, Outside Mid:-0.21",55,57,13,203,113,90,44,55,31,1,0,2,79,127,11,-0.025,"2021,2022,2023,2024,2025,2026"
1539,St Kilda,St Kilda,15,26,Liam,Stocker,NT,99,23,1,2000,199,99,53,46,45,44,42,47,50,37,44,53,50,43,44,52,41,43,57,52,49,70,27,49,67,74,76,57,52,72,20,56,48,55,27,31,51,37,26,21,28,18,16,21,20,26,28,21,28,3,11,6,13,5,14,14,10,1,9,8,6,2,6,7,411000,14,26,4,2023,19,3,2027,19,2018,National Draft,Key Defender,"defensive profile: Key Defender:3.12, Back Pocket:1.92, Intercept Defender:1.47, Half Back Flanker:-1.30",45,46,17,189,118,71,70,32,8,0,0,7,77,116,43,-0.193,"2021,2022,2023,2024,2025,2026"
1540,St Kilda,St Kilda,15,33,Jimmy,Webster,VIC,74,28,6,1993,196,93,51,39,40,49,44,39,38,37,40,47,48,44,46,50,41,39,53,52,45,47,77,47,81,83,84,52,39,50,33,49,32,56,24,51,53,25,24,46,23,25,28,28,28,25,28,24,43,13,1,8,6,6,11,8,15,2,14,3,16,5,11,7,296000,29,26,2,2026,22,1,2028,42,2011,National Draft,Intercept Defender,"defensive profile: Intercept Defender:2.56, Key Defender:1.76, Half Back Flanker:1.75, Back Pocket:1.54",41,42,15,176,110,66,71,24,3,0,0,0,50,127,35,-0.475,"2021,2022,2023,2024,2025"
1541,St Kilda,St Kilda,15,20,Hugh,Boxshall,VIC,84,1,7,2006,180,80,47,47,62,44,41,60,61,42,56,48,54,39,39,46,43,46,40,48,60,49,79,46,70,76,87,52,56,41,43,61,55,65,20,30,19,26,32,39,56,33,31,27,66,54,61,56,45,1,5,11,3,7,3,7,13,11,2,10,8,9,14,11,477000,38,18,7,2025,8,6,2030,45,2024,National Draft,Inside Mid,"midfield profile: Inside Mid:3.00, Outside Mid:-4.73",49,54,11,139,60,79,35,43,14,2,0,4,69,73,11,,
1542,St Kilda,St Kilda,15,20,Tobie,Travaglia,VIC,84,1,7,2006,186,85,39,39,42,44,41,38,35,35,39,38,42,41,41,44,42,39,34,47,46,49,61,45,59,67,77,65,33,28,64,60,26,65,26,17,29,38,28,20,29,23,16,18,18,15,27,26,21,4,8,6,10,11,3,10,14,9,10,10,12,3,14,3,216000,5,8,5,2023,21,12,2027,8,2024,National Draft,Back Pocket,"defensive profile: Back Pocket:0.24, Key Defender:-1.63, Half Back Flanker:-2.97, Intercept Defender:-3.95",36,39,12,111,59,52,31,26,5,2,0,0,34,81,4,,
1543,St Kilda,St Kilda,15,20,Alix,Tauru,ACT,83,1,7,2006,195,92,63,58,41,38,38,42,47,40,40,65,65,40,41,41,41,36,55,52,46,71,23,44,56,84,70,54,47,73,19,45,50,58,22,36,59,57,23,29,28,25,24,31,20,24,29,20,29,11,5,13,14,9,4,1,6,11,1,9,1,3,14,13,477000,26,24,5,2026,25,9,2029,10,2024,National Draft,Key Defender,"defensive profile: Key Defender:8.45, Intercept Defender:5.60, Back Pocket:5.02, Half Back Flanker:-3.85",47,51,10,90,56,34,43,17,2,1,0,10,37,55,59,,
1544,St Kilda,St Kilda,15,21,Angus,Hastie,NT,93,1,7,2005,190,89,44,44,39,41,43,38,43,36,36,45,46,46,47,41,41,39,38,54,43,55,80,48,65,69,63,46,41,49,42,53,43,47,38,47,53,60,37,46,27,31,31,27,38,27,26,40,35,5,9,11,5,8,2,2,8,10,2,2,2,3,10,5,246000,24,19,5,2024,11,5,2026,33,2023,National Draft,Medium Defender,"defensive profile: Back Pocket:1.51, Key Defender:1.37, Intercept Defender:-0.57, Half Back Flanker:-1.79 -> fallback Medium Defender (no standout)",39,50,9,81,50,31,25,15,1,0,0,2,21,59,15,2.246,"2024,2025,2026"
1545,St Kilda,St Kilda,15,22,Isaac,Keeler,WA,78,1,7,2004,193,91,44,53,36,37,38,37,39,41,36,47,43,39,39,41,48,36,50,47,42,68,30,44,82,92,69,46,41,34,24,60,38,51,44,55,22,25,17,37,20,19,47,23,23,30,27,22,30,10,6,6,3,12,3,3,4,14,14,4,10,12,4,2,278000,17,4,12,2023,16,8,2025,44,2022,National Draft,Key Forward,"forward profile: Key Forward:3.45, Small Forward:1.43, Pressure Forward:-3.17",39,41,11,81,48,33,26,13,3,10,20,5,32,58,20,,
1546,St Kilda,St Kilda,15,21,Lance,Collard,SA,79,1,7,2005,180,83,31,44,38,34,36,37,39,41,33,34,39,43,41,40,45,34,32,49,43,10,84,37,93,74,99,49,40,61,52,56,33,60,31,29,32,20,61,36,51,33,37,55,20,41,24,23,21,7,6,14,8,3,12,12,4,3,8,13,8,3,4,14,175000,4,8,11,2023,20,12,2027,28,2023,National Draft,Small Forward,"forward profile: Small Forward:2.29, Key Forward:-0.05, Pressure Forward:-0.64",33,38,12,65,39,26,13,20,2,8,0,1,29,38,5,,
1547,St Kilda,St Kilda,15,21,Mattaes,Phillipou,NT,94,27,12,2004,178,78,33,42,40,39,39,38,40,40,38,34,38,40,40,37,45,38,32,50,44,14,73,39,68,54,96,50,39,84,27,61,40,58,19,28,25,20,51,33,44,26,35,52,19,43,17,21,22,6,7,15,5,16,5,11,5,3,15,3,2,10,11,6,188000,25,1,6,2023,26,12,2028,10,2022,National Draft,Small Forward,"forward profile: Small Forward:1.96, Pressure Forward:-0.38, Key Forward:-1.05",34,38,7,60,30,30,11,12,6,4,0,0,20,40,1,-0.503,"2023,2024,2025,2026"
1548,St Kilda,St Kilda,15,21,Arie,Schoenmaker,SA,80,1,7,2005,186,83,54,39,29,58,51,36,41,33,38,49,36,59,65,40,43,43,44,67,39,46,75,58,72,81,66,42,49,63,1,57,45,46,23,23,32,30,62,42,26,32,24,24,32,29,26,46,60,8,9,11,14,10,4,7,12,12,2,11,12,3,3,10,454000,27,20,4,2024,9,4,2028,62,2023,National Draft,Half Back Flanker,"defensive profile: Half Back Flanker:12.15, Intercept Defender:8.67, Key Defender:2.12, Back Pocket:-0.54",46,50,3,48,38,10,16,0,0,0,0,0,10,30,5,,
1549,St Kilda,St Kilda,15,30,Dan,Butler,VIC,86,3,6,1996,178,80,36,44,36,35,43,36,43,33,33,37,39,47,45,35,51,34,34,47,40,14,78,39,77,71,91,51,43,47,37,57,50,61,21,29,31,30,60,34,49,23,36,48,23,35,28,26,31,3,13,8,2,8,16,11,15,10,15,14,3,6,2,8,188000,16,5,11,2025,26,4,2027,67,2014,National Draft,Small Forward,"forward profile: Small Forward:4.86, Key Forward:1.26, Pressure Forward:-1.25",35,36,6,46,31,15,13,9,1,7,0,0,13,33,3,-0.616,"2021,2022,2023,2024,2025,2026"
1550,St Kilda,St Kilda,15,24,Liam,Henry,VIC,80,28,8,2001,183,79,37,45,33,39,38,33,28,35,36,39,37,40,39,35,42,37,27,48,41,38,66,45,62,71,95,61,29,40,15,64,28,60,34,23,29,17,17,31,23,26,39,33,17,27,23,16,19,13,7,12,7,14,6,15,11,1,12,10,14,7,12,15,175000,23,14,5,2023,17,1,2026,9,2019,National Draft,Medium Forward,"forward profile: Small Forward:-0.25, Key Forward:-0.28, Pressure Forward:-2.63 -> fallback Medium Forward (no standout)",31,34,6,44,24,20,11,5,5,2,0,1,16,29,6,-0.114,"2021,2022,2023,2024,2025,2026"
1551,St Kilda,St Kilda,15,21,Liam,O'Connell,NSW,74,15,10,2005,182,79,41,44,50,36,34,44,49,35,34,43,53,37,37,35,38,32,39,43,49,49,79,41,79,77,80,54,47,59,34,60,33,57,34,23,36,61,31,25,33,29,18,22,19,23,22,29,23,9,12,10,13,14,6,14,13,15,7,13,15,4,7,3,246000,45,23,7,2024,11,5,2030,49,2023,National Draft,Back Pocket,"defensive profile: Back Pocket:2.90, Key Defender:0.93, Intercept Defender:-3.72, Half Back Flanker:-5.96",37,46,7,43,26,17,16,23,4,0,0,2,19,27,10,,
1552,St Kilda,St Kilda,15,30,Dougal,Howard,VIC,78,25,3,1996,191,90,64,44,44,45,39,43,49,36,37,59,60,41,44,35,40,37,48,54,46,41,79,47,85,90,88,68,51,26,41,50,45,60,17,43,49,25,24,35,21,28,18,20,23,19,21,21,39,9,17,14,17,8,2,17,15,6,13,4,1,12,12,13,332000,20,18,6,2023,3,2,2026,56,2014,National Draft,Intercept Defender,"defensive profile: Intercept Defender:6.05, Key Defender:5.47, Back Pocket:4.01, Half Back Flanker:1.36",43,44,3,33,25,8,19,7,1,0,0,1,10,21,13,-0.876,"2021,2022,2023,2024,2025,2026"
1553,St Kilda,St Kilda,15,24,Max,Heath,WA,96,1,7,2002,197,96,49,66,51,28,30,53,58,44,47,55,49,38,37,32,46,38,36,45,53,73,26,41,43,68,82,67,56,65,37,50,65,58,18,47,30,21,29,18,18,45,42,19,21,22,23,18,26,14,14,13,5,10,11,9,5,6,1,4,7,11,5,14,370000,42,19,8,2026,28,12,2029,7,2020,Mid-Season Draft,Hybrid Key Forward Ruck,"Ruck minutes (8.8 HO/g) plus forward output (CM/g=1.00, GL/g=0.75)",44,46,4,27,12,15,7,10,5,3,35,4,22,7,6,,
1554,St Kilda,St Kilda,15,23,Jack,Carroll,VIC,87,1,7,2003,189,84,32,39,39,35,33,41,41,39,36,33,39,40,39,29,38,37,10,45,46,47,59,44,86,83,85,45,48,21,56,62,28,66,21,22,25,33,22,24,30,19,22,21,26,17,20,15,20,3,3,5,10,7,7,9,8,7,7,4,4,6,15,12,162000,18,25,11,2026,4,5,2028,41,2020,National Draft,Back Pocket,"defensive profile: Back Pocket:1.07, Key Defender:-1.11, Intercept Defender:-6.13, Half Back Flanker:-6.83",31,32,3,16,11,5,4,4,4,0,0,0,11,8,2,-0.208,"2022,2024,2025,2026"
1555,St Kilda,St Kilda,15,28,Harry,Boyd,TAS,75,11,2,1998,200,98,30,53,54,52,35,55,32,33,64,32,49,38,38,34,41,47,41,45,62,86,38,43,90,82,83,84,33,77,14,45,11,53,29,38,31,28,21,24,31,60,31,31,26,20,32,39,30,4,12,11,14,2,9,7,14,4,15,12,9,11,6,8,262000,31,12,2,2023,26,12,2028,50,2024,National Draft,Ruck,Dominant hitouts (27.0/game),38,40,1,12,4,8,1,2,4,0,27,0,8,4,2,,
1556,St Kilda,St Kilda,15,20,Alex,Dodson,VIC,79,1,7,2006,202,100,35,48,21,36,39,28,48,33,30,36,28,38,38,30,39,31,18,48,29,70,32,42,59,64,72,29,60,54,46,56,45,57,51,60,32,31,24,44,28,20,57,25,20,18,30,30,31,8,2,4,2,7,7,12,5,3,4,14,11,2,9,9,140000,30,5,4,2025,8,9,2031,53,2024,National Draft,Key Forward,"forward profile: Key Forward:1.41, Small Forward:-1.77, Pressure Forward:-3.19",28,31,1,8,3,5,2,0,0,0,2,0,0,6,0,,
1557,St Kilda,St Kilda,15,22,Angus,McLennan,VIC,73,2,9,2003,195,93,56,56,42,30,33,42,52,40,38,60,44,39,40,29,39,32,12,45,44,90,30,38,55,60,66,56,50,35,69,46,61,63,31,45,53,61,29,27,33,20,31,22,20,21,24,32,22,4,12,3,1,9,8,9,4,11,11,15,14,3,13,10,278000,41,6,1,2025,8,9,2028,59,2024,Rookie Draft,Key Defender,"defensive profile: Key Defender:3.24, Back Pocket:1.68, Intercept Defender:-1.69, Half Back Flanker:-4.34",40,51,1,7,3,4,3,2,0,0,0,1,3,4,1,,
1558,St Kilda,St Kilda,15,29,Zaine,Cordy,WA,82,27,10,1996,181,78,35,47,30,32,31,28,29,33,28,36,53,37,37,25,48,26,44,46,37,50,67,36,75,99,83,50,29,98,24,57,28,52,19,21,36,40,22,25,27,23,25,27,22,18,20,25,27,5,11,4,10,10,4,7,10,11,13,10,13,11,14,2,140000,21,16,10,2023,26,2,2029,62,2014,National Draft,Back Pocket,"defensive profile: Back Pocket:2.50, Key Defender:-0.69, Intercept Defender:-1.85, Half Back Flanker:-5.68",30,30,1,4,2,2,2,1,0,1,0,0,1,3,4,-0.491,"2021,2022,2023,2024,2025"
1559,Sydney,Sydney,16,30,Isaac,Heeney,NSW,89,5,5,1996,185,81,56,60,75,69,62,77,60,78,83,57,55,58,58,73,85,78,68,67,77,44,67,71,85,84,79,69,50,23,23,51,65,63,25,32,25,22,34,19,40,19,47,48,27,41,42,47,25,4,9,7,8,13,10,6,2,3,7,6,6,5,5,5,1300000,5,25,6,2024,13,5,2026,18,2014,National Draft,Hybrid Mid Forward,Strong in both midfield (mid_c=6.05) and forward (fwd_c=4.30) signals,77,79,23,542,298,244,87,88,129,37,0,15,268,264,22,0.742,"2021,2022,2023,2024,2025,2026"
1560,Sydney,Sydney,16,25,Chad,Warner,TAS,82,19,5,2001,186,85,51,48,69,63,84,71,68,78,71,50,50,91,85,71,82,79,68,75,70,38,76,79,70,70,57,56,59,63,25,55,82,62,19,20,20,17,30,28,40,26,42,47,29,32,47,39,31,2,8,13,6,11,11,6,9,4,3,10,6,6,10,9,1426000,1,6,8,2023,16,5,2025,39,2019,National Draft,Hybrid Mid Forward,Strong in both midfield (mid_c=5.65) and forward (fwd_c=1.94) signals,78,82,23,510,330,180,91,81,105,20,0,7,223,291,12,0.629,"2021,2022,2023,2024,2025,2026"
1561,Sydney,Sydney,16,26,Nick,Blakey,NSW,89,27,2,2000,183,79,67,54,41,73,75,42,40,59,43,66,54,93,92,70,60,56,70,79,47,53,79,75,75,70,71,59,38,39,12,42,44,54,27,38,30,31,58,45,33,24,27,34,32,38,23,35,70,10,7,4,6,5,4,2,3,11,5,1,12,4,9,9,1220000,22,17,6,2025,8,11,2027,10,2018,National Draft,Half Back Flanker,"defensive profile: Half Back Flanker:15.85, Intercept Defender:12.28, Key Defender:5.57, Back Pocket:-0.05",73,78,23,492,400,92,126,33,6,10,0,17,92,263,83,1.142,"2021,2022,2023,2024,2025,2026"
1562,Sydney,Sydney,16,32,Jake,Lloyd,SA,93,20,9,1993,177,75,63,42,45,65,64,44,43,38,49,56,45,54,55,66,48,58,67,61,49,51,84,64,73,63,88,54,42,60,7,59,45,63,25,18,28,25,53,47,33,21,27,23,24,38,32,45,54,10,9,14,11,16,5,8,2,14,9,11,10,9,1,2,681000,44,6,2,2024,4,11,2030,16,2012,Rookie Draft,Outside Mid,"midfield profile: Outside Mid:8.64, Inside Mid:-2.38",56,57,22,441,277,164,157,47,24,7,0,0,99,330,27,-1.186,"2021,2022,2023,2024,2025,2026"
1563,Sydney,Sydney,16,32,Brodie,Grundy,QLD,99,15,4,1994,205,105,54,71,76,51,50,83,77,52,87,56,61,54,54,66,56,66,62,55,78,76,31,53,60,70,90,70,73,57,30,62,84,53,20,38,32,20,25,33,22,60,28,32,24,22,19,42,30,5,3,11,14,11,9,4,13,13,13,5,3,2,14,8,962000,4,20,10,2025,5,9,2027,18,2012,National Draft,Ruck,Dominant hitouts (36.7/game),66,67,22,428,160,268,74,85,131,7,807,16,270,168,56,0.026,"2021,2022,2023,2024,2025,2026"
1564,Sydney,Sydney,16,23,Matt,Roberts,VIC,88,1,7,2003,182,78,61,41,48,68,66,48,48,38,52,55,51,62,64,65,48,60,64,67,52,58,78,69,66,60,69,58,42,70,18,43,61,52,43,38,36,36,80,60,42,38,36,31,36,31,32,44,71,2,4,5,5,3,5,2,5,10,8,5,5,9,8,7,709000,34,1,5,2026,1,6,2028,34,2021,National Draft,Half Back Flanker,"defensive profile: Half Back Flanker:9.66, Intercept Defender:7.49, Key Defender:2.03, Back Pocket:-0.51",60,69,18,382,263,119,108,36,23,1,0,1,94,257,40,1.92,"2023,2024,2025,2026"
1565,Sydney,Sydney,16,25,James,Rowbottom,WA,72,19,9,2000,185,86,40,44,89,53,49,80,83,45,62,41,71,49,50,64,51,60,61,61,77,45,66,61,82,97,82,63,71,61,15,53,58,56,25,25,23,24,26,26,49,18,29,31,44,52,45,55,31,7,13,13,13,4,11,5,10,12,13,9,10,4,10,13,996000,8,1,7,2024,5,5,2030,25,2018,National Draft,Inside Mid,"midfield profile: Inside Mid:12.96, Outside Mid:-2.39",67,68,23,369,218,151,54,168,92,9,0,4,188,180,14,-0.008,"2021,2022,2023,2024,2025,2026"
1566,Sydney,Sydney,16,25,Justin,McInerney,NSW,80,18,8,2000,181,82,57,45,51,63,64,56,51,46,67,54,45,54,54,62,51,68,60,63,57,50,65,65,54,73,69,60,49,44,1,58,61,53,28,19,30,19,46,38,27,23,25,24,19,37,22,40,44,13,7,3,4,9,10,5,13,3,14,12,12,12,3,8,738000,27,22,10,2025,26,5,2029,44,2018,National Draft,Outside Mid,"midfield profile: Outside Mid:5.38, Inside Mid:4.45",58,60,17,365,192,173,89,30,46,8,0,4,131,241,25,0.331,"2021,2022,2023,2024,2025,2026"
1567,Sydney,Sydney,16,25,James,Jordon,WA,74,20,12,2000,182,85,36,43,60,48,47,59,60,38,57,37,51,46,46,61,46,53,65,55,59,56,72,53,90,78,62,52,59,62,21,57,53,53,20,24,25,26,29,26,47,28,21,19,56,51,55,57,37,8,13,10,4,4,15,5,13,1,3,4,11,9,3,9,574000,17,7,5,2025,20,12,2031,33,2018,National Draft,Inside Mid,"midfield profile: Inside Mid:5.51, Outside Mid:-2.61",52,54,23,334,156,178,46,85,65,10,0,1,147,189,18,-0.729,"2021,2022,2023,2024,2025,2026"
1568,Sydney,Sydney,16,23,Angus,Sheldrick,NSW,73,1,7,2003,184,85,36,42,65,54,50,63,57,42,62,36,51,49,49,61,47,61,44,62,65,48,75,61,63,71,38,51,50,35,51,57,54,64,31,24,34,34,40,34,57,26,24,30,66,59,65,56,49,9,8,2,3,7,10,2,7,11,6,11,1,5,4,12,626000,12,1,2,2026,10,6,2032,18,2021,National Draft,Inside Mid,"midfield profile: Inside Mid:6.59, Outside Mid:-1.68",56,64,20,321,177,144,38,74,56,6,0,0,153,161,7,1.537,"2022,2023,2024,2026"
1569,Sydney,Sydney,16,26,Sam,Wicks,TAS,97,14,9,1999,186,83,38,39,48,51,57,45,50,35,42,38,47,56,56,60,43,47,65,54,49,50,75,56,46,78,75,54,46,57,1,60,53,54,33,26,22,23,59,44,20,27,25,24,22,22,31,33,59,5,11,8,5,1,7,8,10,2,11,8,15,5,15,3,477000,15,11,6,2025,27,5,2031,44,2025,Mid-Season Draft,Half Back Flanker,"defensive profile: Half Back Flanker:3.74, Intercept Defender:0.93, Back Pocket:0.21, Key Defender:-0.20",49,52,21,307,209,98,51,56,13,0,0,0,77,222,19,-0.312,"2021,2022,2023,2024,2025,2026"
1570,Sydney,Sydney,16,29,Callum,Mills,NSW,98,2,4,1997,178,76,61,40,49,72,70,48,44,33,58,55,48,70,70,58,48,55,54,62,52,57,76,61,65,77,69,54,44,38,15,52,42,53,20,20,19,24,47,31,17,20,23,20,19,18,17,33,48,9,7,2,8,9,2,7,13,7,17,12,14,17,16,10,830000,14,18,8,2023,5,11,2027,3,2015,National Draft,Half Back Flanker,"defensive profile: Half Back Flanker:12.41, Intercept Defender:7.52, Key Defender:1.47, Back Pocket:-1.41",60,61,12,285,162,123,79,28,12,2,0,1,65,179,21,-1.378,"2021,2022,2023,2024,2025,2026"
1571,Sydney,Sydney,16,24,Braeden,Campbell,NSW,72,4,2,2002,179,78,42,45,50,47,55,48,53,41,43,40,48,56,54,60,49,49,63,56,50,11,78,50,76,71,64,51,50,47,45,48,46,62,31,29,23,23,58,35,52,29,45,59,24,46,24,23,33,13,13,1,2,11,14,2,5,5,10,7,15,13,5,11,432000,16,17,8,2024,16,5,2027,5,2020,National Draft,Small Forward,"forward profile: Small Forward:2.92, Pressure Forward:1.99, Key Forward:-0.78",48,53,23,284,172,112,72,69,10,16,0,0,87,200,16,0.007,"2021,2022,2023,2024,2025,2026"
1572,Sydney,Sydney,16,36,Dane,Rampe,NSW,87,2,6,1990,188,83,50,41,43,49,48,42,50,35,39,47,53,47,50,58,42,43,61,57,45,41,73,52,57,54,97,48,49,15,21,55,50,53,15,38,39,25,15,32,18,27,23,15,23,26,26,19,32,4,8,9,6,8,6,13,5,14,3,13,14,3,5,8,390000,24,17,8,2023,1,2,2029,37,2012,Rookie Draft,Intercept Defender,"defensive profile: Intercept Defender:4.95, Half Back Flanker:3.72, Key Defender:2.80, Back Pocket:2.03",45,45,21,281,191,90,91,47,10,0,0,2,61,205,58,-0.642,"2021,2022,2023,2024,2025,2026"
1573,Sydney,Sydney,16,24,Errol,Gulden,VIC,82,18,7,2002,182,83,56,43,71,71,77,72,80,64,70,52,57,62,63,60,72,78,57,69,68,53,75,77,58,65,77,53,71,63,4,60,91,51,32,27,35,22,57,51,34,20,29,30,25,44,32,49,68,8,4,7,13,10,4,5,4,10,5,10,9,6,12,12,1142000,21,1,1,2026,27,9,2032,32,2020,National Draft,Outside Mid,"midfield profile: Outside Mid:12.55, Inside Mid:7.91",70,76,10,266,164,102,53,43,28,6,0,1,83,185,9,0.995,"2021,2022,2023,2024,2025,2026"
1574,Sydney,Sydney,16,26,Tom,McCartin,NSW,94,30,12,1999,200,96,80,62,39,47,47,45,46,43,47,81,55,50,52,57,43,46,71,59,47,84,34,52,66,94,62,51,49,59,5,50,58,55,28,47,65,64,33,36,20,28,31,27,29,33,31,22,27,14,10,5,12,5,7,15,14,5,8,6,12,6,13,14,738000,30,21,3,2024,8,5,2030,33,2017,National Draft,Key Defender,"defensive profile: Key Defender:9.22, Intercept Defender:8.45, Back Pocket:2.65, Half Back Flanker:1.73",58,60,20,266,182,84,127,14,1,3,2,27,105,166,99,-0.242,"2021,2022,2023,2024,2025,2026"
1575,Sydney,Sydney,16,28,Oliver,Florent,VIC,81,22,7,1998,188,87,50,44,46,52,58,46,46,38,49,48,46,56,55,55,44,52,55,56,49,48,68,56,83,83,72,53,43,71,15,51,52,67,29,18,26,30,50,34,24,27,28,23,25,23,27,35,49,14,5,3,13,7,11,11,4,14,14,6,9,15,13,9,500000,13,9,3,2025,11,6,2029,11,2016,National Draft,Half Back Flanker,"defensive profile: Half Back Flanker:1.83, Intercept Defender:0.45, Key Defender:0.05, Back Pocket:-0.24",50,51,16,243,139,104,66,34,12,2,0,3,72,170,21,-0.429,"2021,2022,2023,2024,2025,2026"
1576,Sydney,Sydney,16,27,Will,Hayward,SA,73,26,10,1998,191,91,50,57,50,42,43,50,53,49,46,51,47,41,41,56,59,45,64,49,52,47,77,50,99,65,69,50,51,56,12,55,54,57,39,22,27,30,20,41,24,30,42,37,18,21,26,22,24,6,13,13,8,4,7,7,6,9,12,12,5,11,12,3,454000,9,28,6,2025,13,3,2027,21,2016,National Draft,Medium Forward,"forward profile: Key Forward:4.92, Small Forward:4.52, Pressure Forward:-0.53 -> fallback Medium Forward (no standout)",48,49,21,237,138,99,68,55,7,29,0,10,101,144,20,-0.256,"2021,2022,2023,2024,2025,2026"
1577,Sydney,Sydney,16,26,Riley,Bice,SA,83,1,7,2000,183,82,51,42,42,53,69,40,40,38,42,49,45,82,77,53,43,45,47,57,46,47,77,54,57,83,71,52,40,68,53,46,38,53,22,27,25,24,44,30,22,17,25,27,24,30,27,27,43,12,12,5,11,7,12,12,14,11,6,7,7,6,12,2,681000,26,27,7,2024,24,4,2028,41,2024,National Draft,Half Back Flanker,"defensive profile: Half Back Flanker:6.83, Intercept Defender:1.94, Key Defender:0.88, Back Pocket:0.34",55,57,16,221,141,80,72,29,7,1,0,2,55,148,24,,
1578,Sydney,Sydney,16,27,Hayden,McLean,NSW,92,20,1,1999,203,102,55,66,43,39,38,45,47,48,43,56,47,41,40,52,55,42,56,48,48,82,29,48,65,49,58,57,47,16,41,45,49,54,25,52,45,21,26,26,33,62,49,31,24,22,27,25,31,7,9,7,12,5,7,4,4,11,11,3,2,5,12,14,477000,2,16,4,2026,2,10,2028,41,2025,National Draft,Hybrid Key Forward Ruck,"Ruck minutes (3.8 HO/g) plus forward output (CM/g=0.68, GL/g=1.32)",48,51,19,177,106,71,68,32,13,25,72,13,86,93,39,-0.077,"2021,2022,2023,2024,2025,2026"
1579,Sydney,Sydney,16,23,Corey,Warner,NSW,72,1,7,2003,171,73,43,44,42,44,52,43,49,42,43,42,43,52,52,50,48,49,55,58,46,9,73,50,54,80,86,52,47,1,29,49,59,53,32,30,28,19,42,38,31,27,36,44,31,41,30,20,30,8,5,3,10,6,8,6,11,9,8,8,10,10,3,13,332000,37,28,10,2024,7,7,2028,40,2021,National Draft,Small Forward,"forward profile: Small Forward:1.74, Pressure Forward:-0.25, Key Forward:-1.05",44,51,14,168,105,63,42,24,14,8,0,1,51,119,12,1.337,"2023,2024,2025,2026"
1580,Sydney,Sydney,16,29,Lewis,Melican,NSW,98,4,11,1996,197,96,59,51,42,42,41,41,43,39,37,60,62,43,43,49,40,38,60,53,45,76,26,46,86,82,76,50,44,33,19,52,41,59,27,32,44,51,26,32,27,18,25,26,18,17,18,27,24,1,11,8,1,4,14,9,9,9,7,1,8,14,9,9,477000,43,20,12,2025,19,6,2031,48,2023,National Draft,Key Defender,"defensive profile: Key Defender:7.47, Intercept Defender:5.37, Back Pocket:4.56, Half Back Flanker:-1.80",45,46,17,165,117,48,75,34,3,0,0,13,57,104,86,-0.813,"2021,2023,2024,2025,2026"
1581,Sydney,Sydney,16,30,Tom,Papley,WA,80,13,7,1996,191,91,47,51,45,49,63,49,54,52,48,46,43,62,59,49,52,60,50,62,49,41,64,66,70,69,79,52,53,67,17,65,66,60,21,21,19,20,35,23,36,28,30,41,27,38,37,41,16,1,5,6,10,9,3,13,4,3,9,3,4,15,1,9,574000,11,7,4,2024,10,3,2030,14,2015,Rookie Draft,Hybrid Mid Forward,Strong in both forward (fwd_c=2.71) and midfield (mid_c=0.83) signals,51,51,11,165,112,53,43,18,13,10,0,1,58,113,13,-0.277,"2021,2022,2023,2024,2025,2026"
1582,Sydney,Sydney,16,32,Harry,Cunningham,VIC,79,6,12,1993,193,92,53,40,42,54,49,40,41,35,41,49,46,41,41,47,42,43,51,46,46,54,77,49,70,78,95,51,44,62,1,46,28,50,24,32,45,34,19,40,23,17,27,25,17,22,27,20,22,15,3,15,10,12,4,3,1,6,6,6,8,14,2,1,313000,7,5,9,2024,18,2,2026,53,2023,National Draft,Medium Defender,"defensive profile: Back Pocket:0.40, Key Defender:0.11, Intercept Defender:0.01, Half Back Flanker:-0.22 -> fallback Medium Defender (no standout)",41,42,11,150,89,61,58,22,2,0,0,0,33,120,17,-0.668,"2021,2022,2023,2024,2025,2026"
1583,Sydney,Sydney,16,21,Caiden,Cleary,NSW,99,1,7,2005,186,86,39,42,54,43,43,49,49,38,49,40,50,41,41,46,42,42,40,50,53,54,79,43,85,71,74,55,43,34,24,48,42,48,22,25,23,35,34,38,51,28,29,23,55,62,61,61,46,2,1,5,6,9,6,6,9,5,9,9,6,2,2,8,313000,33,26,2,2025,8,3,2030,24,2023,National Draft,Inside Mid,"midfield profile: Inside Mid:-0.51, Outside Mid:-4.00",43,49,12,132,48,84,30,39,14,1,0,1,49,91,7,0.705,"2024,2025,2026"
1584,Sydney,Sydney,16,28,Peter,Ladhams,NSW,74,14,1,1998,199,97,41,57,42,38,36,47,45,45,50,43,41,41,41,42,47,42,36,48,49,89,33,46,99,82,80,56,46,17,60,62,61,47,17,45,25,17,25,20,25,41,28,25,19,26,17,20,25,7,13,8,12,4,12,2,14,10,2,5,8,4,13,17,332000,19,28,7,2025,12,7,2031,9,2016,Rookie Draft,Hybrid Key Forward Ruck,"Ruck minutes (10.0 HO/g) plus forward output (CM/g=0.40, GL/g=0.70)",40,41,10,107,56,51,21,12,27,7,100,4,59,39,15,-1.701,"2021,2022,2023,2024,2025,2026"
1585,Sydney,Sydney,16,33,Joel,Hamling,NSW,92,9,4,1993,197,92,44,48,38,39,37,38,38,39,38,46,64,42,41,43,40,35,58,51,43,81,29,41,58,99,99,60,40,40,26,62,31,60,27,38,57,48,22,24,22,19,28,19,27,22,25,19,21,7,13,13,13,7,15,14,2,8,7,15,6,3,3,10,332000,29,1,4,2024,16,2,2029,32,2011,National Draft,Key Defender,"defensive profile: Key Defender:6.54, Back Pocket:5.14, Intercept Defender:4.27, Half Back Flanker:-4.17",39,40,14,106,57,49,36,19,1,3,1,6,44,62,86,-0.846,"2021,2022,2023,2024,2026"
1586,Sydney,Sydney,16,29,Aaron,Francis,SA,80,1,7,1997,200,100,47,52,38,39,39,40,43,47,39,47,44,39,39,41,45,38,38,46,44,80,36,46,93,77,64,56,46,65,53,61,46,49,49,52,16,17,23,39,23,18,47,28,28,25,19,27,20,9,12,9,9,4,1,16,2,14,6,13,10,6,13,10,296000,10,21,7,2026,20,7,2031,6,2015,National Draft,Key Forward,"forward profile: Key Forward:2.82, Small Forward:0.46, Pressure Forward:-1.85",39,40,10,88,55,33,33,12,3,5,0,3,35,59,20,-0.405,"2021,2022,2023,2024,2025"
1587,Sydney,Sydney,16,25,Jack,Buller,NSW,92,16,5,2001,192,89,61,70,45,38,38,48,53,46,47,64,44,39,39,41,55,41,49,47,50,75,32,45,50,90,81,50,53,1,21,53,54,69,55,53,25,33,31,47,22,25,51,21,29,20,33,25,31,8,2,1,5,4,7,6,4,2,1,6,1,2,3,5,454000,39,13,9,2023,16,2,2025,34,2021,National Draft,Key Forward,"forward profile: Key Forward:9.03, Small Forward:2.02, Pressure Forward:-2.86",51,61,9,82,39,43,35,16,2,11,8,8,42,43,10,2.408,"2023,2024,2026"
1588,Sydney,Sydney,16,26,Joel,Amartey,NSW,87,2,9,1999,196,95,63,76,44,40,37,46,52,40,39,65,44,38,37,39,57,38,43,45,48,86,26,46,73,66,63,53,56,41,48,47,45,62,53,58,26,33,29,43,32,27,50,25,27,27,29,22,29,13,8,6,14,3,13,1,7,11,10,12,2,2,10,4,500000,36,13,5,2025,5,9,2031,31,2024,National Draft,Key Forward,"forward profile: Key Forward:13.19, Small Forward:3.38, Pressure Forward:-3.61",51,56,8,71,49,22,34,16,3,13,9,8,31,42,9,0.026,"2021,2022,2023,2024,2025,2026"
1589,Sydney,Sydney,16,22,Tom,Hanily,VIC,80,1,7,2004,173,72,35,45,39,35,36,38,40,38,39,36,41,39,39,37,47,37,31,48,44,11,72,37,83,89,75,53,40,54,44,60,40,48,18,20,25,19,54,36,44,24,34,45,25,33,20,25,21,14,4,13,12,14,12,12,5,1,2,4,5,8,11,14,188000,40,25,4,2026,19,12,2030,14,2023,Mid-Season Draft,Small Forward,"forward profile: Small Forward:2.82, Key Forward:0.46, Pressure Forward:-0.91",33,36,8,57,25,32,16,12,3,6,0,0,25,33,8,,
1590,Sydney,Sydney,16,32,Taylor,Adams,TAS,82,20,9,1993,189,87,32,40,49,32,37,49,57,41,46,33,43,40,40,33,41,41,20,49,49,46,61,44,59,87,80,41,57,86,48,51,65,55,21,17,13,18,24,18,28,21,14,19,38,34,36,36,21,16,4,14,4,14,15,1,10,2,11,2,11,12,12,7,262000,3,18,6,2024,1,4,2029,13,2011,National Draft,Inside Mid,"midfield profile: Inside Mid:0.68, Outside Mid:-6.71",38,38,4,37,15,22,6,11,6,1,0,0,18,19,1,-2.153,"2021,2022,2023,2024,2025,2026"
1591,Sydney,Sydney,16,27,Ben,Paton,NSW,85,19,10,1998,188,85,34,38,34,39,42,32,37,37,32,35,44,44,43,32,38,34,26,48,39,47,80,44,53,49,88,44,40,45,34,57,32,51,16,18,32,39,23,19,28,20,24,24,26,19,17,17,18,14,12,9,17,3,7,2,13,2,6,14,6,13,9,12,175000,25,23,10,2026,7,10,2031,46,2017,National Draft,Back Pocket,"defensive profile: Back Pocket:1.53, Key Defender:0.47, Intercept Defender:-2.28, Half Back Flanker:-3.38",32,34,4,33,18,15,8,6,0,0,0,0,6,24,7,-1.251,"2022,2023,2024,2025"
1592,Sydney,Sydney,16,20,Jesse,Dattoli,VIC,89,1,7,2006,172,73,33,47,41,36,36,40,40,50,45,35,40,37,36,33,39,37,26,45,46,11,84,33,80,71,75,46,37,40,60,53,45,58,23,29,23,21,34,30,56,23,17,31,36,43,29,48,20,3,14,11,10,3,6,6,11,10,8,4,3,8,12,8,175000,18,2,6,2024,2,2,2029,22,2024,National Draft,Pressure Forward,"forward profile: Pressure Forward:0.60, Key Forward:-0.54, Small Forward:-0.58",33,39,3,26,7,19,5,5,2,0,0,0,11,15,2,,
1593,Sydney,Sydney,16,22,Caleb,Mitchell,SA,98,1,7,2004,189,90,47,39,47,45,39,48,52,33,48,44,44,37,37,35,42,40,51,42,50,47,79,47,76,97,54,39,50,59,10,62,61,64,25,34,44,49,23,33,25,23,19,32,21,21,22,21,29,4,6,9,7,9,14,2,12,3,7,5,5,15,14,3,262000,35,8,11,2024,3,7,2026,40,2022,National Draft,Medium Defender,"defensive profile: Back Pocket:0.08, Key Defender:-0.41, Half Back Flanker:-1.78, Intercept Defender:-1.97 -> fallback Medium Defender (no standout)",39,43,1,13,8,5,4,2,1,0,0,0,5,7,1,,
1594,West Coast,West Coast,17,28,Liam,Baker,QLD,81,27,1,1998,180,83,47,43,68,60,67,71,70,44,74,45,56,67,67,70,51,71,67,67,68,47,75,66,72,59,65,58,64,65,3,54,80,68,23,21,24,22,32,28,46,22,27,26,49,44,55,57,38,4,5,11,12,7,11,15,11,1,1,10,14,6,2,2,1032000,3,13,4,2023,19,12,2029,18,2017,Rookie Draft,Inside Mid,"midfield profile: Inside Mid:8.67, Outside Mid:5.86",68,69,23,508,259,249,84,84,59,5,0,3,216,289,38,0.098,"2021,2022,2023,2024,2025,2026"
1595,West Coast,West Coast,17,21,Ryan,Maric,WA,85,6,9,2004,181,81,49,44,46,68,72,45,45,41,49,48,48,79,77,70,49,50,64,60,49,51,75,64,43,95,95,54,39,5,35,51,56,53,22,35,24,30,51,32,19,35,25,29,26,35,20,31,54,11,2,2,3,6,11,1,7,2,3,2,10,2,7,8,768000,23,7,6,2025,6,12,2030,1,2022,Mid-Season Draft,Half Back Flanker,"defensive profile: Half Back Flanker:11.81, Intercept Defender:6.44, Key Defender:1.75, Back Pocket:-0.84",63,72,22,460,314,146,84,44,12,1,0,4,94,276,38,1.627,"2023,2024,2025,2026"
1596,West Coast,West Coast,17,29,Liam,Duggan,VIC,86,11,12,1996,179,80,59,43,44,65,64,44,48,39,44,55,46,66,70,66,46,56,64,72,47,44,76,70,67,69,99,50,45,92,25,45,60,56,30,30,28,27,47,39,31,26,31,22,32,25,29,34,62,4,10,11,11,5,9,3,13,15,8,12,12,6,9,11,768000,14,10,7,2026,16,3,2030,11,2014,National Draft,Half Back Flanker,"defensive profile: Half Back Flanker:12.23, Intercept Defender:8.44, Key Defender:2.05, Back Pocket:-0.64",60,61,21,425,319,106,121,41,19,0,0,4,85,280,31,0.047,"2021,2022,2023,2024,2025,2026"
1597,West Coast,West Coast,17,21,Harley,Reid,NSW,76,17,4,2005,194,91,43,47,64,43,66,72,91,45,66,44,50,69,66,61,56,65,61,62,64,47,72,62,40,58,93,49,92,79,27,57,99,57,16,28,26,20,40,19,37,22,34,40,24,40,42,36,21,14,16,2,17,13,9,14,14,16,13,17,9,6,13,8,799000,9,9,10,2023,11,3,2028,1,2023,National Draft,Hybrid Mid Forward,Strong in both midfield (mid_c=3.98) and forward (fwd_c=1.07) signals,60,71,19,358,194,164,48,66,74,14,0,7,163,210,13,-1.308,"2024,2025,2026"
1598,West Coast,West Coast,17,32,Tim,Kelly,VIC,78,26,7,1994,180,79,41,42,57,55,56,59,54,39,63,41,47,54,54,61,47,62,61,61,60,43,73,59,70,64,81,51,52,64,17,55,54,68,25,22,19,18,27,25,43,21,25,17,36,35,46,38,32,10,10,12,11,5,12,13,8,1,3,6,9,2,6,15,681000,11,14,4,2023,10,10,2029,24,2017,National Draft,Inside Mid,"midfield profile: Inside Mid:6.99, Outside Mid:0.78",56,56,20,352,175,177,55,57,70,5,0,2,153,211,14,-0.667,"2021,2022,2023,2024,2025,2026"
1599,West Coast,West Coast,17,28,Jack,Graham,SA,92,25,2,1998,185,84,36,41,93,55,58,85,95,39,68,37,77,51,52,61,46,67,60,63,80,44,79,63,71,70,83,58,84,71,32,62,75,52,28,29,29,21,39,38,59,21,23,20,57,52,54,57,37,9,14,12,3,3,15,1,6,7,8,1,14,13,3,15,1105000,17,21,1,2024,17,4,2027,53,2016,National Draft,Inside Mid,"midfield profile: Inside Mid:13.52, Outside Mid:1.47",71,72,18,346,178,168,36,141,64,2,0,1,153,213,20,-0.198,"2021,2022,2023,2024,2025,2026"
1600,West Coast,West Coast,17,23,Brady,Hough,VIC,94,5,3,2003,179,79,52,43,56,53,54,52,54,42,52,50,54,49,49,63,47,51,67,56,54,59,87,53,85,88,45,53,50,80,18,49,48,51,23,33,31,25,67,65,30,23,28,36,32,35,42,54,63,12,2,9,6,6,11,13,13,13,3,2,3,6,4,5,500000,19,22,12,2026,28,9,2028,31,2021,National Draft,Outside Mid,"midfield profile: Outside Mid:1.36, Inside Mid:0.51",52,58,22,340,165,175,98,72,31,3,0,4,106,240,38,0.607,"2022,2023,2024,2025,2026"
1601,West Coast,West Coast,17,22,Elijah,Hewett,NSW,82,27,5,2004,185,85,33,44,63,53,51,62,58,43,64,34,52,48,48,61,51,59,58,59,63,54,70,57,66,80,79,58,52,54,25,55,54,62,25,25,32,29,35,30,52,34,31,31,55,62,55,57,43,4,4,13,4,2,3,8,8,12,7,6,10,7,4,13,626000,8,2,12,2023,28,10,2029,14,2022,National Draft,Inside Mid,"midfield profile: Inside Mid:7.21, Outside Mid:-2.18",56,62,20,325,146,179,33,71,66,10,0,0,144,179,13,0.86,"2023,2024,2026"
1602,West Coast,West Coast,17,21,Reuben,Ginbey,TAS,83,10,9,2004,187,83,49,45,52,47,54,51,51,36,49,49,67,67,66,61,42,44,70,61,54,49,78,50,99,82,98,61,47,93,6,51,56,56,26,51,62,22,30,42,25,26,22,32,25,32,27,21,42,11,3,10,3,4,6,7,5,4,11,11,12,14,7,13,548000,7,11,2,2024,11,2,2026,9,2022,National Draft,Intercept Defender,"defensive profile: Intercept Defender:9.08, Key Defender:6.87, Half Back Flanker:6.56, Back Pocket:4.49",51,57,23,307,198,109,80,60,10,0,1,8,127,176,118,0.138,"2023,2024,2025,2026"
1603,West Coast,West Coast,17,29,Tom,Cole,TAS,76,28,5,1997,185,82,56,43,52,55,59,51,54,38,52,53,56,59,59,59,44,49,59,56,53,55,72,53,89,65,99,50,52,36,34,52,48,63,29,32,54,50,20,40,30,24,24,29,29,31,26,24,32,9,3,3,9,3,2,4,3,8,11,13,7,7,13,3,574000,28,11,6,2024,9,12,2029,36,2015,National Draft,Medium Defender,"defensive profile: Half Back Flanker:4.00, Intercept Defender:3.87, Key Defender:2.51, Back Pocket:1.38 -> fallback Medium Defender (no standout)",53,55,18,295,156,139,90,53,9,1,0,4,85,194,46,0.588,"2021,2023,2024,2025,2026"
1604,West Coast,West Coast,17,34,Jamie,Cripps,WA,92,23,4,1992,180,80,47,49,49,45,49,46,47,45,41,47,47,50,49,55,53,48,66,56,50,21,83,50,44,69,66,57,43,56,21,59,45,52,21,23,30,19,54,35,39,27,35,47,19,43,29,24,18,13,6,14,12,13,6,8,14,15,11,14,4,2,6,13,432000,15,23,5,2026,18,10,2030,24,2010,National Draft,Small Forward,"forward profile: Small Forward:3.97, Key Forward:1.64, Pressure Forward:0.24",47,48,21,237,161,76,71,58,10,24,0,6,81,159,17,-0.598,"2021,2022,2023,2024,2025,2026"
1605,West Coast,West Coast,17,26,Tom,McCarthy,WA,90,12,7,2000,188,87,53,43,50,69,68,52,51,43,58,51,47,75,76,56,47,58,52,69,54,50,75,67,64,94,56,54,45,66,22,48,70,57,32,28,25,33,47,36,22,21,30,19,20,30,21,39,55,10,13,2,2,2,4,14,14,9,10,11,10,5,2,3,862000,45,14,3,2024,9,6,2026,1,2024,Mid-Season Draft,Half Back Flanker,"defensive profile: Half Back Flanker:13.83, Intercept Defender:8.62, Key Defender:2.09, Back Pocket:-1.31",62,64,10,236,154,82,46,21,16,0,0,2,62,127,15,,
1606,West Coast,West Coast,17,28,Matt,Flynn,NSW,98,13,9,1997,206,105,69,81,55,42,42,59,58,47,57,75,56,45,45,53,45,52,59,52,58,91,30,52,48,73,85,54,57,69,9,44,67,51,28,45,31,21,20,27,28,58,28,27,31,22,29,42,19,13,3,8,10,8,4,14,15,3,1,4,11,11,7,5,768000,25,13,8,2024,9,3,2027,37,2025,National Draft,Ruck,Dominant hitouts (24.6/game),59,62,18,229,121,108,73,47,44,6,443,28,134,104,57,-0.701,"2021,2022,2023,2024,2025,2026"
1607,West Coast,West Coast,17,23,Tyler,Brockman,WA,83,22,11,2002,174,77,42,48,52,42,42,52,54,41,50,43,49,42,42,55,48,46,58,50,54,15,71,43,99,77,62,54,53,2,3,62,51,59,31,22,26,27,52,35,38,25,37,50,23,41,24,19,18,8,11,13,8,12,2,8,5,8,5,3,2,14,5,6,370000,10,6,7,2023,10,2,2025,46,2020,National Draft,Small Forward,"forward profile: Small Forward:2.17, Pressure Forward:1.21, Key Forward:0.02",43,45,20,228,112,116,49,55,32,14,0,5,107,124,23,-0.049,"2021,2023,2024,2025,2026"
1608,West Coast,West Coast,17,29,Liam,Ryan,WA,96,2,10,1996,185,84,47,53,48,47,50,47,44,51,44,47,44,54,52,55,56,51,63,57,52,46,62,58,67,99,84,62,42,51,5,63,41,68,26,17,22,18,19,27,24,19,33,35,20,14,23,23,24,17,10,3,12,7,18,14,8,16,14,8,14,14,9,12,500000,1,19,3,2023,27,9,2028,26,2017,National Draft,Medium Forward,"forward profile: Small Forward:3.55, Key Forward:3.24, Pressure Forward:-0.91 -> fallback Medium Forward (no standout)",49,49,20,225,161,64,69,45,21,22,0,5,99,130,16,-0.29,"2021,2022,2023,2024,2025,2026"
1609,West Coast,West Coast,17,24,Jack,Hutchinson,ACT,78,10,11,2001,188,83,48,42,52,47,52,49,53,38,47,46,53,51,52,53,43,50,56,57,52,56,90,55,74,79,58,56,48,57,51,48,53,47,28,31,48,65,33,33,47,32,24,21,33,29,29,28,29,9,10,14,12,4,5,14,7,9,3,14,15,5,10,5,477000,44,6,8,2024,28,2,2029,3,2023,Mid-Season Draft,Back Pocket,"defensive profile: Back Pocket:1.23, Half Back Flanker:0.36, Intercept Defender:0.26, Key Defender:0.19",49,53,16,213,123,90,66,49,20,1,0,1,71,146,26,-0.063,"2024,2025,2026"
1610,West Coast,West Coast,17,21,Clay,Hall,NSW,86,12,5,2005,186,85,38,40,60,53,50,62,59,40,68,38,49,48,48,54,46,56,50,55,62,51,78,52,40,80,78,44,55,48,31,56,57,61,42,27,31,36,38,45,71,29,29,27,86,72,82,73,47,8,11,6,9,6,2,6,9,2,2,10,2,2,5,8,548000,29,10,11,2024,25,7,2026,38,2023,National Draft,Inside Mid,"midfield profile: Inside Mid:6.34, Outside Mid:-2.31",54,64,13,211,83,128,29,37,38,2,0,0,97,119,11,3.169,"2024,2025,2026"
1611,West Coast,West Coast,17,22,Tyrell,Dewar,QLD,83,27,3,2004,186,84,44,42,32,46,57,35,41,40,37,43,35,59,59,52,45,46,49,56,39,46,77,56,80,75,81,50,40,47,32,49,58,63,21,19,24,28,44,38,28,25,24,32,25,23,25,31,49,7,4,14,4,9,13,6,1,10,6,15,7,4,14,13,411000,43,28,7,2026,19,8,2029,46,2022,National Draft,Half Back Flanker,"defensive profile: Half Back Flanker:3.48, Intercept Defender:-0.02, Back Pocket:-1.31, Key Defender:-1.31",45,53,16,204,145,59,54,11,3,5,0,1,43,157,12,0.237,"2024,2025,2026"
1612,West Coast,West Coast,17,31,Jayden,Hunt,WA,73,3,4,1995,188,89,35,40,42,44,46,44,48,37,45,36,43,46,46,50,45,46,53,53,46,53,72,52,67,49,99,45,49,35,29,51,53,68,18,41,36,42,18,41,25,28,21,20,24,26,21,26,24,2,7,2,10,7,2,5,12,9,9,6,13,3,8,7,313000,5,4,4,2026,23,5,2028,57,2013,National Draft,Medium Defender,"defensive profile: Back Pocket:-0.34, Key Defender:-1.02, Half Back Flanker:-1.47, Intercept Defender:-2.01 -> fallback Medium Defender (no standout)",42,44,15,184,101,83,30,25,18,5,0,0,61,118,18,0.592,"2021,2022,2023,2024,2025"
1613,West Coast,West Coast,17,23,Sandy,Brock,VIC,76,14,12,2002,188,84,54,47,36,46,42,37,33,36,42,54,65,46,48,48,41,39,63,59,44,49,86,46,93,75,64,53,34,79,4,47,40,55,30,49,58,25,30,46,23,31,21,21,34,29,34,26,42,13,13,9,3,2,1,5,7,4,1,14,13,8,7,9,332000,41,25,7,2023,5,9,2028,25,2021,Rookie Draft,Intercept Defender,"defensive profile: Intercept Defender:9.79, Key Defender:9.01, Back Pocket:5.22, Half Back Flanker:1.38",44,48,14,154,95,59,59,11,1,0,0,6,54,98,96,,
1614,West Coast,West Coast,17,25,Harry,Edwards,NSW,77,1,10,2000,200,98,65,58,39,42,40,40,40,42,40,68,68,47,49,49,40,39,60,61,45,74,27,46,81,88,68,55,42,72,17,55,40,55,26,33,38,40,26,20,26,20,19,14,19,26,16,18,14,8,7,8,11,10,17,5,7,9,10,5,9,4,6,7,574000,42,15,1,2023,21,5,2028,60,2020,National Draft,Key Defender,"defensive profile: Key Defender:11.52, Intercept Defender:9.84, Back Pocket:6.06, Half Back Flanker:-0.85",50,54,16,150,96,54,68,20,2,0,0,18,60,90,113,-0.363,"2021,2022,2023,2024,2025,2026"
1615,West Coast,West Coast,17,29,Matthew,Owies,VIC,92,19,3,1997,190,91,45,50,45,41,41,43,44,39,39,46,46,43,43,48,44,41,51,50,48,41,65,48,84,61,83,53,42,53,18,56,40,63,40,23,18,20,27,36,33,22,33,31,19,21,17,21,21,7,11,7,16,2,5,2,2,12,11,15,7,6,16,7,296000,16,2,9,2023,4,10,2025,48,2022,National Draft,Medium Forward,"forward profile: Key Forward:0.97, Small Forward:0.61, Pressure Forward:0.56 -> fallback Medium Forward (no standout)",40,41,16,143,89,54,46,38,8,7,0,5,56,87,17,-0.514,"2021,2022,2023,2024,2025,2026"
1616,West Coast,West Coast,17,26,Bailey J.,Williams,SA,87,17,4,2000,198,97,43,62,47,36,37,49,50,39,48,47,46,43,43,48,47,45,54,52,51,70,23,49,93,83,75,62,49,59,32,48,58,65,20,42,27,21,26,18,27,42,40,25,26,27,25,28,22,11,3,12,12,6,7,3,10,7,11,11,4,4,8,13,370000,32,21,5,2025,4,5,2030,35,2018,National Draft,Hybrid Key Forward Ruck,"Ruck minutes (14.7 HO/g) plus forward output (CM/g=0.62, GL/g=0.69)",44,45,16,143,78,65,28,29,40,11,235,10,89,57,28,,
1617,West Coast,West Coast,17,34,Jeremy,McGovern,WA,88,15,4,1992,188,87,67,56,39,57,42,44,50,40,48,68,57,51,57,46,44,42,43,69,46,53,78,56,71,94,88,53,52,17,26,60,64,65,25,48,54,25,25,45,31,21,28,27,19,28,27,26,35,11,11,5,12,6,11,9,9,10,9,6,3,7,8,7,454000,20,3,2,2024,8,9,2030,43,2022,National Draft,Intercept Defender,"defensive profile: Intercept Defender:13.91, Key Defender:9.63, Half Back Flanker:9.06, Back Pocket:2.59",52,54,6,107,73,34,30,6,2,0,0,6,28,49,30,0.355,"2021,2022,2023,2024,2025"
1618,West Coast,West Coast,17,27,Oscar,Allen,SA,91,19,3,1999,197,93,51,56,47,41,39,45,47,43,38,52,52,44,44,43,50,40,58,50,49,77,22,49,88,73,78,63,46,58,6,57,40,52,47,47,25,22,29,38,19,24,47,29,17,23,26,22,28,11,16,15,8,5,6,5,9,2,2,3,3,12,3,1,411000,12,8,1,2023,21,1,2029,21,2017,National Draft,Key Forward,"forward profile: Key Forward:4.37, Small Forward:2.28, Pressure Forward:-0.83",45,46,12,106,81,25,40,29,1,12,1,7,47,61,29,-0.664,"2021,2023,2024,2025,2026"
1619,West Coast,West Coast,17,22,Jack,Williams,WA,82,1,7,2004,202,101,59,69,43,37,37,43,45,47,41,62,43,40,40,44,54,39,48,49,47,80,41,46,75,70,78,49,43,35,41,53,47,44,67,88,38,31,38,56,42,31,71,40,29,26,36,26,33,3,7,5,9,2,4,8,5,5,7,3,11,1,4,8,411000,34,7,4,2025,12,6,2029,57,2021,National Draft,Key Forward,"forward profile: Key Forward:8.72, Small Forward:1.42, Pressure Forward:-3.62",49,59,13,102,61,41,43,21,5,16,40,12,52,54,15,2.746,"2022,2023,2024,2025,2026"
1620,West Coast,West Coast,17,20,Hamish,Davis,TAS,93,2,5,2006,178,77,35,40,48,43,41,44,41,33,46,36,44,40,40,40,42,42,30,50,50,60,89,45,78,71,73,55,37,60,58,47,40,52,28,33,25,35,30,41,60,28,31,27,67,63,65,68,55,12,7,5,7,10,7,10,3,8,1,13,13,4,12,8,262000,38,1,3,2023,26,4,2027,65,2024,National Draft,Inside Mid,"midfield profile: Inside Mid:-2.19, Outside Mid:-4.22",38,44,8,85,39,46,16,20,6,1,0,0,33,53,3,,
1621,West Coast,West Coast,17,28,Jake,Waterman,VIC,98,6,5,1998,192,88,68,67,31,46,46,33,35,46,34,65,33,42,42,40,63,42,52,52,39,76,28,53,82,91,89,54,39,66,28,55,32,56,56,61,34,28,25,50,33,30,52,26,26,25,22,22,33,2,12,12,10,5,4,8,5,9,12,11,11,6,10,10,500000,2,1,8,2026,20,9,2029,77,2016,National Draft,Key Forward,"forward profile: Key Forward:12.76, Small Forward:6.06, Pressure Forward:-7.16",50,52,8,81,57,24,49,5,0,17,0,5,18,66,3,0.334,"2021,2022,2023,2024,2025,2026"
1622,West Coast,West Coast,17,20,Archer,Reid,VIC,98,19,9,2005,200,101,48,64,41,37,32,41,34,48,39,52,45,38,38,42,42,35,48,45,48,86,32,42,78,66,56,66,35,82,47,44,23,51,27,46,44,25,20,28,28,55,46,26,30,24,22,24,26,5,11,13,6,7,10,9,4,14,9,5,5,13,12,11,313000,22,20,9,2025,14,8,2029,30,2023,National Draft,Hybrid Key Forward Ruck,"Ruck minutes (5.2 HO/g) plus forward output (CM/g=0.79, GL/g=0.36)",42,48,14,79,48,31,29,22,10,5,73,11,56,31,23,,
1623,West Coast,West Coast,17,22,Rhett,Bazzo,WA,88,17,10,2003,195,90,61,49,39,43,43,40,47,40,40,60,63,41,43,40,41,38,53,55,43,82,32,45,50,53,69,44,49,25,26,63,47,54,16,36,42,45,26,21,27,26,28,17,28,16,23,23,19,13,4,12,8,7,2,1,12,9,7,6,7,1,8,4,454000,33,3,5,2024,1,1,2029,37,2021,National Draft,Key Defender,"defensive profile: Key Defender:7.23, Intercept Defender:6.53, Back Pocket:4.35, Half Back Flanker:-0.87",45,49,7,76,40,36,35,12,1,0,3,4,19,59,37,-0.307,"2022,2023,2024,2025,2026"
1624,West Coast,West Coast,17,21,Noah,Long,VIC,82,23,8,2004,189,85,33,41,39,39,42,36,37,37,35,34,42,45,44,39,41,37,39,49,43,58,84,45,47,71,83,50,38,50,36,46,30,51,40,23,30,21,30,41,33,21,38,38,18,26,28,30,28,16,7,7,16,2,12,13,9,8,8,9,6,3,12,6,216000,13,25,3,2024,20,12,2030,58,2022,National Draft,Medium Forward,"forward profile: Small Forward:0.76, Pressure Forward:0.40, Key Forward:-1.83 -> fallback Medium Forward (no standout)",33,38,10,76,40,36,18,20,7,3,0,0,24,57,8,-1.0,"2023,2024,2025,2026"
1625,West Coast,West Coast,17,19,Tom,Gross,TAS,98,15,9,2006,188,89,37,41,42,37,46,43,48,38,42,37,40,53,51,39,41,41,25,52,46,56,83,47,67,92,66,52,49,70,74,54,49,56,25,29,20,30,27,31,56,21,27,26,59,51,62,64,41,10,7,11,5,14,13,14,11,13,9,2,13,7,11,12,246000,27,16,12,2025,18,5,2031,46,2024,National Draft,Inside Mid,"midfield profile: Inside Mid:-2.13, Outside Mid:-3.52",37,43,8,70,36,34,19,14,11,1,0,0,30,42,3,,
1626,West Coast,West Coast,17,20,Jobe,Shanahan,TAS,99,2,8,2006,191,91,63,72,39,41,36,38,36,45,36,66,41,39,39,39,53,37,53,47,45,93,37,47,77,70,70,63,37,62,21,51,30,54,58,61,32,28,28,50,27,26,56,31,33,31,32,25,27,6,7,12,2,5,12,12,9,2,13,6,14,3,2,10,454000,35,2,8,2023,24,7,2027,30,2024,National Draft,Key Forward,"forward profile: Key Forward:11.33, Small Forward:1.45, Pressure Forward:-4.95",49,56,9,69,52,17,36,13,0,12,0,10,30,39,9,,
1627,West Coast,West Coast,17,23,Campbell,Chesser,WA,73,27,4,2003,185,85,43,46,51,57,58,51,47,39,55,42,45,54,54,43,50,59,47,61,55,45,69,61,67,70,53,57,42,27,22,57,49,56,34,24,31,28,74,50,42,24,26,31,25,37,44,43,65,3,10,5,3,10,6,11,11,5,11,8,10,4,12,2,500000,18,14,10,2026,28,10,2028,14,2021,National Draft,Outside Mid,"midfield profile: Outside Mid:2.47, Inside Mid:1.70",50,57,4,67,38,29,13,9,9,2,0,0,23,44,3,1.654,"2023,2024,2025,2026"
1628,West Coast,West Coast,17,20,Bo,Allan,WA,76,16,2,2006,180,77,35,39,32,39,40,32,34,33,36,36,40,42,42,35,39,33,32,46,39,49,73,40,62,84,77,47,38,50,36,59,28,61,33,26,44,53,27,28,38,28,22,21,22,27,29,25,21,10,5,11,11,1,8,12,11,11,6,6,6,12,7,5,150000,26,23,11,2026,11,8,2032,16,2024,National Draft,Back Pocket,"defensive profile: Back Pocket:1.01, Key Defender:0.01, Intercept Defender:-3.12, Half Back Flanker:-4.02",31,35,6,46,16,30,12,6,1,0,0,0,11,34,8,,
1629,West Coast,West Coast,17,20,Lucca,Grego,NSW,84,1,7,2006,192,91,82,73,42,52,37,44,33,47,51,88,38,49,53,36,42,44,44,60,51,75,34,52,98,73,85,50,29,42,21,50,45,51,29,47,58,61,30,39,26,29,23,25,20,27,26,22,25,15,14,15,4,4,13,2,2,3,5,9,10,6,13,12,626000,31,28,5,2026,6,12,2031,48,2024,National Draft,Key Defender,"defensive profile: Key Defender:7.45, Intercept Defender:4.93, Half Back Flanker:2.39, Back Pocket:-0.26",57,61,1,14,9,5,5,1,1,0,0,2,6,5,1,,
1630,West Coast,West Coast,17,20,Malakai,Champion,SA,86,17,5,2006,189,89,30,39,26,36,38,27,25,33,31,32,28,40,39,29,38,35,15,50,36,42,72,46,67,63,78,50,26,40,62,55,36,59,29,24,26,29,25,35,21,20,43,39,27,17,28,27,28,5,11,5,4,14,13,2,2,10,4,9,5,8,4,2,140000,37,4,1,2026,28,1,2028,62,2021,National Draft,Medium Forward,"forward profile: Small Forward:-1.38, Key Forward:-2.20, Pressure Forward:-3.12 -> fallback Medium Forward (no standout)",28,35,2,13,9,4,2,0,0,0,0,0,4,9,0,,
1631,West Coast,West Coast,17,27,Jack,Petruccelle,WA,97,12,4,1999,172,70,33,43,34,31,31,32,37,33,26,34,39,36,36,26,42,27,8,44,38,13,76,33,56,93,73,53,40,60,86,44,28,62,33,33,28,31,59,38,49,30,42,54,20,45,23,31,23,12,2,15,13,13,13,13,2,13,13,15,9,6,13,6,140000,21,3,11,2026,7,1,2031,38,2017,National Draft,Small Forward,"forward profile: Small Forward:1.81, Key Forward:-0.45, Pressure Forward:-0.51",28,29,2,7,5,2,3,3,0,1,0,0,2,5,1,0.069,"2021,2022,2023,2024,2025"
1632,West Coast,West Coast,17,20,Jacob,Newton,NT,72,20,3,2006,190,89,37,48,38,35,30,33,32,37,26,42,39,38,38,26,42,29,19,48,42,48,79,42,62,80,92,58,33,73,46,50,11,48,43,25,30,30,17,36,27,18,39,42,26,29,20,26,28,15,10,2,4,2,12,10,2,3,10,9,5,3,2,14,140000,46,9,4,2024,2,6,2029,64,2022,National Draft,Medium Forward,"forward profile: Key Forward:0.17, Small Forward:0.10, Pressure Forward:-1.13 -> fallback Medium Forward (no standout)",29,39,2,6,6,0,2,4,1,1,0,1,3,3,0,,
1633,Western Bulldogs,Western Bulldogs,18,30,Bailey,Dale,QLD,87,22,7,1996,186,85,55,44,42,82,73,46,42,53,54,53,40,71,73,75,59,62,66,69,49,48,76,76,71,43,95,51,41,42,1,52,56,61,21,27,32,25,50,52,25,27,23,31,24,29,32,36,60,4,3,14,14,15,1,2,12,3,6,10,7,2,14,3,928000,31,5,8,2023,14,4,2029,45,2014,National Draft,Half Back Flanker,"defensive profile: Half Back Flanker:15.33, Intercept Defender:9.45, Key Defender:1.68, Back Pocket:-3.44",67,68,23,622,454,168,108,25,23,4,0,7,130,370,28,0.035,"2021,2022,2023,2024,2025,2026"
1634,Western Bulldogs,Western Bulldogs,18,34,Tom,Liberatore,WA,74,16,5,1992,182,81,46,41,88,74,65,86,70,61,90,44,66,56,57,75,66,82,64,68,84,46,77,71,82,83,59,59,59,66,24,45,61,57,20,26,18,28,34,34,46,32,27,26,49,46,55,50,36,13,4,11,3,9,7,12,4,5,14,12,9,5,6,12,1558000,21,11,4,2026,20,9,2029,41,2010,National Draft,Inside Mid,"midfield profile: Inside Mid:20.23, Outside Mid:3.39",81,82,23,609,296,313,85,128,146,6,0,1,285,330,34,-0.068,"2021,2022,2023,2024,2025,2026"
1635,Western Bulldogs,Western Bulldogs,18,27,Ed,Richards,TAS,97,3,7,1999,188,87,46,46,74,77,86,75,59,78,81,45,56,86,83,76,74,90,68,80,75,52,67,85,58,66,76,58,51,72,14,52,62,67,25,33,34,37,40,30,40,26,49,44,21,47,44,50,30,11,4,2,11,1,8,1,4,5,7,6,8,1,12,7,1513000,20,28,5,2023,18,10,2028,16,2017,National Draft,Hybrid Mid Forward,Strong in both midfield (mid_c=7.22) and forward (fwd_c=1.53) signals,81,87,23,593,353,240,77,84,131,22,0,3,252,347,35,1.538,"2021,2022,2023,2024,2025,2026"
1636,Western Bulldogs,Western Bulldogs,18,29,Matthew,Kennedy,VIC,96,1,7,1997,195,95,53,49,76,67,64,73,70,56,72,51,61,55,56,71,63,74,64,67,72,53,83,71,66,68,71,58,61,20,1,53,66,48,27,29,24,23,41,23,53,20,41,46,30,42,48,42,25,6,6,8,9,7,13,1,10,11,6,11,6,2,5,11,1032000,8,20,11,2026,8,9,2032,13,2015,National Draft,Hybrid Mid Forward,Strong in both midfield (mid_c=5.87) and forward (fwd_c=1.83) signals,68,69,23,533,289,244,103,117,112,21,0,6,206,314,25,-0.28,"2021,2022,2023,2024,2025,2026"
1637,Western Bulldogs,Western Bulldogs,18,30,Marcus,Bontempelli,SA,93,24,11,1995,191,91,57,51,85,76,81,82,68,99,86,56,73,75,73,69,99,90,60,74,81,57,83,81,88,61,66,68,57,55,31,53,60,66,28,31,34,25,40,28,54,25,45,50,28,46,50,44,25,15,4,4,5,8,9,2,13,13,13,14,14,9,12,3,1997000,4,12,2,2024,16,12,2026,4,2013,National Draft,Hybrid Mid Forward,Strong in both midfield (mid_c=7.72) and forward (fwd_c=2.11) signals,90,92,18,487,254,233,84,98,113,21,0,8,208,287,57,0.196,"2021,2022,2023,2024,2025,2026"
1638,Western Bulldogs,Western Bulldogs,18,28,Bailey,Williams,WA,72,10,10,1997,183,79,64,47,46,66,67,46,41,40,56,60,45,60,60,68,48,59,68,60,51,55,84,59,76,60,88,53,41,74,27,52,34,50,28,20,30,32,50,38,20,28,22,32,27,24,23,32,49,8,11,13,9,9,5,13,12,2,6,6,4,10,7,7,709000,34,20,1,2026,21,9,2032,48,2015,National Draft,Half Back Flanker,"defensive profile: Half Back Flanker:5.80, Intercept Defender:3.72, Key Defender:0.63, Back Pocket:-1.38",58,59,23,453,237,216,146,43,19,5,0,7,116,344,34,,
1639,Western Bulldogs,Western Bulldogs,18,20,Joel,Freijah,VIC,77,14,11,2005,178,82,45,43,56,58,61,58,55,55,63,44,53,55,55,67,60,63,66,59,58,50,73,61,75,71,87,46,53,46,6,53,59,55,19,24,21,22,30,28,56,23,32,21,57,57,59,63,44,8,7,3,13,9,10,5,5,12,4,9,4,11,5,4,709000,27,12,6,2024,28,5,2027,45,2023,National Draft,Inside Mid,"midfield profile: Inside Mid:5.03, Outside Mid:3.45",58,63,23,437,222,215,82,61,65,18,0,2,164,288,49,0.458,"2024,2025,2026"
1640,Western Bulldogs,Western Bulldogs,18,28,Tim,English,WA,92,10,8,1997,203,102,71,77,62,57,55,62,59,65,62,70,61,49,50,66,60,63,67,57,62,73,31,62,77,87,66,74,55,33,28,47,57,62,26,43,42,25,31,28,31,58,23,31,22,30,28,32,22,13,9,2,13,10,6,9,8,3,5,3,10,10,7,12,996000,44,8,10,2023,7,12,2025,19,2016,National Draft,Ruck,Dominant hitouts (30.3/game),67,69,23,410,232,178,141,77,88,13,696,18,176,242,70,0.487,"2021,2022,2023,2024,2025,2026"
1641,Western Bulldogs,Western Bulldogs,18,28,Lachlan,Bramble,NSW,89,19,4,1998,183,82,53,45,40,61,60,39,41,41,42,51,41,59,59,65,46,50,63,59,44,45,74,61,70,72,70,57,40,97,34,58,41,66,16,27,23,20,47,38,23,29,16,18,22,26,26,30,41,3,3,11,11,9,3,14,5,15,8,10,11,9,7,2,548000,29,7,9,2025,9,8,2030,35,2022,National Draft,Half Back Flanker,"defensive profile: Half Back Flanker:5.51, Intercept Defender:2.37, Key Defender:0.05, Back Pocket:-1.47",53,55,23,398,266,132,101,37,13,5,0,6,73,276,20,-0.343,"2021,2022,2023,2024,2025,2026"
1642,Western Bulldogs,Western Bulldogs,18,21,Ryley,Sanders,QLD,73,1,7,2005,193,93,45,46,53,59,59,52,51,47,63,45,46,47,46,64,54,55,60,53,55,59,79,49,74,86,87,52,49,39,31,59,41,47,24,23,29,26,42,25,54,30,45,54,30,57,61,52,22,10,10,13,1,13,13,10,12,9,3,9,13,5,14,11,548000,9,27,1,2023,10,2,2027,6,2023,National Draft,Hybrid Mid Forward,Strong in both midfield (mid_c=1.49) and forward (fwd_c=0.52) signals,52,57,21,390,124,266,63,62,32,13,0,5,109,285,9,0.279,"2024,2025,2026"
1643,Western Bulldogs,Western Bulldogs,18,26,Rhylee,West,QLD,94,12,7,2000,190,90,49,59,62,45,48,62,68,54,55,50,52,46,46,63,62,53,68,54,61,51,82,55,59,66,57,50,63,57,20,58,66,61,35,28,27,32,55,31,52,38,57,70,24,50,62,51,28,4,4,2,4,2,6,11,9,9,4,2,3,2,5,5,548000,14,13,5,2025,27,1,2031,26,2018,National Draft,Hybrid Mid Forward,Strong in both forward (fwd_c=4.35) and midfield (mid_c=0.83) signals,55,63,23,313,171,142,70,82,27,39,0,10,145,176,15,1.836,"2021,2022,2023,2024,2025,2026"
1644,Western Bulldogs,Western Bulldogs,18,24,Sam,Davidson,VIC,74,1,7,2002,189,90,55,51,50,53,54,50,54,43,48,55,46,47,47,59,50,53,59,57,51,48,74,59,75,59,95,43,52,55,16,62,52,61,31,17,16,27,22,32,22,29,35,36,18,29,27,16,23,8,1,2,14,2,14,11,6,8,8,3,6,14,1,6,524000,42,11,2,2026,2,10,2032,51,2024,National Draft,Medium Forward,"forward profile: Small Forward:0.92, Key Forward:0.80, Pressure Forward:0.15 -> fallback Medium Forward (no standout)",51,53,19,295,182,113,81,52,19,13,0,9,86,211,13,,
1645,Western Bulldogs,Western Bulldogs,18,33,Rory,Lobb,ACT,83,9,2,1993,186,83,72,61,44,47,42,46,45,44,46,74,69,46,49,59,44,43,77,61,49,49,83,50,61,67,75,56,46,54,5,49,45,49,29,31,44,50,19,41,25,22,19,31,24,26,28,20,19,6,14,2,13,9,13,4,15,12,13,12,5,13,5,4,574000,7,6,10,2026,13,10,2031,29,2013,National Draft,Medium Defender,"defensive profile: Key Defender:11.54, Intercept Defender:11.31, Back Pocket:5.45, Half Back Flanker:0.89 -> fallback Medium Defender (no standout)",57,58,23,280,185,95,124,36,9,3,22,29,114,159,163,-0.638,"2021,2022,2023,2024,2025,2026"
1646,Western Bulldogs,Western Bulldogs,18,33,Jason,Johannisen,VIC,98,8,11,1992,183,81,55,45,39,64,64,39,39,43,41,52,42,62,62,58,46,51,57,60,45,53,76,63,99,70,87,47,39,34,20,48,36,61,24,34,26,34,50,50,25,34,25,29,35,25,26,47,64,6,4,11,12,10,10,12,1,5,12,1,9,12,7,12,548000,39,5,8,2025,27,9,2028,38,2023,National Draft,Half Back Flanker,"defensive profile: Half Back Flanker:7.38, Intercept Defender:4.11, Key Defender:0.88, Back Pocket:-1.11",54,58,16,273,205,68,73,21,10,2,0,4,51,205,19,1.017,"2021,2022,2023,2024,2025"
1647,Western Bulldogs,Western Bulldogs,18,26,Aaron,Naughton,VIC,78,30,11,1999,196,93,77,86,48,46,43,49,46,66,47,80,47,43,42,59,76,48,67,49,52,82,37,54,71,92,53,61,45,37,30,51,47,61,56,60,28,20,30,40,28,19,47,21,27,29,31,28,26,13,8,11,9,12,2,2,15,11,4,2,4,5,12,9,928000,33,21,9,2025,12,5,2031,9,2017,National Draft,Key Forward,"forward profile: Key Forward:18.68, Small Forward:6.01, Pressure Forward:-6.64",66,69,23,271,189,82,124,45,6,60,7,35,130,147,41,-0.147,"2021,2022,2023,2024,2025,2026"
1648,Western Bulldogs,Western Bulldogs,18,23,Sam,Darcy,VIC,76,19,7,2003,205,106,99,99,54,50,43,61,50,78,63,99,45,44,43,57,84,57,60,54,61,60,31,59,52,44,60,70,49,50,1,53,57,60,35,47,42,33,25,31,30,50,43,26,19,31,22,19,19,11,11,7,11,5,5,4,5,13,4,2,10,5,11,5,1383000,10,14,9,2026,25,6,2029,2,2021,National Draft,Hybrid Key Forward Ruck,"Ruck minutes (3.6 HO/g) plus forward output (CM/g=3.12, GL/g=2.82)",77,99,17,242,157,85,102,26,25,48,61,53,147,97,28,2.973,"2022,2023,2024,2025,2026"
1649,Western Bulldogs,Western Bulldogs,18,23,James,O'Donnell,VIC,72,31,8,2002,199,95,60,55,39,44,42,40,41,40,40,62,61,46,47,58,42,41,72,59,45,79,33,50,66,99,80,57,42,73,15,52,42,50,26,46,63,51,26,31,30,23,31,27,34,26,28,31,28,2,1,8,2,7,8,13,5,8,5,6,13,5,12,13,500000,18,9,10,2026,4,6,2028,43,2023,National Draft,Key Defender,"defensive profile: Key Defender:7.39, Intercept Defender:6.16, Back Pocket:3.79, Half Back Flanker:-0.74",49,58,22,229,154,75,90,30,3,4,5,18,80,147,113,0.707,"2023,2024,2025,2026"
1650,Western Bulldogs,Western Bulldogs,18,30,James,Harmes,TAS,97,5,10,1995,189,87,46,50,53,56,55,52,45,41,60,46,47,50,49,52,52,56,47,54,56,46,74,55,65,76,80,58,40,52,36,52,46,51,22,24,18,18,36,23,38,25,34,38,25,35,42,40,19,6,8,10,11,10,10,1,9,15,14,15,6,9,12,3,524000,22,5,8,2026,27,4,2028,2,2013,Rookie Draft,Hybrid Mid Forward,Strong in both forward (fwd_c=1.34) and midfield (mid_c=1.23) signals,49,49,13,226,104,122,40,34,17,9,0,4,85,139,12,-0.657,"2021,2022,2023,2024,2025,2026"
1651,Western Bulldogs,Western Bulldogs,18,24,Luke,Cleary,WA,96,1,7,2002,190,86,50,42,41,50,47,42,44,37,44,49,49,45,47,52,43,43,56,53,46,49,79,48,70,62,84,52,47,64,31,45,38,46,23,45,51,22,22,49,22,29,28,20,24,24,22,21,40,12,15,3,13,3,14,4,10,2,3,11,8,14,5,3,350000,36,2,1,2023,1,9,2025,61,2021,National Draft,Intercept Defender,"defensive profile: Intercept Defender:3.54, Half Back Flanker:2.46, Key Defender:2.35, Back Pocket:1.12",44,47,16,211,121,90,68,25,7,2,0,3,61,157,40,-0.671,"2022,2023,2024,2025,2026"
1652,Western Bulldogs,Western Bulldogs,18,27,Laitham,Vandermeer,VIC,84,3,2,1999,176,76,42,46,41,40,47,43,49,44,43,42,42,47,45,53,48,44,48,50,46,11,75,43,68,62,99,51,50,33,36,60,52,67,30,30,26,21,59,38,41,30,43,45,32,36,19,19,30,6,3,7,12,12,10,11,14,3,6,3,11,5,9,13,313000,23,17,2,2026,11,3,2028,37,2018,National Draft,Small Forward,"forward profile: Small Forward:2.15, Key Forward:0.25, Pressure Forward:-0.64",41,42,19,197,100,97,55,32,5,13,0,2,71,137,17,-0.05,"2021,2022,2023,2024,2025,2026"
1653,Western Bulldogs,Western Bulldogs,18,25,Lachlan,McNeil,WA,82,9,2,2001,174,74,36,46,43,43,39,42,36,42,43,39,41,40,40,54,48,41,53,49,48,20,80,41,53,99,78,64,36,60,31,44,29,61,31,24,19,31,55,41,48,24,38,44,23,45,26,29,28,9,3,4,3,8,6,2,12,9,2,3,8,3,8,11,262000,30,23,10,2025,17,9,2030,11,2020,Rookie Draft,Small Forward,"forward profile: Small Forward:1.97, Key Forward:0.47, Pressure Forward:-1.79",38,40,21,194,102,92,31,36,9,17,0,5,88,110,14,0.075,"2021,2022,2023,2024,2025,2026"
1654,Western Bulldogs,Western Bulldogs,18,28,Oskar,Baker,VIC,87,1,7,1998,188,88,50,42,43,53,65,44,43,47,49,47,50,68,66,47,44,55,42,63,48,48,73,59,81,69,77,51,41,32,5,54,50,60,26,18,23,17,38,31,19,18,17,18,18,17,19,38,52,7,11,1,15,4,8,5,7,8,9,14,12,6,12,10,626000,13,28,12,2025,2,9,2027,48,2017,National Draft,Half Back Flanker,"defensive profile: Half Back Flanker:4.29, Intercept Defender:3.78, Key Defender:2.21, Back Pocket:0.85",52,53,9,138,80,58,38,14,13,1,0,1,41,101,26,-0.218,"2021,2023,2024,2025,2026"
1655,Western Bulldogs,Western Bulldogs,18,26,Buku,Khamis,NSW,73,24,3,2000,199,97,55,56,42,41,37,42,45,40,39,55,53,39,39,46,49,35,50,43,46,72,23,43,61,67,83,49,47,76,32,57,36,50,51,62,21,25,29,37,23,32,48,25,26,21,22,21,19,4,13,4,1,11,4,13,3,7,10,6,10,10,5,3,370000,24,4,6,2026,26,5,2031,52,2023,National Draft,Key Forward,"forward profile: Key Forward:4.14, Small Forward:1.33, Pressure Forward:-2.10",44,48,14,124,71,53,55,27,4,13,24,8,46,75,41,0.444,"2021,2022,2023,2024,2025,2026"
1656,Western Bulldogs,Western Bulldogs,18,25,Riley,Garcia,TAS,97,1,7,2001,186,86,32,39,62,48,50,60,61,40,58,33,51,50,49,44,45,55,38,57,61,41,72,54,72,82,85,55,58,62,29,49,51,54,24,25,29,24,36,33,47,28,31,24,51,48,51,48,40,12,2,2,13,9,6,1,9,4,6,13,9,12,12,12,524000,38,25,10,2024,6,2,2026,62,2019,National Draft,Inside Mid,"midfield profile: Inside Mid:5.74, Outside Mid:-2.43",51,54,8,113,52,61,11,30,23,2,0,0,52,63,4,0.376,"2021,2022,2023,2024,2025,2026"
1657,Western Bulldogs,Western Bulldogs,18,20,Josh,Dolan,VIC,77,1,7,2006,185,82,32,41,36,39,40,35,35,36,39,33,37,42,40,41,40,36,39,47,42,47,88,42,63,76,85,47,36,64,34,44,31,56,50,27,34,25,23,46,28,27,46,40,34,24,27,31,27,4,6,5,9,12,10,11,4,3,13,8,7,12,9,11,175000,26,15,1,2025,28,1,2029,31,2024,National Draft,Medium Forward,"forward profile: Small Forward:-0.61, Pressure Forward:-1.05, Key Forward:-2.15 -> fallback Medium Forward (no standout)",31,37,11,86,35,51,15,13,3,1,0,0,30,57,6,,
1658,Western Bulldogs,Western Bulldogs,18,33,Adam,Treloar,VIC,96,9,3,1993,185,86,41,41,43,65,72,46,41,50,60,40,36,65,62,47,51,66,30,65,50,41,69,67,66,62,75,57,39,21,36,52,53,54,17,29,18,20,48,46,23,20,17,30,22,35,28,34,53,5,10,6,15,3,10,4,10,14,11,14,7,15,6,9,681000,1,20,8,2023,1,2,2027,33,2022,National Draft,Outside Mid,"midfield profile: Outside Mid:8.61, Inside Mid:1.39",55,56,4,85,44,41,12,5,10,2,0,0,23,59,1,-0.118,"2021,2022,2023,2024,2025,2026"
1659,Western Bulldogs,Western Bulldogs,18,22,Jedd,Busslinger,QLD,98,1,7,2004,197,96,50,42,28,43,44,33,41,37,32,48,48,44,44,38,40,37,36,52,37,74,31,48,99,66,97,39,49,99,45,54,40,50,30,38,44,44,29,27,19,30,31,22,24,31,21,20,20,10,5,12,3,3,2,14,13,11,10,4,4,7,5,13,278000,5,24,6,2025,19,4,2027,13,2022,National Draft,Key Defender,"defensive profile: Key Defender:3.83, Intercept Defender:3.26, Back Pocket:2.34, Half Back Flanker:-0.71",36,41,7,68,50,18,29,2,0,0,0,1,14,54,27,,
1660,Western Bulldogs,Western Bulldogs,18,24,Caleb,Poulter,QLD,85,1,7,2002,192,92,51,53,42,41,43,40,38,41,40,52,42,43,42,38,43,44,31,52,46,75,33,50,85,84,87,51,35,54,61,48,42,59,45,40,23,22,19,36,18,17,44,22,26,24,25,20,24,7,15,3,15,8,10,12,1,4,5,4,13,15,7,8,332000,25,12,9,2026,22,7,2031,30,2020,National Draft,Key Forward,"forward profile: Key Forward:1.78, Pressure Forward:-0.60, Small Forward:-0.75",41,43,7,66,39,27,26,13,3,2,0,3,25,44,6,-0.127,"2021,2022,2023,2024,2025"
1661,Western Bulldogs,Western Bulldogs,18,23,Harvey,Gallagher,SA,92,1,7,2003,182,81,40,39,34,42,48,34,43,37,33,39,41,48,50,37,41,40,32,54,39,46,77,51,66,63,85,54,40,47,65,46,58,61,21,24,27,27,38,37,26,18,29,18,21,28,24,27,52,1,4,2,5,11,7,7,12,8,2,3,9,1,7,8,278000,12,4,5,2024,7,3,2030,39,2022,National Draft,Half Back Flanker,"defensive profile: Half Back Flanker:1.58, Intercept Defender:0.88, Back Pocket:0.59, Key Defender:0.49",37,40,5,55,39,16,14,6,4,0,0,0,10,43,7,-0.168,"2024,2025,2026"
1662,Western Bulldogs,Western Bulldogs,18,35,Taylor,Duryea,VIC,77,24,4,1991,189,85,47,43,39,42,45,39,47,34,38,46,45,43,44,36,40,41,45,52,42,49,78,48,72,88,52,50,49,50,25,63,48,60,18,29,34,38,26,26,23,25,21,17,26,19,17,19,18,4,16,15,7,4,3,6,17,4,17,12,8,2,15,9,296000,15,16,7,2026,22,6,2032,69,2009,National Draft,Medium Defender,"defensive profile: Back Pocket:1.15, Key Defender:0.98, Intercept Defender:0.58, Half Back Flanker:-0.36 -> fallback Medium Defender (no standout)",39,40,5,54,32,22,19,9,1,0,0,1,14,43,8,-0.975,"2021,2022,2023,2024,2025"
1663,Western Bulldogs,Western Bulldogs,18,27,Nick,Coffield,NSW,73,1,7,1999,197,97,61,38,34,46,46,37,43,33,39,54,43,44,46,37,41,42,44,54,40,49,71,49,46,56,85,48,47,74,8,50,49,58,26,41,45,16,24,31,18,22,15,19,16,18,19,18,33,11,2,13,16,12,11,11,7,13,13,13,8,9,2,10,296000,17,13,10,2026,4,3,2030,8,2017,National Draft,Intercept Defender,"defensive profile: Intercept Defender:3.36, Half Back Flanker:2.62, Key Defender:1.73, Back Pocket:0.86",42,43,4,51,31,20,27,4,1,0,0,0,12,40,9,-0.981,"2021,2024,2025,2026"
1664,Western Bulldogs,Western Bulldogs,18,20,Cooper,Hynes,VIC,82,1,7,2006,195,91,39,48,37,34,33,37,34,42,39,42,36,38,37,36,43,34,29,46,43,67,26,40,54,87,63,51,34,15,47,58,36,68,47,42,22,17,25,39,19,29,40,24,17,17,26,25,23,14,15,3,6,2,12,11,10,9,12,13,12,3,5,2,188000,6,25,8,2023,3,7,2028,20,2024,National Draft,Key Forward,"forward profile: Key Forward:1.00, Small Forward:0.24, Pressure Forward:-2.23",33,36,8,50,21,29,13,9,1,4,0,3,26,25,3,,
1665,Western Bulldogs,Western Bulldogs,18,35,Liam,Jones,QLD,72,24,2,1991,192,86,54,46,37,45,42,37,36,36,35,53,62,45,45,36,40,37,55,55,43,80,36,47,45,76,90,49,38,75,1,56,31,46,20,38,59,52,26,33,24,24,20,25,23,30,26,20,32,11,4,14,12,9,5,15,3,14,7,15,11,10,15,16,370000,19,25,2,2023,16,4,2029,32,2008,National Draft,Key Defender,"defensive profile: Key Defender:7.01, Intercept Defender:6.35, Back Pocket:4.75, Half Back Flanker:-0.62",41,42,5,47,34,13,21,7,0,0,0,2,14,34,28,-0.331,"2021,2023,2024,2025"
1666,Western Bulldogs,Western Bulldogs,18,21,Jordan,Croft,VIC,72,1,7,2005,201,101,82,98,45,43,39,51,45,55,56,88,38,40,39,34,62,48,44,49,53,91,27,49,60,64,72,65,47,34,15,51,53,46,60,67,23,22,21,48,23,32,65,21,25,25,33,24,23,3,6,15,14,12,15,9,11,5,5,9,3,8,2,9,830000,16,24,12,2025,25,10,2027,15,2023,National Draft,Key Forward,"forward profile: Key Forward:22.29, Small Forward:1.33, Pressure Forward:-8.58",63,69,2,23,12,11,10,2,1,4,0,4,14,10,2,,
1667,Western Bulldogs,Western Bulldogs,18,23,Arthur,Jones,VIC,92,1,7,2003,178,80,32,44,34,34,30,34,32,34,34,35,34,34,34,29,42,29,13,43,41,16,86,30,79,87,96,47,35,30,85,47,19,49,19,25,19,28,54,32,42,27,40,53,30,35,20,19,23,8,6,17,8,2,6,11,9,12,11,3,11,9,12,3,140000,32,17,8,2023,9,12,2026,43,2021,National Draft,Small Forward,"forward profile: Small Forward:0.57, Key Forward:0.03, Pressure Forward:-2.10",28,32,4,18,6,12,3,5,3,2,0,1,9,10,0,-0.964,"2023,2024,2025,2026"
1668,Western Bulldogs,Western Bulldogs,18,29,Ryan,Gardner,VIC,89,1,6,1997,195,93,44,55,38,34,30,34,34,39,28,51,62,38,39,26,37,28,53,50,42,93,32,39,74,79,80,67,33,29,16,49,28,41,22,42,54,56,20,29,20,23,25,28,28,22,19,27,20,13,3,16,3,15,10,6,8,6,15,7,16,6,9,13,296000,43,20,8,2025,27,3,2030,59,2015,National Draft,Key Defender,"defensive profile: Key Defender:8.27, Back Pocket:5.69, Intercept Defender:4.26, Half Back Flanker:-4.31",36,37,1,5,4,1,1,2,0,0,0,1,2,3,5,-1.156,"2021,2022,2023,2024,2026"
1669,Gold Coast,Gold Coast,8,19,Beau,Addinsall,QLD,87,1,7,2007,182,85,41,29,45,52,58,53,56,34,51,30,46,53,53,61,49,59,61,65,50,55,87,64,58,82,77,83,48,25,38,67,62,46,21,14,21,22,26,27,11,11,16,20,10,5,13,20,30,1,1,1,1,3,4,9,1,1,1,4,1,1,7,1,500000,38,9,9,2026,3,12,2027,18,2025,National Draft,Outside Mid,"Auto-classified from height + career goals-rate only (Aug 2026 pass, Tier B: lighter data, see Player Database note); OVR 50.",51,58,7,0,0,0,0,0,0,2,0,0,0,0,0,,
1670,Port Adelaide,Port Adelaide,13,21,Tom,Anastasopoulos,SA,88,31,5,2005,176,85,45,45,38,51,48,35,41,38,38,45,47,44,44,43,43,44,30,47,43,63,81,50,73,79,53,82,33,22,48,70,46,61,12,5,24,14,11,23,12,5,8,17,11,9,7,14,18,8,7,1,1,1,1,9,1,5,7,6,1,3,1,5,278000,29,15,2,2025,28,9,2028,48,2023,National Draft,Half Back Flanker,"Auto-classified from real 2-game season profile (Aug 2026 pass, Tier A: full per-game-category real stats); OVR 39.",39,44,2,26,16,10,7,4,0,0,0,0,2,23,3,,
1671,Brisbane Lions,Brisbane Lions,2,19,Daniel,Annable,QLD,87,5,4,2007,184,85,47,42,36,56,48,34,35,53,37,47,36,41,41,43,43,47,29,40,44,44,83,57,78,43,80,40,66,30,58,64,38,55,11,16,14,17,36,17,9,17,15,15,16,10,10,17,35,1,1,1,1,1,1,1,1,1,6,2,4,1,4,1,278000,14,14,3,2026,9,2,2027,6,2025,National Draft,Outside Mid,"Auto-classified from real 1-game season profile (Aug 2026 pass, Tier A: full per-game-category real stats); OVR 39.",39,45,1,13,10,3,4,1,0,0,0,0,2,11,0,,
1672,Gold Coast,Gold Coast,8,25,Tom,Berry,NSW,79,1,5,2001,185,76,42,45,51,47,50,47,47,46,48,42,54,51,51,44,43,50,52,53,52,70,77,44,84,35,53,43,27,71,39,68,47,53,5,5,5,5,5,12,5,8,11,9,5,8,5,8,5,1,4,8,5,1,1,1,1,1,1,1,1,1,3,4,411000,16,14,6,2025,5,6,2027,36,2018,National Draft,Medium Defender,"Auto-classified from real 17-game season profile (Aug 2026 pass, Tier A: full per-game-category real stats); OVR 46.",46,48,17,196,107,89,43,47,9,3,0,1,78,125,37,,
1673,Brisbane Lions,Brisbane Lions,2,22,Shadeau,Brain,QLD,85,13,2,2004,183,80,53,47,40,52,38,40,33,46,46,53,41,48,48,41,41,40,40,51,51,54,84,42,99,78,68,48,58,31,41,78,27,58,5,5,21,8,13,14,15,12,6,13,6,5,12,5,32,1,4,6,8,1,5,1,2,1,3,8,1,1,1,4,313000,34,3,11,2024,13,2,2028,57,2022,National Draft,Half Back Flanker,"Auto-classified from real 9-game season profile (Aug 2026 pass, Tier A: full per-game-category real stats); OVR 41.",41,50,9,89,52,37,31,5,5,0,0,5,41,49,16,-0.261,"2024,2025"
1674,Port Adelaide,Port Adelaide,13,27,Will,Brodie,SA,85,23,8,1998,189,89,42,43,81,59,61,74,67,53,87,42,61,58,58,55,64,73,60,56,66,57,72,62,71,77,76,80,17,40,53,83,64,58,5,5,5,12,5,8,5,5,7,9,5,5,7,5,5,1,1,6,1,5,10,1,1,1,4,1,7,7,8,7,1105000,23,5,8,2026,12,4,2029,9,2016,National Draft,Inside Mid,"Auto-classified from real 24-game season profile (Aug 2026 pass, Tier A: full per-game-category real stats); OVR 70.",70,72,24,643,273,370,63,127,137,6,0,2,287,351,24,,
1675,St Kilda,St Kilda,15,32,Brad,Crouch,VIC,79,14,1,1994,186,85,47,44,84,57,59,74,71,59,86,47,64,58,58,62,70,72,63,58,65,65,68,65,62,69,55,57,50,21,37,80,74,84,5,5,5,5,6,5,5,5,5,5,5,5,5,5,5,8,10,13,1,5,11,17,6,4,16,5,15,18,19,11,1142000,5,8,8,2024,28,8,2027,33,2012,National Draft,Inside Mid,"Auto-classified from real 24-game season profile (Aug 2026 pass, Tier A: full per-game-category real stats); OVR 71.",72,73,24,651,292,359,90,142,131,8,0,1,283,362,24,,
1676,Brisbane Lions,Brisbane Lions,2,19,Cody,Curtin,NSW,95,18,5,2007,200,85,39,46,36,40,41,41,44,40,38,39,44,43,43,38,42,35,33,43,42,82,58,31,62,68,52,55,42,72,33,61,46,57,12,31,35,24,10,11,13,8,5,13,12,16,16,13,11,1,8,3,7,1,1,1,3,2,2,1,1,1,2,1,202000,37,22,10,2024,14,6,2027,43,2025,National Draft,Key Defender,"Auto-classified from real 4-game season profile (Aug 2026 pass, Tier A: full per-game-category real stats); OVR 34.",34,40,4,26,11,15,5,4,0,2,2,1,8,17,8,,
1677,Essendon,Essendon,5,32,Joe,Daniher,NSW,91,4,3,1994,200,99,69,65,46,54,61,51,53,60,47,69,41,59,59,55,67,58,65,53,44,72,63,65,46,75,38,39,45,77,28,81,58,83,5,5,5,5,5,5,5,5,5,5,5,5,5,5,5,14,25,12,9,1,8,10,3,19,6,12,5,11,4,14,830000,6,16,12,2024,14,12,2028,10,2012,National Draft,Key Forward,"Auto-classified from real 27-game season profile (Aug 2026 pass, Tier A: full per-game-category real stats); OVR 62.",62,63,27,421,328,93,173,31,38,58,58,22,151,261,26,,
1678,Fremantle,Fremantle,6,21,Hugh,Davies,WA,96,28,9,2004,196,90,36,42,37,42,32,48,48,38,34,36,59,35,35,35,37,30,30,47,48,84,84,28,89,45,71,59,70,23,57,63,31,52,16,15,6,29,5,9,8,10,5,15,8,12,15,17,8,1,4,1,8,1,1,4,4,4,1,1,1,1,4,3,202000,12,4,9,2024,23,12,2028,33,2022,National Draft,Medium Defender,"Auto-classified from real 2-game season profile (Aug 2026 pass, Tier A: full per-game-category real stats); OVR 34.",34,39,2,8,4,4,3,3,1,0,0,0,3,4,10,-0.261,"2024,2025"
1679,Gold Coast,Gold Coast,8,35,Charlie,Dixon,SA,92,23,9,1990,200,105,71,76,51,47,37,52,47,66,53,71,47,39,39,47,54,45,56,43,52,82,76,42,50,51,43,26,41,63,49,80,45,71,5,5,5,5,5,5,5,5,5,5,5,5,5,5,5,23,34,13,21,14,13,11,18,29,14,12,14,12,13,13,626000,23,13,12,2025,9,3,2029,46,2009,National Draft,Key Forward,"Auto-classified from real 18-game season profile (Aug 2026 pass, Tier A: full per-game-category real stats); OVR 55.",57,58,18,187,102,85,64,26,18,24,117,33,128,64,39,,
1680,West Coast,West Coast,17,18,Cooper,Duff-Tytler,WA,78,22,8,2007,201,85,42,51,52,44,39,52,50,44,49,42,53,43,43,41,42,43,46,47,53,82,52,36,43,39,58,62,29,21,54,61,45,45,30,27,30,36,15,14,14,8,12,23,5,6,24,6,11,1,1,1,1,1,1,1,7,4,6,1,1,1,6,2,332000,21,6,3,2024,8,1,2029,4,2025,National Draft,Key Defender,"Auto-classified from real 13-game season profile (Aug 2026 pass, Tier A: full per-game-category real stats); OVR 42.",42,52,13,117,53,64,23,35,19,3,51,4,68,49,27,,
1681,West Coast,West Coast,17,19,Willem,Duursma,WA,91,21,6,2007,193,85,57,49,59,56,69,52,49,49,59,57,53,72,72,49,53,61,48,61,55,61,99,61,76,36,64,34,38,20,35,51,53,63,19,18,8,18,12,21,10,6,15,20,11,34,26,7,10,3,2,2,2,1,1,1,3,1,7,4,1,1,2,1,709000,1,23,6,2026,10,4,2028,1,2025,National Draft,Hybrid Mid Forward,"Auto-classified from real 14-game season profile (Aug 2026 pass, Tier A: full per-game-category real stats); OVR 58.",56,74,14,260,152,108,64,45,33,10,0,7,97,169,22,,
1682,Adelaide,Adelaide,1,21,Charlie,Edwards,SA,86,18,5,2005,191,85,43,42,49,48,59,57,62,45,50,43,49,51,51,45,45,55,30,47,44,72,89,57,85,82,47,46,55,21,46,68,68,46,12,13,5,5,14,19,14,10,11,5,20,24,16,32,13,1,1,4,1,1,1,1,1,1,6,1,1,1,1,1,432000,11,12,10,2026,24,6,2029,21,2023,National Draft,Inside Mid,"Auto-classified from real 2-game season profile (Aug 2026 pass, Tier A: full per-game-category real stats); OVR 47.",47,53,2,30,20,10,6,4,5,0,0,0,11,23,4,,
1683,West Coast,West Coast,17,24,Luke,Edwards,WA,81,12,2,2002,188,83,58,39,38,50,54,44,44,28,28,44,49,43,42,45,41,43,55,55,47,77,79,47,62,37,63,52,39,43,35,60,49,47,12,14,5,15,5,20,5,5,9,5,13,13,5,5,5,5,1,1,1,1,1,1,1,4,8,2,6,1,3,1,332000,16,11,11,2025,5,12,2027,52,2020,National Draft,Medium Defender,"Auto-classified from height + career goals-rate only (Aug 2026 pass, Tier B: lighter data, see Player Database note); OVR 42.",43,46,37,0,0,0,0,0,0,3,0,0,0,0,0,,
1684,Gold Coast,Gold Coast,8,33,Brandon,Ellis,QLD,78,3,8,1993,181,82,38,46,31,31,51,41,45,34,35,37,39,47,56,45,45,43,37,56,35,49,82,38,65,82,78,34,40,39,39,75,62,60,5,5,5,5,5,5,5,5,5,5,5,5,5,5,5,10,15,7,12,32,7,16,15,12,27,19,4,15,8,14,216000,4,5,11,2026,25,12,2027,15,2011,National Draft,Small Forward,"Auto-classified from height + career goals-rate only (Aug 2026 pass, Tier B: lighter data, see Player Database note); OVR 35.",37,38,75,0,0,0,0,0,0,27,0,0,0,0,0,,
1685,Fremantle,Fremantle,6,24,Tom,Emmett,WA,81,30,11,2001,186,89,40,46,32,41,39,28,50,36,33,53,34,43,35,31,42,34,32,52,52,53,80,50,61,52,63,47,25,40,55,71,40,49,17,5,5,5,14,5,5,6,5,12,5,16,7,8,5,1,4,1,2,1,1,1,1,3,1,4,1,1,1,1,216000,18,10,3,2026,5,12,2027,41,2022,National Draft,Medium Forward,"Auto-classified from height + career goals-rate only (Aug 2026 pass, Tier B: lighter data, see Player Database note); OVR 35.",34,37,15,0,0,0,0,0,0,11,0,0,0,0,0,,
1686,Sydney,Sydney,16,33,Robbie,Fox,SA,93,16,4,1993,185,85,62,51,35,50,71,36,49,40,43,37,46,60,55,63,46,66,60,69,39,78,76,46,67,85,38,39,32,56,25,69,60,80,5,5,5,5,5,5,5,5,5,5,5,5,5,5,5,3,13,13,5,29,21,1,8,13,15,13,9,11,10,33,626000,42,11,7,2026,15,10,2027,46,2011,National Draft,Half Back Flanker,"Auto-classified from height + career goals-rate only (Aug 2026 pass, Tier B: lighter data, see Player Database note); OVR 55.",52,53,105,0,0,0,0,0,0,15,0,0,0,0,0,-0.763,"2021,2022,2023,2024,2025"
1687,West Coast,West Coast,17,34,Andrew,Gaff,WA,81,16,6,1992,183,85,50,43,63,69,73,57,60,48,62,61,55,71,62,79,64,59,71,63,77,62,72,67,99,90,43,81,40,48,36,72,52,90,5,5,5,5,5,5,5,5,5,5,5,5,5,5,5,20,14,11,10,30,22,8,15,3,12,11,5,11,7,32,996000,3,15,8,2026,22,5,2027,4,2010,National Draft,Outside Mid,"Auto-classified from height + career goals-rate only (Aug 2026 pass, Tier B: lighter data, see Player Database note); OVR 67.",69,70,280,0,0,0,0,0,0,84,0,0,0,0,0,,
1688,Adelaide,Adelaide,1,24,Lachlan,Gollant,SA,82,12,9,2001,191,72,39,48,37,42,45,42,37,25,36,36,33,40,44,36,42,36,37,39,41,63,82,51,65,45,56,32,33,25,44,70,64,58,14,14,14,5,7,5,10,10,5,9,10,5,5,5,15,1,1,1,7,2,1,7,1,4,2,4,1,1,1,3,188000,44,6,7,2026,3,12,2028,48,2019,National Draft,Medium Forward,"Auto-classified from height + career goals-rate only (Aug 2026 pass, Tier B: lighter data, see Player Database note); OVR 33.",33,36,16,0,0,0,0,0,0,13,0,0,0,0,0,,
1689,Greater Western Sydney,Greater Western Sydney,9,21,Phoenix,Gothard,NSW,90,1,7,2005,179,85,32,40,31,42,45,36,42,51,29,43,47,35,45,42,53,45,40,49,43,58,85,51,61,40,46,52,61,41,71,63,50,56,5,12,10,15,30,12,11,11,6,23,18,6,5,22,14,4,2,1,3,2,1,1,1,1,1,2,1,8,8,4,262000,11,1,11,2026,2,6,2027,12,2023,National Draft,Small Forward,"Auto-classified from height + career goals-rate only (Aug 2026 pass, Tier B: lighter data, see Player Database note); OVR 38.",38,43,16,0,0,0,0,0,0,18,0,0,0,0,0,,
1690,Richmond,Richmond,14,35,Dylan,Grimes,VIC,78,16,7,1991,193,90,54,48,36,37,64,43,45,34,45,48,48,51,53,56,44,55,72,66,54,57,81,51,57,75,37,47,16,40,19,79,59,88,5,5,5,5,5,5,5,5,5,5,5,5,5,5,5,10,9,8,23,11,16,24,7,16,16,14,13,12,12,15,477000,2,14,12,2025,5,2,2028,2,2009,Pre-Season Draft,Medium Defender,"Auto-classified from height + career goals-rate only (Aug 2026 pass, Tier B: lighter data, see Player Database note); OVR 49.",52,53,234,0,0,0,0,0,0,3,0,0,0,0,0,,
1691,Geelong,Geelong,7,33,Cameron,Guthrie,QLD,90,19,8,1992,187,86,46,60,61,54,60,69,56,57,66,49,51,68,56,70,67,76,63,66,64,54,74,74,92,48,73,79,37,75,27,80,53,98,4,4,4,4,4,4,4,4,4,4,4,4,4,4,4,12,9,12,15,14,11,10,11,11,33,16,32,27,11,17,996000,29,27,12,2024,25,11,2027,23,2010,National Draft,Hybrid Mid Forward,"Auto-classified from height + career goals-rate only (Aug 2026 pass, Tier B: lighter data, see Player Database note); OVR 67.",65,65,240,0,0,0,0,0,0,75,0,0,0,0,0,-2.145,"2021,2022,2023,2024,2025"
1692,Adelaide,Adelaide,1,22,Hugo,Hall-Kahan,SA,78,22,9,2003,188,85,39,32,39,40,49,41,47,31,41,47,47,41,41,42,34,44,43,52,59,51,85,48,63,55,70,61,60,34,55,65,35,57,5,7,5,7,8,22,14,17,9,9,7,5,5,8,5,1,2,3,1,7,1,1,1,1,9,1,7,1,1,1,278000,40,22,4,2025,8,2,2027,11,2021,Mid-Season Draft,Medium Defender,"Auto-classified from height + career goals-rate only (Aug 2026 pass, Tier B: lighter data, see Player Database note); OVR 39.",39,44,5,0,0,0,0,0,0,0,0,0,0,0,0,,
1693,Brisbane Lions,Brisbane Lions,2,40,Will,Hamill,QLD,93,26,7,1986,189,74,41,49,59,48,53,58,61,59,65,37,47,59,59,53,59,77,45,71,64,51,72,61,68,71,62,54,38,37,35,95,47,69,5,5,5,5,5,5,5,5,5,5,5,5,5,5,5,23,19,19,23,23,17,14,18,16,36,17,43,34,19,26,709000,40,20,1,2024,22,12,2029,64,2004,Rookie Draft,Hybrid Mid Forward,"Auto-classified from height + career goals-rate only (Aug 2026 pass, Tier B: lighter data, see Player Database note); OVR 58.",58,58,3,0,0,0,0,0,0,1,0,0,0,0,0,,
1694,Greater Western Sydney,Greater Western Sydney,9,19,Riley,Hamilton,NSW,88,15,8,2006,189,85,40,46,61,55,61,53,47,54,71,48,48,51,52,58,78,75,51,66,72,55,84,70,67,64,36,49,36,43,61,65,58,54,20,10,13,7,5,5,7,19,10,24,19,35,17,8,7,3,1,4,1,1,2,1,1,1,1,1,1,1,1,4,830000,43,7,11,2024,11,5,2029,40,2025,National Draft,Hybrid Mid Forward,"Auto-classified from height + career goals-rate only (Aug 2026 pass, Tier B: lighter data, see Player Database note); OVR 62.",61,73,5,0,0,0,0,0,0,2,0,0,0,0,0,,
1695,Greater Western Sydney,Greater Western Sydney,9,19,Oliver,Hannaford,NSW,81,1,9,2006,180,85,38,43,41,33,50,36,44,54,41,37,52,39,45,34,49,35,37,48,47,63,96,36,94,59,44,42,52,47,40,51,54,59,11,13,5,21,28,8,16,18,15,33,21,5,20,5,8,5,6,6,1,3,1,1,1,1,1,1,1,1,1,1,278000,13,6,7,2024,10,2,2029,59,2025,Rookie Draft,Small Forward,"Auto-classified from height + career goals-rate only (Aug 2026 pass, Tier B: lighter data, see Player Database note); OVR 39.",39,56,5,0,0,0,0,0,0,2,0,0,0,0,0,,
1696,Geelong,Geelong,7,38,Tom,Hawkins,SA,82,21,7,1988,198,103,59,46,45,54,41,44,43,61,47,60,46,44,43,68,77,46,47,56,63,61,77,44,74,61,48,49,58,75,7,82,57,96,5,5,5,5,5,5,5,5,5,5,5,5,5,5,5,35,15,15,21,30,21,18,21,13,38,21,20,18,14,18,574000,26,23,9,2024,28,1,2028,41,2006,National Draft,Medium Forward,"Auto-classified from height + career goals-rate only (Aug 2026 pass, Tier B: lighter data, see Player Database note); OVR 53.",54,55,359,0,0,0,0,0,0,796,0,0,0,0,0,,
1697,Essendon,Essendon,5,34,Dyson,Heppell,VIC,94,14,5,1992,189,84,45,49,66,54,62,71,63,61,67,43,54,51,58,70,67,85,81,58,69,57,82,67,51,51,59,64,37,47,33,89,54,99,5,5,5,5,5,5,5,5,5,5,5,5,5,5,5,11,11,16,3,9,17,7,15,14,22,7,17,28,7,18,962000,21,25,9,2026,7,4,2029,8,2010,National Draft,Hybrid Mid Forward,"Auto-classified from height + career goals-rate only (Aug 2026 pass, Tier B: lighter data, see Player Database note); OVR 66.",67,68,253,0,0,0,0,0,0,68,0,0,0,0,0,,
1698,West Coast,West Coast,17,23,Marcus,Herbert,WA,86,13,8,2002,181,85,40,38,41,52,63,48,47,32,40,45,41,59,62,51,47,48,57,71,46,63,83,66,82,85,70,65,28,48,37,75,49,63,18,5,15,15,19,5,5,6,11,5,18,9,9,5,23,1,10,1,6,1,1,3,1,1,1,1,5,1,4,1,574000,51,2,5,2024,22,12,2028,13,2025,Mid-Season Draft,Half Back Flanker,"Auto-classified from height + career goals-rate only (Aug 2026 pass, Tier B: lighter data, see Player Database note); OVR 53.",50,54,4,0,0,0,0,0,0,0,0,0,0,0,0,,
1699,Adelaide,Adelaide,1,28,Elliott,Himmelberg,SA,83,4,6,1998,198,96,36,51,43,33,47,35,40,44,28,40,32,44,46,49,54,41,26,55,55,58,74,47,72,44,75,62,80,40,39,67,36,66,6,5,5,9,5,5,5,5,20,5,5,11,5,5,18,10,1,5,5,1,1,8,1,4,7,3,14,7,10,11,278000,34,2,3,2026,11,2,2027,59,2016,National Draft,Medium Forward,"Auto-classified from height + career goals-rate only (Aug 2026 pass, Tier B: lighter data, see Player Database note); OVR 39.",37,39,50,0,0,0,0,0,0,49,0,0,0,0,0,-0.347,"2021,2022,2023,2024,2025"
1700,Fremantle,Fremantle,6,31,Ethan,Hughes,WA,89,7,12,1994,188,89,50,47,48,49,50,43,45,35,40,43,53,49,55,46,52,42,51,55,41,47,85,50,55,71,44,63,44,47,42,70,55,79,5,5,5,5,5,5,5,5,5,7,5,5,5,5,5,8,4,8,18,5,17,10,8,7,8,8,8,7,16,7,390000,15,9,12,2024,27,9,2029,13,2014,Rookie Draft,Medium Defender,"Auto-classified from height + career goals-rate only (Aug 2026 pass, Tier B: lighter data, see Player Database note); OVR 45.",46,47,107,0,0,0,0,0,0,6,0,0,0,0,0,,
1701,West Coast,West Coast,17,26,Callum,Jamieson,VIC,84,31,7,2000,200,94,75,50,40,31,31,37,48,35,52,58,52,36,46,33,35,45,52,57,32,78,66,36,79,52,72,76,50,83,46,58,37,52,5,5,5,9,5,5,8,7,5,7,18,8,5,5,5,3,4,8,5,5,3,8,8,5,5,1,3,1,1,1,390000,40,21,1,2024,15,11,2028,49,2019,National Draft,Key Defender,"Auto-classified from height + career goals-rate only (Aug 2026 pass, Tier B: lighter data, see Player Database note); OVR 45.",44,48,17,0,0,0,0,0,0,0,0,0,0,0,0,0.718,"2022,2023,2024,2025"
1702,West Coast,West Coast,17,20,Harvey,Johnston,QLD,87,18,8,2005,185,79,38,51,54,58,66,63,40,60,66,43,51,53,57,50,47,68,50,68,68,75,83,61,52,45,86,84,71,68,46,59,38,55,11,18,6,21,5,9,7,10,17,20,5,15,27,16,11,1,1,1,1,6,1,1,2,1,7,5,2,7,1,1,681000,24,24,12,2025,28,4,2028,49,2023,National Draft,Hybrid Mid Forward,"Auto-classified from height + career goals-rate only (Aug 2026 pass, Tier B: lighter data, see Player Database note); OVR 57.",57,62,12,0,0,0,0,0,0,3,0,0,0,0,0,-0.261,"2024,2025"
1703,West Coast,West Coast,17,27,Jamaine,Jones,WA,81,29,9,1998,180,81,48,39,49,59,66,54,41,47,68,41,39,58,57,54,44,59,56,52,43,58,79,69,81,88,37,72,42,46,36,67,57,68,8,5,7,5,5,6,9,5,5,6,5,5,7,7,5,2,1,15,1,1,6,7,1,5,7,6,2,6,9,8,599000,31,15,2,2024,16,5,2029,47,2017,Rookie Draft,Outside Mid,"Auto-classified from height + career goals-rate only (Aug 2026 pass, Tier B: lighter data, see Player Database note); OVR 54.",54,57,59,0,0,0,0,0,0,19,0,0,0,0,0,,
1704,Brisbane Lions,Brisbane Lions,2,29,Darragh,Joyce,QLD,88,23,4,1997,195,90,45,50,40,41,49,42,47,24,38,42,53,43,51,59,37,49,44,47,35,52,70,49,77,67,71,37,35,35,33,85,64,58,5,5,5,5,5,5,5,5,5,5,5,5,5,5,5,4,4,11,9,1,10,1,4,10,3,7,5,10,6,8,313000,41,14,3,2025,11,8,2028,57,2015,National Draft,Medium Defender,"Auto-classified from height + career goals-rate only (Aug 2026 pass, Tier B: lighter data, see Player Database note); OVR 41.",41,42,14,0,0,0,0,0,0,0,0,0,0,0,0,0.08,"2021,2022,2023,2024,2025"
1705,Western Bulldogs,Western Bulldogs,18,34,Alex,Keath,VIC,85,20,1,1992,197,93,48,51,49,31,47,46,49,41,42,49,45,47,54,51,46,44,53,59,54,47,73,51,29,38,82,34,48,49,59,75,56,77,5,5,5,5,5,5,5,5,5,5,5,5,5,5,5,16,14,12,18,15,18,17,6,15,14,10,10,9,16,17,411000,42,10,8,2025,8,8,2028,53,2010,National Draft,Medium Defender,"Auto-classified from height + career goals-rate only (Aug 2026 pass, Tier B: lighter data, see Player Database note); OVR 46.",46,47,79,0,0,0,0,0,0,4,0,0,0,0,0,,
1706,St Kilda,St Kilda,15,26,Max,King,VIC,88,7,7,2000,202,90,65,67,49,54,49,49,44,57,46,72,46,43,33,47,75,47,60,53,39,80,66,65,98,61,90,34,58,27,40,49,39,59,7,7,5,5,5,5,5,7,11,5,11,5,5,5,5,4,3,9,2,3,1,6,3,7,4,2,1,13,1,1,768000,12,2,4,2026,4,5,2029,42,2018,Rookie Draft,Key Forward,"Auto-classified from height + career goals-rate only (Aug 2026 pass, Tier B: lighter data, see Player Database note); OVR 60.",58,62,84,0,0,0,0,0,0,159,0,0,0,0,0,-0.581,"2021,2022,2023,2024,2025"
1707,Geelong,Geelong,7,30,Jake,Kolodjashnij,SA,92,9,8,1995,193,94,47,53,42,50,57,47,46,44,45,44,47,56,49,57,46,52,63,57,47,61,72,53,58,52,35,53,36,77,1,79,49,91,5,5,5,5,5,5,5,5,5,5,5,5,5,5,5,16,6,11,15,11,8,5,5,3,11,14,11,4,6,2,454000,8,16,12,2026,25,8,2027,41,2013,National Draft,Medium Defender,"Auto-classified from height + career goals-rate only (Aug 2026 pass, Tier B: lighter data, see Player Database note); OVR 48.",50,50,204,0,0,0,0,0,0,5,0,0,0,0,0,0.024,"2021,2022,2023,2024,2025"
1708,Port Adelaide,Port Adelaide,13,20,Josh,Lai,SA,91,1,10,2005,185,85,48,32,48,56,60,42,42,35,44,49,47,64,64,55,55,48,53,58,44,76,86,58,67,88,38,51,42,26,65,51,53,55,10,10,12,31,20,17,15,19,5,7,19,5,20,22,30,1,1,1,2,1,1,4,5,1,1,1,1,1,1,1,548000,43,9,3,2026,24,11,2027,48,2024,Father-Son,Half Back Flanker,"Auto-classified from height + career goals-rate only (Aug 2026 pass, Tier B: lighter data, see Player Database note); OVR 52.",52,64,8,0,0,0,0,0,0,0,0,0,0,0,0,,
1709,Gold Coast,Gold Coast,8,22,Caleb,Lewis,QLD,86,29,9,2003,198,85,36,46,45,51,44,38,39,42,36,46,46,45,48,44,41,42,39,55,30,50,87,46,71,43,78,62,56,23,45,70,62,58,15,5,12,17,16,13,17,6,5,5,5,14,14,5,13,1,5,7,1,1,5,1,1,2,2,1,3,2,1,1,296000,45,27,7,2026,14,7,2027,58,2022,National Draft,Medium Defender,"Auto-classified from height + career goals-rate only (Aug 2026 pass, Tier B: lighter data, see Player Database note); OVR 40.",39,49,2,0,0,0,0,0,0,0,0,0,0,0,0,,
1710,West Coast,West Coast,17,19,Josh,Lindsay,WA,93,7,4,2007,183,85,59,47,41,53,52,43,45,37,51,46,40,63,67,64,45,57,49,57,48,65,82,54,64,85,44,51,50,39,48,71,42,61,14,9,13,15,24,17,12,13,8,19,20,12,18,17,29,4,5,1,1,1,1,1,1,1,3,1,1,1,1,2,548000,5,15,8,2025,16,10,2029,19,2025,National Draft,Half Back Flanker,"Auto-classified from height + career goals-rate only (Aug 2026 pass, Tier B: lighter data, see Player Database note); OVR 52.",53,59,12,0,0,0,0,0,0,1,0,0,0,0,0,,
1711,Brisbane Lions,Brisbane Lions,2,34,Jarryd,Lyons,SA,83,22,7,1992,184,84,42,45,69,69,65,66,63,55,68,50,60,60,51,62,65,72,58,49,61,58,78,63,78,84,74,75,38,85,9,77,58,81,5,5,5,5,5,5,5,5,5,5,5,5,5,5,5,11,21,16,13,7,9,12,15,6,28,13,20,26,8,13,894000,17,8,11,2026,6,7,2028,61,2010,National Draft,Hybrid Mid Forward,"Auto-classified from height + career goals-rate only (Aug 2026 pass, Tier B: lighter data, see Player Database note); OVR 64.",64,65,102,0,0,0,0,0,0,37,0,0,0,0,0,,
1712,Gold Coast,Gold Coast,8,28,Darcy,Macpherson,QLD,88,29,10,1997,174,78,55,45,59,62,64,47,45,50,61,39,38,58,58,73,61,64,52,72,51,68,74,58,46,72,45,57,53,36,36,86,55,72,5,5,5,6,5,5,5,5,5,10,5,5,5,5,5,2,4,2,1,14,7,13,11,11,2,8,7,5,3,16,709000,44,2,5,2025,12,5,2028,44,2016,National Draft,Outside Mid,"Auto-classified from height + career goals-rate only (Aug 2026 pass, Tier B: lighter data, see Player Database note); OVR 58.",59,61,97,0,0,0,0,0,0,29,0,0,0,0,0,,
1713,Port Adelaide,Port Adelaide,13,27,Todd,Marshall,SA,83,8,10,1998,198,87,56,36,50,37,46,35,44,38,37,41,46,55,47,41,60,35,47,48,44,55,74,48,44,35,38,47,60,40,42,66,61,62,14,5,5,5,5,5,5,5,8,5,5,5,5,5,5,8,3,5,3,8,3,4,8,3,13,1,4,10,7,5,370000,4,11,8,2025,15,3,2029,16,2016,National Draft,Medium Forward,"Auto-classified from height + career goals-rate only (Aug 2026 pass, Tier B: lighter data, see Player Database note); OVR 44.",42,43,122,0,0,0,0,0,0,160,0,0,0,0,0,-0.702,"2021,2022,2023,2024,2025"
1714,Richmond,Richmond,14,35,Dustin,Martin,VIC,82,26,6,1991,187,93,66,61,60,61,68,56,52,67,70,66,46,60,60,81,68,72,70,55,53,63,81,72,38,67,80,65,30,47,21,77,60,99,5,5,5,5,5,5,5,5,5,5,5,5,5,5,5,10,19,7,16,14,11,16,10,15,30,13,21,22,14,6,1032000,4,11,8,2026,8,3,2029,3,2009,National Draft,Hybrid Mid Forward,"Auto-classified from real 20-game season profile (Aug 2026 pass, Tier A: full per-game-category real stats); OVR 68.",67,68,20,472,280,192,94,38,56,25,0,22,195,268,27,,
1715,Adelaide,Adelaide,1,26,Lachlan,McAndrew,SA,95,26,5,2000,209,101,36,61,56,46,46,65,49,48,60,46,60,37,37,52,49,50,48,46,57,84,78,37,83,90,65,58,40,27,46,63,61,60,5,10,5,5,9,11,5,5,5,5,5,5,5,5,5,3,8,1,1,1,1,5,3,8,1,3,1,1,2,4,477000,42,12,3,2025,11,1,2029,12,2020,Mid-Season Draft,Ruck,"Auto-classified from height + career goals-rate only (Aug 2026 pass, Tier B: lighter data, see Player Database note); OVR 49.",48,50,16,0,0,0,0,0,0,4,0,0,0,0,0,,
1716,Brisbane Lions,Brisbane Lions,2,32,Lincoln,McCarthy,QLD,78,22,10,1993,176,84,55,45,43,48,58,48,52,48,41,53,53,41,41,55,54,37,43,53,47,67,88,52,89,81,51,60,42,33,34,93,45,95,5,6,5,5,5,5,5,5,5,5,5,5,5,5,5,13,11,11,4,19,16,5,12,13,26,18,9,3,18,14,411000,11,5,9,2025,1,5,2028,66,2011,National Draft,Small Forward,"Auto-classified from height + career goals-rate only (Aug 2026 pass, Tier B: lighter data, see Player Database note); OVR 46.",46,47,130,0,0,0,0,0,0,148,0,0,0,0,0,-0.584,"2021,2022,2023,2024,2025"
1717,Sydney,Sydney,16,24,Logan,McDonald,NSW,88,4,4,2002,196,86,44,51,29,43,47,43,33,46,33,42,38,48,45,35,57,39,36,55,42,52,86,55,74,85,71,79,59,44,36,68,42,45,13,13,5,5,5,7,5,5,5,9,5,5,14,5,5,1,1,1,1,1,1,1,1,1,1,1,1,1,1,1,313000,6,4,1,2025,26,11,2027,4,2020,National Draft,Medium Forward,"Auto-classified from height + career goals-rate only (Aug 2026 pass, Tier B: lighter data, see Player Database note); OVR 41.",40,46,85,0,0,0,0,0,0,119,0,0,0,0,0,0.388,"2021,2022,2023,2024,2025"
1718,Adelaide,Adelaide,1,26,Ned,McHenry,SA,88,13,7,2000,179,70,48,41,37,39,40,37,39,50,44,46,41,36,44,46,54,33,51,43,46,71,80,51,47,68,45,63,75,47,19,67,55,57,5,5,5,11,5,11,5,5,5,5,5,5,5,8,5,3,6,1,11,2,8,4,2,1,3,4,1,4,3,3,278000,25,16,3,2024,18,3,2027,16,2018,National Draft,Small Forward,"Auto-classified from height + career goals-rate only (Aug 2026 pass, Tier B: lighter data, see Player Database note); OVR 39.",39,41,70,0,0,0,0,0,0,32,0,0,0,0,0,,
1719,West Coast,West Coast,17,26,Milan,Murdock,WA,96,30,6,2000,180,85,35,46,40,37,46,38,41,40,31,52,35,39,52,39,63,37,51,60,40,69,75,46,61,69,43,45,35,31,67,60,60,68,6,5,13,5,9,9,13,14,5,5,5,5,5,14,6,1,4,4,7,7,7,3,1,8,2,3,8,7,1,1,296000,47,28,4,2026,12,3,2028,58,2018,National Draft,Small Forward,"Auto-classified from height + career goals-rate only (Aug 2026 pass, Tier B: lighter data, see Player Database note); OVR 40.",40,43,14,0,0,0,0,0,0,12,0,0,0,0,0,,
1720,Adelaide,Adelaide,1,22,Toby,Murray,VIC,97,3,11,2003,200,85,68,57,41,39,36,28,31,49,36,51,45,54,48,45,55,38,53,49,46,94,54,38,65,89,37,66,55,51,48,63,51,68,10,27,11,16,11,5,5,6,26,13,13,9,12,5,5,1,1,1,6,3,1,1,10,3,1,3,2,4,5,1,390000,39,12,2,2024,15,9,2027,7,2023,Mid-Season Draft,Key Forward,"Auto-classified from height + career goals-rate only (Aug 2026 pass, Tier B: lighter data, see Player Database note); OVR 45.",46,52,9,0,0,0,0,0,0,7,0,0,0,0,0,,
1721,Gold Coast,Gold Coast,8,19,Jai,Murray,QLD,96,1,7,2007,185,85,54,48,50,60,47,37,55,38,43,32,35,66,61,57,45,52,52,65,53,57,87,63,96,85,83,47,38,29,57,62,61,39,16,12,17,18,24,18,7,28,8,21,14,12,10,13,19,1,1,1,1,1,4,1,1,5,1,1,1,1,6,5,548000,35,6,5,2025,4,6,2028,17,2025,National Draft,Half Back Flanker,"Auto-classified from height + career goals-rate only (Aug 2026 pass, Tier B: lighter data, see Player Database note); OVR 52.",53,60,9,0,0,0,0,0,0,0,0,0,0,0,0,,
1722,Carlton,Carlton,3,33,Nic,Newman,VIC,86,15,1,1993,187,83,47,36,43,55,39,54,47,44,50,43,50,56,45,53,40,47,48,52,58,51,70,62,63,87,86,44,40,43,44,72,62,81,5,5,5,5,5,5,5,5,5,5,5,5,5,5,5,11,15,6,28,8,13,13,9,5,5,10,21,10,16,8,370000,24,28,5,2024,11,2,2029,55,2011,National Draft,Medium Defender,"Auto-classified from height + career goals-rate only (Aug 2026 pass, Tier B: lighter data, see Player Database note); OVR 44.",46,49,117,0,0,0,0,0,0,11,0,0,0,0,0,0.731,"2021,2022,2023,2024,2025"
1723,Greater Western Sydney,Greater Western Sydney,9,20,Harrison,Oliver,VIC,80,15,6,2006,181,85,49,47,64,65,68,48,50,38,45,46,52,62,52,54,46,49,66,55,50,55,91,60,76,71,66,65,55,52,51,73,45,43,20,17,24,14,26,14,16,12,15,12,5,15,5,14,29,1,1,1,1,4,1,4,1,1,6,1,1,3,2,1,626000,19,15,9,2024,2,6,2028,46,2024,National Draft,Outside Mid,"Auto-classified from height + career goals-rate only (Aug 2026 pass, Tier B: lighter data, see Player Database note); OVR 55.",55,69,5,0,0,0,0,0,0,1,0,0,0,0,0,,
1724,Greater Western Sydney,Greater Western Sydney,9,19,Jack,Ough,NSW,97,1,7,2007,194,85,56,38,41,47,40,49,39,27,42,46,52,48,55,47,33,50,47,54,49,63,86,46,38,75,37,62,33,43,38,44,59,62,5,11,20,16,27,17,6,14,14,14,14,15,15,23,16,1,3,1,1,1,1,1,1,1,1,1,2,4,2,1,332000,28,24,4,2026,2,10,2029,36,2024,National Draft,Medium Defender,"Auto-classified from height + career goals-rate only (Aug 2026 pass, Tier B: lighter data, see Player Database note); OVR 42.",43,50,5,0,0,0,0,0,0,1,0,0,0,0,0,,
1725,Geelong,Geelong,7,28,Brandan,Parfitt,WA,93,27,4,1998,180,79,37,49,37,40,57,47,56,47,34,42,40,43,48,54,59,36,49,56,41,59,77,61,71,39,63,56,51,76,43,73,52,61,5,5,5,5,9,5,5,7,5,5,8,5,6,5,5,16,14,5,8,12,3,7,7,4,10,13,9,6,11,6,370000,3,16,2,2026,18,9,2028,26,2016,National Draft,Small Forward,"Auto-classified from height + career goals-rate only (Aug 2026 pass, Tier B: lighter data, see Player Database note); OVR 44.",45,46,130,0,0,0,0,0,0,48,0,0,0,0,0,,
1726,Adelaide,Adelaide,1,24,Patrick,Parnell,SA,94,4,3,2002,177,71,21,37,38,43,44,43,49,34,41,27,45,40,41,44,23,22,19,49,36,73,77,37,71,73,55,61,64,41,50,55,38,60,5,5,9,10,5,14,12,5,5,5,7,9,5,6,6,1,1,1,1,1,1,1,1,1,2,4,9,2,1,3,175000,37,4,1,2026,24,11,2028,4,2020,Mid-Season Draft,Back Pocket,"Auto-classified from height + career goals-rate only (Aug 2026 pass, Tier B: lighter data, see Player Database note); OVR 32.",32,35,17,0,0,0,0,0,0,0,0,0,0,0,0,,
1727,Gold Coast,Gold Coast,8,19,Dylan,Patterson,VIC,87,1,7,2007,184,85,41,41,38,24,40,31,30,42,35,32,35,50,46,41,52,27,27,43,43,55,89,34,70,84,55,69,49,58,56,56,63,49,22,11,12,16,18,7,19,12,15,19,15,10,11,9,14,7,7,1,1,1,1,1,1,1,3,12,3,7,1,1,188000,30,23,3,2024,7,8,2029,5,2025,National Draft,Medium Forward,"Auto-classified from height + career goals-rate only (Aug 2026 pass, Tier B: lighter data, see Player Database note); OVR 33.",31,42,5,0,0,0,0,0,0,3,0,0,0,0,0,,
1728,Richmond,Richmond,14,34,Marlion,Pickett,VIC,95,6,1,1992,184,84,57,49,58,60,55,62,58,54,66,42,61,50,56,67,66,73,65,52,65,58,73,67,58,39,69,71,46,42,55,75,49,81,5,5,5,5,5,5,5,5,5,5,5,5,5,5,5,14,10,10,17,18,12,10,15,10,25,5,22,28,11,10,830000,50,9,10,2025,5,2,2029,40,2010,National Draft,Hybrid Mid Forward,"Auto-classified from height + career goals-rate only (Aug 2026 pass, Tier B: lighter data, see Player Database note); OVR 62.",62,63,91,0,0,0,0,0,0,27,0,0,0,0,0,,
1729,Sydney,Sydney,16,35,Gary,Rohan,NSW,92,7,6,1991,189,92,45,44,39,44,53,37,35,50,33,46,42,42,40,39,56,43,35,56,43,57,66,54,77,80,55,60,47,49,20,82,52,76,5,5,5,5,5,5,5,5,5,5,5,5,5,5,5,27,10,11,11,14,16,16,10,7,27,5,15,19,14,13,332000,16,14,6,2025,22,8,2029,6,2009,National Draft,Medium Forward,"Auto-classified from height + career goals-rate only (Aug 2026 pass, Tier B: lighter data, see Player Database note); OVR 42.",41,41,106,0,0,0,0,0,0,96,0,0,0,0,0,,
1730,St Kilda,St Kilda,15,33,Sebastian,Ross,NSW,94,7,5,1993,188,88,47,51,47,54,53,49,37,36,39,48,52,60,57,59,35,58,67,59,50,55,85,53,68,70,44,65,43,83,29,88,61,80,5,5,5,5,5,5,5,5,5,5,5,5,5,5,5,18,17,15,27,14,19,17,14,14,14,9,17,9,17,7,477000,6,21,1,2024,20,3,2029,25,2011,National Draft,Medium Defender,"Auto-classified from height + career goals-rate only (Aug 2026 pass, Tier B: lighter data, see Player Database note); OVR 49.",51,52,211,0,0,0,0,0,0,36,0,0,0,0,0,,
1731,West Coast,West Coast,17,28,Josh,Rotham,WA,96,25,2,1998,193,86,46,42,35,49,50,44,35,39,43,51,50,46,42,49,38,42,53,45,47,66,73,45,55,38,60,37,68,41,41,75,35,73,5,5,5,5,5,10,5,5,5,5,5,5,5,5,5,1,7,6,10,7,5,4,1,2,11,1,3,5,14,6,296000,35,15,5,2025,18,3,2027,37,2016,National Draft,Medium Defender,"Auto-classified from height + career goals-rate only (Aug 2026 pass, Tier B: lighter data, see Player Database note); OVR 40.",42,43,72,0,0,0,0,0,0,2,0,0,0,0,0,,
1732,Brisbane Lions,Brisbane Lions,2,28,Brandon,Ryan,QLD,92,7,11,1997,200,91,52,59,45,53,37,40,35,46,42,62,36,42,33,36,55,47,49,48,48,76,45,51,79,67,72,51,59,23,52,70,47,39,4,4,4,4,4,5,4,4,4,6,4,4,4,9,7,4,14,1,11,12,6,5,1,7,1,4,6,1,10,1,477000,24,2,10,2024,13,9,2028,51,2016,Rookie Draft,Key Forward,"Auto-classified from height + career goals-rate only (Aug 2026 pass, Tier B: lighter data, see Player Database note); OVR 49.",46,48,1,0,0,0,0,0,0,1,0,0,0,0,0,-3.029,"2023,2024,2025"
1733,Fremantle,Fremantle,6,20,Chris,Scerri,WA,88,6,7,2006,177,85,41,42,35,56,63,56,45,38,67,37,51,59,55,66,49,62,50,68,57,52,77,66,69,71,70,54,49,34,52,50,40,69,5,8,13,8,28,15,9,12,6,8,18,14,14,5,25,1,1,1,3,1,1,7,5,6,1,11,1,6,1,4,626000,45,25,5,2026,18,11,2027,46,2024,National Draft,Outside Mid,"Auto-classified from height + career goals-rate only (Aug 2026 pass, Tier B: lighter data, see Player Database note); OVR 55.",55,64,7,0,0,0,0,0,0,1,0,0,0,0,0,,
1734,Western Bulldogs,Western Bulldogs,18,31,Anthony,Scott,VIC,80,28,2,1995,180,76,34,51,40,37,34,33,39,45,54,32,51,44,43,57,46,37,44,45,52,74,76,43,48,46,37,30,77,24,55,83,48,59,5,5,5,5,5,5,5,5,5,5,5,5,5,5,5,9,19,9,3,25,5,5,6,7,19,12,2,10,8,3,246000,28,18,10,2025,3,5,2027,60,2013,National Draft,Small Forward,"Auto-classified from height + career goals-rate only (Aug 2026 pass, Tier B: lighter data, see Player Database note); OVR 37.",38,39,59,0,0,0,0,0,0,29,0,0,0,0,0,-0.297,"2021,2022,2023,2024,2025"
1735,West Coast,West Coast,17,31,Dom,Sheed,VIC,89,10,4,1995,185,87,52,53,59,55,66,61,62,59,70,39,53,56,66,66,61,68,54,59,74,56,69,67,60,48,71,71,54,63,31,91,50,75,4,4,7,4,10,4,4,4,4,4,4,4,4,4,4,6,5,10,6,8,10,3,8,12,20,12,18,19,16,14,894000,4,11,5,2026,15,1,2027,11,2013,National Draft,Hybrid Mid Forward,"Auto-classified from height + career goals-rate only (Aug 2026 pass, Tier B: lighter data, see Player Database note); OVR 64.",62,63,165,0,0,0,0,0,0,69,0,0,0,0,0,-1.045,"2021,2022,2023,2024,2025"
1736,North Melbourne,North Melbourne,12,27,Jaidyn,Stephenson,VIC,89,15,1,1999,188,78,46,43,48,43,52,47,42,48,25,47,40,42,51,41,37,40,32,41,37,52,74,57,62,82,87,46,63,27,46,79,43,77,9,5,5,5,5,5,10,5,5,5,5,5,8,5,6,11,1,9,5,2,1,2,4,1,4,1,7,8,5,10,262000,2,6,4,2026,18,7,2029,6,2017,National Draft,Medium Forward,"Auto-classified from height + career goals-rate only (Aug 2026 pass, Tier B: lighter data, see Player Database note); OVR 38.",38,39,68,0,0,0,0,0,0,54,0,0,0,0,0,,
1737,Adelaide,Adelaide,1,30,Kieran,Strachan,SA,79,5,10,1995,204,95,40,52,56,42,42,65,65,32,48,47,51,39,37,36,36,43,49,60,60,86,49,39,40,70,89,57,36,32,61,84,47,70,4,4,4,4,4,4,4,4,4,4,4,4,4,4,6,12,25,11,4,7,7,12,37,1,14,13,1,15,7,15,390000,45,1,6,2025,19,2,2028,54,2014,National Draft,Ruck,"Auto-classified from height + career goals-rate only (Aug 2026 pass, Tier B: lighter data, see Player Database note); OVR 45.",43,44,7,0,0,0,0,0,0,1,0,0,0,0,0,-1.51,"2021,2022,2025"
1738,Fremantle,Fremantle,6,26,Sam,Sturt,WA,82,12,5,2000,189,72,38,46,39,38,51,31,36,48,50,48,42,43,36,39,49,37,40,48,37,56,68,57,57,43,52,65,44,24,26,58,55,52,12,6,6,6,6,15,6,6,6,6,8,6,8,6,10,2,8,7,1,3,3,1,1,1,1,2,1,1,4,1,262000,1,17,3,2025,27,6,2029,17,2018,National Draft,Medium Forward,"Auto-classified from height + career goals-rate only (Aug 2026 pass, Tier B: lighter data, see Player Database note); OVR 38.",37,42,31,0,0,0,0,0,0,43,0,0,0,0,0,1.267,"2021,2023,2024,2025"
1739,Fremantle,Fremantle,6,33,Matthew,Taberner,WA,87,17,6,1993,198,99,51,54,43,54,34,37,40,43,30,47,46,34,45,40,55,42,43,42,62,48,72,58,60,62,35,61,54,23,36,82,53,81,5,5,5,5,5,5,5,5,5,5,5,5,5,5,5,20,8,14,9,18,17,12,5,12,18,15,8,15,17,7,313000,20,3,11,2024,15,12,2027,11,2012,Rookie Draft,Medium Forward,"Auto-classified from height + career goals-rate only (Aug 2026 pass, Tier B: lighter data, see Player Database note); OVR 41.",43,43,125,0,0,0,0,0,0,173,0,0,0,0,0,,
1740,North Melbourne,North Melbourne,12,26,Curtis,Taylor,VIC,95,6,4,2000,187,78,44,57,52,57,61,63,61,57,77,49,52,56,68,55,63,60,60,70,59,59,70,61,99,56,82,30,52,23,28,74,60,58,12,5,9,14,5,14,15,5,18,12,5,9,5,6,5,7,11,4,6,8,8,2,1,1,1,1,1,5,7,1,799000,5,1,1,2024,16,11,2027,46,2018,National Draft,Hybrid Mid Forward,"Auto-classified from height + career goals-rate only (Aug 2026 pass, Tier B: lighter data, see Player Database note); OVR 61.",61,62,76,0,0,0,0,0,0,33,0,0,0,0,0,,
1741,West Coast,West Coast,17,24,Zane,Trew,WA,84,26,4,2002,187,81,49,44,70,41,64,63,52,61,61,34,48,57,53,53,58,64,46,69,53,62,75,65,70,65,48,47,56,27,41,56,45,55,9,5,5,10,6,5,8,10,16,13,11,16,24,5,5,11,1,6,8,1,7,6,4,3,1,1,1,1,1,1,653000,26,8,11,2024,28,7,2028,12,2020,Rookie Draft,Hybrid Mid Forward,"Auto-classified from height + career goals-rate only (Aug 2026 pass, Tier B: lighter data, see Player Database note); OVR 56.",56,58,13,0,0,0,0,0,0,4,0,0,0,0,0,,
1742,Geelong,Geelong,7,36,Zach,Tuohy,VIC,92,10,12,1989,187,93,49,44,62,47,65,86,53,57,60,47,60,60,52,75,57,77,56,60,60,52,76,70,77,49,74,65,48,38,34,84,57,83,5,5,5,5,5,5,5,5,5,5,5,5,5,5,5,15,14,13,18,9,11,16,20,17,21,8,30,31,21,23,830000,2,16,11,2026,26,12,2029,40,2008,National Draft,Hybrid Mid Forward,"Auto-classified from height + career goals-rate only (Aug 2026 pass, Tier B: lighter data, see Player Database note); OVR 62.",64,65,168,0,0,0,0,0,0,61,0,0,0,0,0,,
1743,Gold Coast,Gold Coast,8,24,Jamarra,Ugle-Hagan,QLD,94,4,4,2002,194,84,47,43,47,55,62,33,34,43,24,49,35,49,38,32,56,38,32,44,43,72,74,57,76,78,47,41,41,44,52,63,55,66,24,21,9,5,16,5,15,5,5,7,15,5,12,11,8,2,3,1,1,4,1,5,1,3,1,2,2,2,1,3,313000,9,12,11,2024,3,11,2027,1,2020,National Draft,Medium Forward,"Auto-classified from height + career goals-rate only (Aug 2026 pass, Tier B: lighter data, see Player Database note); OVR 41.",41,50,3,0,0,0,0,0,0,4,0,0,0,0,0,0.728,"2021,2022,2023,2024,2025"
1744,Gold Coast,Gold Coast,8,19,Zeke,Uwland,QLD,93,1,7,2007,179,85,38,49,31,47,40,35,35,50,38,32,38,35,41,35,47,35,44,50,38,76,94,39,87,70,70,59,49,43,40,80,58,64,15,5,9,13,42,11,17,6,14,38,24,16,5,19,5,1,1,2,8,3,1,1,2,8,1,1,5,1,1,1,202000,32,10,8,2025,14,8,2027,2,2025,National Draft,Small Forward,"Auto-classified from height + career goals-rate only (Aug 2026 pass, Tier B: lighter data, see Player Database note); OVR 34.",35,49,16,0,0,0,0,0,0,7,0,0,0,0,0,,
1745,Fremantle,Fremantle,6,35,Michael,Walters,WA,89,7,1,1991,178,78,54,53,54,48,40,45,42,46,37,37,53,54,44,61,46,45,49,59,53,71,81,63,57,60,69,52,39,36,35,79,56,95,4,4,4,4,4,4,4,4,4,4,4,4,4,4,4,14,19,8,17,40,22,18,11,13,24,34,9,17,14,12,432000,10,15,6,2025,28,8,2029,53,2008,National Draft,Small Forward,"Auto-classified from height + career goals-rate only (Aug 2026 pass, Tier B: lighter data, see Player Database note); OVR 47.",45,46,239,0,0,0,0,0,0,365,0,0,0,0,0,-0.925,"2021,2022,2023,2024,2025"
1746,Port Adelaide,Port Adelaide,13,25,Jack,Watkins,SA,96,18,12,2000,176,85,42,48,57,57,56,46,51,53,59,51,51,51,54,62,52,56,53,53,47,59,77,67,77,45,43,74,42,28,58,73,48,52,8,5,5,8,10,16,5,5,5,5,12,18,5,15,11,7,1,1,3,5,1,2,1,1,1,1,1,12,1,7,574000,37,23,4,2026,23,9,2027,4,2025,Rookie Draft,Outside Mid,"Auto-classified from height + career goals-rate only (Aug 2026 pass, Tier B: lighter data, see Player Database note); OVR 53.",53,55,9,0,0,0,0,0,0,3,0,0,0,0,0,,
1747,Western Bulldogs,Western Bulldogs,18,25,Cody,Weightman,VIC,86,15,1,2001,177,73,45,43,48,62,41,39,42,48,38,59,48,32,41,49,57,48,45,50,47,71,83,51,71,64,65,43,48,27,30,73,44,74,5,5,5,5,12,8,10,11,5,7,7,9,5,11,5,1,8,1,6,4,1,1,3,4,4,1,6,1,1,1,370000,19,16,5,2024,9,6,2028,15,2019,National Draft,Small Forward,"Auto-classified from height + career goals-rate only (Aug 2026 pass, Tier B: lighter data, see Player Database note); OVR 44.",42,46,78,0,0,0,0,0,0,127,0,0,0,0,0,0.2,"2021,2022,2023,2024,2025"
1748,West Coast,West Coast,17,27,Alex,Witherden,SA,78,10,9,1998,188,85,55,38,39,40,43,29,45,25,48,43,49,50,46,58,42,49,55,61,43,51,77,51,83,77,40,60,51,50,31,78,44,74,5,11,5,5,5,5,5,5,5,5,5,5,5,5,5,2,10,4,7,1,8,1,5,6,1,3,7,7,3,1,332000,23,17,6,2025,28,12,2027,23,2016,National Draft,Medium Defender,"Auto-classified from height + career goals-rate only (Aug 2026 pass, Tier B: lighter data, see Player Database note); OVR 42.",44,45,62,0,0,0,0,0,0,3,0,0,0,0,0,,
1749,West Coast,West Coast,17,32,Elliot,Yeo,WA,78,1,10,1993,190,89,49,42,37,45,41,49,33,50,44,45,41,54,51,57,37,41,41,47,50,58,67,51,55,48,44,65,40,48,29,62,37,93,5,5,5,5,5,5,5,5,5,5,5,5,5,5,5,18,13,9,4,12,17,10,12,1,19,8,8,13,11,4,296000,6,12,11,2024,25,7,2029,30,2011,National Draft,Medium Forward,"Auto-classified from height + career goals-rate only (Aug 2026 pass, Tier B: lighter data, see Player Database note); OVR 40.",41,42,200,0,0,0,0,0,0,96,0,0,0,0,0,0.499,"2021,2022,2023,2024,2025"
1750,Port Adelaide,Port Adelaide,13,22,Mitch,Zadow,SA,79,11,3,2004,180,85,45,37,40,51,60,44,49,38,49,46,36,71,63,62,39,53,53,56,48,47,84,51,90,90,44,49,41,50,51,70,54,43,6,10,13,5,8,17,5,10,23,5,15,5,6,5,22,3,1,1,1,4,1,1,1,10,1,1,7,5,1,1,548000,39,12,8,2026,20,9,2029,48,2022,National Draft,Half Back Flanker,"Auto-classified from height + career goals-rate only (Aug 2026 pass, Tier B: lighter data, see Player Database note); OVR 52.",52,61,1,0,0,0,0,0,0,0,0,0,0,0,0,,
1751,Brisbane Lions,Brisbane Lions,2,20,Zane,Zakostelsky,QLD,96,14,12,2005,196,85,50,48,68,61,52,61,62,52,71,57,48,54,49,62,57,59,56,67,70,55,96,51,87,38,63,63,25,42,51,57,65,44,14,7,9,16,10,12,16,13,23,11,10,20,27,14,13,1,1,1,1,1,3,5,1,3,2,1,4,1,1,1,709000,21,11,1,2024,8,6,2028,51,2023,National Draft,Hybrid Mid Forward,"Auto-classified from height + career goals-rate only (Aug 2026 pass, Tier B: lighter data, see Player Database note); OVR 58.",59,67,3,0,0,0,0,0,0,1,0,0,0,0,0,,
